tau1,tau2,tau3,tau4,p1,p2,p3,p4,g1,g2,g3,g4,stab,stabf
6.551136029553816,9.784170129081096,6.233008303179802,6.672336991286386,0.6338842535156242,0.2720276557085559,-0.0371354175443348,1.6607976842627394,0.3340315301967177,0.458161668081353,0.9547815205035305,0.27363446775299954,0.012998582700079735,unstable
3.062973780756768,1.0703919468425456,5.367134833719689,8.35909941267153,0.8594355710640413,1.8499442688023535,0.19760282882614,-0.6689535794306423,0.11258128857964644,0.8162164099987359,0.512717694245327,0.8707770085119984,-0.01691246207170221,stable
0.8892484773938496,9.220108001955175,4.8610880002983325,1.1329863505912727,0.8329008494855366,1.0648206383259486,-0.6679260999110648,-1.5026226319777227,0.4749463047142684,0.7767305143268539,0.7058375859685939,0.4818531575507442,-0.021938260737205728,stable
0.6570125375210264,3.1553492654972537,8.756550211711275,1.949952725424905,-0.8800182058698884,1.3325290469720668,0.6815898814135464,1.1989204269039702,0.8097570437484031,0.0861616667115398,0.4503210201258943,0.18397476768388982,-0.021353910640962488,stable
8.226067272402588,1.2399274604408164,8.123587674771994,9.18393246835303,1.7902680943707212,0.2777393058074482,0.12591227376735992,0.7734788975760654,0.8668680018898897,0.775208604848656,0.8521968721884379,0.16729287157521072,0.0036259554374100857,unstable
9.171177984138357,6.434135168542335,4.800300159242345,9.295648175569907,-0.04554543800451594,0.4303311010034969,1.1828379338679058,-0.6794500758331203,0.7631116463521685,0.23361194046619238,0.7417380980869346,0.9759728762827826,0.01068098091279196,unstable
6.263039869788209,9.014246467456717,2.5813905910744195,3.9755521167611576,0.8407403197187433,0.5166508150474454,-1.9894371103922586,1.173587351663456,0.179110136065822,0.7848731065291218,0.21870727057291994,0.1541706334891751,-0.0020987331205839406,stable
7.430217329347985,3.9809491909286177,0.7844465197836394,6.275765336064062,0.7982557493263025,-0.9362502876784577,1.812809941564732,-1.826988970627148,0.14003314973435216,0.6012323593919532,0.8188436090222468,0.1270468522106772,-0.012257333911485391,stable
5.664437418921517,3.7928985367520847,3.8133801001206806,1.0622711284144994,1.6055879292105355,0.4960182777658595,1.7220748153517702,1.6715825966436335,0.19424283054962682,0.8044034471942069,0.35117864561571355,0.9637853744037883,-0.02573558352829472,stable
9.383188025983799,2.9925104625341934,7.890522326384146,6.009745995984748,0.497630673648656,1.896292444183488,-1.3706988843706824,0.44270844656393216,0.07285189839904052,0.4724966430254814,0.7991835538478506,0.9493998396287928,0.004220257352711386,unstable
8.250608764154556,3.456848290723185,1.268687553773054,1.6969830755554112,0.7354645316660737,1.1928474420665256,-1.6552658935639037,0.6150706486651956,0.894831185204223,0.5153193088769172,0.41069362819377625,0.2681176178457481,-0.023761989490087808,stable
0.5260157516164069,1.1415514807568385,7.97087353987291,5.123685141908347,-1.26345461567902,-0.5109588808567818,0.2464269197070017,1.7052561251199085,0.16825897446978783,0.14231882423723347,0.6812462007326544,0.9004770109317879,-0.022556190266471064,stable
8.64534062758191,5.300075243762487,2.2939655113534494,0.8421281692366367,-0.2660620620728755,0.9201892147160109,0.13248460224130376,1.5880723991526922,0.586149282733728,0.42732677024496274,0.4256349555371149,0.19547455588159401,-0.01546915394215079,stable
0.8190629654019114,3.744896766435807,9.09007721181877,7.746248987392152,0.8730713245865793,-0.8839683047513684,1.7218522383652575,1.3551590913458704,0.7144250857384222,0.5809366740583278,0.8348904773296502,0.6010533345868365,-0.010155813030944585,stable
7.431726741084469,2.0783518381726926,1.6705655872846785,4.173449366073077,-0.883494107338636,1.9505488385060525,1.1075476577312293,1.466275367750887,0.6085740699531768,0.21857634160310518,0.433208144825799,0.674824068952598,-0.021290679295136103,stable
2.168728395724311,7.362517174891607,3.555755584574823,9.338429644007938,-1.0774385733476461,-1.0931222879299543,-0.20559255904666518,1.043053800208296,0.17452612799798065,0.26467382215865315,0.9203252194518085,0.37960908041878005,-0.0026320942521394185,stable
8.700199762323923,8.985752816834168,3.5280836456104314,1.258079434319523,0.755337426102237,1.474085300866658,-0.6209588124465144,-0.5781317886310569,0.07440611535101636,0.05061273063304266,0.4002578934561985,0.40585929392897324,0.0015246089808739517,unstable
5.643881592366371,8.167966843041436,9.977663234836974,9.278338312050433,-1.7695044473736417,1.5374060645047711,0.2152611545621026,-0.247815282314384,0.8045841317819473,0.4976074981138724,0.5376575934092203,0.5073854913826015,0.02093345138229983,unstable
3.3472629601051556,1.7876921120689224,3.912503558681959,0.8059527939283322,1.2446998433374148,-1.2531081259603307,1.1658576238809775,0.4612216434144272,0.5336197655430996,0.09286822165513062,0.272867521621898,0.17565521098037584,-0.030741525037041598,stable
4.515528601377755,9.178630689788312,7.56745288857419,9.106302718441249,-1.7179840486083129,0.496500272078519,-1.2771679406540963,1.7199868848125233,0.46104315945530383,0.36662991194438665,0.3736299303166297,0.9351154334442203,0.015237695069651051,unstable
0.7690368758818982,4.383676591703012,3.770658231761149,6.669732085261716,-1.912875272131516,-1.1202682047493306,-0.5961514762795135,1.0375680977776334,0.5991417476062815,0.5386140046650146,0.9268632265923524,0.7200350229281829,-0.024940510547439718,stable
1.6806911267458575,9.188577582717247,4.860971245736325,6.141511903799051,0.3095856292646335,1.521543891708955,-0.41672534098380654,-1.631176509278998,0.6700041935622024,0.23991414832574254,0.12009910934443237,0.09592545011157244,-0.0009503348592235566,stable
6.870931939589488,1.2945480430907392,6.593948127293137,2.4182518959692807,1.1149441602668801,-0.37668297916608795,1.5248928381026037,0.4210702835399869,0.6955356596528807,0.5980773272107375,0.4068372664868572,0.4577355371993751,-0.017846728937892645,stable
6.648300359955376,9.846004270395918,5.353614516002168,9.238580280491243,-1.576415420027292,-1.842697301828228,0.4838355552981244,0.48309649079864725,0.7984511390772511,0.9342845841686123,0.2649442039043134,0.536897564969406,0.015043361106513845,unstable
6.346158559071911,1.4190253277508003,2.642293325202768,0.9946113885822472,-1.4945415638507473,-0.1197428151755271,-0.48395461409185536,-1.8100380049357643,0.5799610394227998,0.8628313002801951,0.7996978053635903,0.6243301434601994,-0.03582887994111461,stable
4.144936765487893,7.581535676079182,2.085774723514204,8.48729332333465,1.482368638808028,-0.8870919379660789,0.009297257471421183,-1.8676546522438997,0.05229515680835789,0.8685296951129144,0.6370240541008853,0.06267251697918153,-0.0023537558939668787,stable
9.973494389997505,7.286923300029945,9.465105359567744,9.892910427398693,-0.9651027553718885,1.4465365511524548,1.2218566338004924,0.03690658529383173,0.05007541918706356,0.2542074094594356,0.196756185085033,0.13312367581889148,0.0383752702447326,unstable
9.817935718374185,7.693091592395799,6.217667852245795,3.9009801388772227,1.956828373582923,1.0390096922863115,-1.016438458845935,-0.99135429674994,0.7960236256521088,0.2384197875910996,0.9319683314139607,0.3669031193063063,0.007407613934915127,unstable
7.0126488525666,2.8243085173827573,4.801214434573784,6.856750083693583,-0.0651315881545651,-0.22893548848160217,-0.9693505167435919,0.7378602078688812,0.353811349380206,0.2111165308615613,0.860111562109943,0.1157718617491067,-0.003966751799962282,stable
6.679363124544254,7.605331691332259,4.562611221327938,8.673082017750167,-0.22767129590059554,1.5392307582357962,1.3713779418018848,1.4503965108058265,0.23657565466774821,0.12560185597185303,0.6698813691113701,0.4716148776002844,0.011282601350630254,unstable
7.040243940423931,5.372561334221625,9.14747796520594,5.740628499329716,-0.24141948676886082,1.024827662356059,0.6998409396275069,0.7756336005151776,0.5915196485496393,0.9734397754185882,0.20731030259941785,0.4726773854681466,0.0070275437877740776,unstable
4.1947535278014865,0.9469696910672762,2.7365158164759475,0.6674200572090849,-0.9803074522763802,-1.565431877735076,-0.081269435405531,-0.2380035858231464,0.9652391457997875,0.2068529558683086,0.8424629864858909,0.2066576434808874,-0.039741915926789884,stable
1.7834167977129065,1.4265264135473417,2.602635084135765,2.8490404353915073,-1.212453007905959,1.5071684061308712,1.5308224309214564,-1.64229210133117,0.4778895587036754,0.6899624081635426,0.5332196998298349,0.5251795510621624,-0.03947720926182728,stable
7.354139231843776,3.162254416476208,7.250953789111269,6.310700163461131,1.7119674826164304,1.8694130061250815,-1.7814903086494427,1.8980175344742167,0.9208540147058875,0.8299628827910741,0.8428449939794479,0.3521831515015941,-0.004534106212659065,stable
5.4908660635193955,8.550764993414223,3.879488339369309,1.997955390938154,-0.32284480615910516,-1.6537315287032701,-1.4710780002208845,-1.423871013147548,0.8791116168349751,0.46083525024858873,0.35524798622200754,0.6169108033462287,-0.011762841315156302,stable
3.4472978178100786,4.54303627612838,5.957627752210258,1.184533159478895,0.22717318311705625,0.5832307184844856,-0.5277784995115571,0.4433511557028824,0.4277318553705713,0.41751775771118743,0.2775997843667788,0.9274385135454046,-0.022420202040900686,stable
5.115435908901996,3.1034171577924945,2.654354647425327,9.904002757076675,-1.226691388040674,0.9868848773824839,-1.6020932361602767,1.044590762500583,0.18144471927328187,0.14633845521637068,0.4233928696906462,0.06672121126741812,-0.002146460099247352,stable
8.950134426315502,5.581564435501911,9.314836233524822,0.5010260646088491,1.2815870338621917,0.5629550312729039,0.711929247207943,-0.1933120344315804,0.7620567475217908,0.6046554348237202,0.3107516955711196,0.829148964702913,-0.0016641613132200115,stable
9.373413401584372,3.637080189358594,8.3383123097843,0.7495324011822745,0.38721893273971775,0.7533850226453342,1.204048605589601,0.2886422390735133,0.9529114698802991,0.9956323001132015,0.41131667822019047,0.7050969201465166,-0.01007894108702719,stable
3.8990543687361674,3.426726318661635,8.290263799010988,1.336026178815683,-1.4308910661893224,-1.768588091460927,-0.3349220570462368,-1.9364908071574525,0.09932096005200824,0.19430783381706507,0.6762355257655451,0.38349591716784376,-0.014386624520951127,stable
5.929533391932729,2.382919421877758,0.9007292651135931,7.188381566900292,0.6347378868464824,1.5872658505432828,0.5242468810919734,-1.0540141677479467,0.5620327165195816,0.1794509584032981,0.6080705941273252,0.5968256324155465,-0.018727990392767825,stable
3.5577592152214503,3.8373183596551037,0.6983766330746445,0.5709493701297511,1.3114679946946017,-0.062064517070525405,-0.7189213115593747,-0.02720717514297366,0.3241854275034205,0.9495635153424488,0.7487100928914978,0.7849907772594277,-0.0423762401197816,stable
6.14585028689712,2.074088631182657,1.1755208395525092,6.614220414879133,1.1152410651075657,-0.8336365214492272,0.32349893933303075,0.7016701768811315,0.5829409294734004,0.5992925188647034,0.5145134767454966,0.4887839864710567,-0.02090345412649474,stable
3.710156642317766,5.953989939166741,3.770007647280848,8.789721749667137,-1.511193668996671,-1.3991753069295383,-0.7542356386089324,-0.586932920882802,0.5772080778542892,0.24578792627224394,0.8901292273584048,0.5302365392668883,-0.005657118907677906,stable
4.220380505017532,4.079963666026077,3.587608530544244,9.079575916416498,1.3288546245135655,-0.14657953362309906,0.041639281235478,1.678687374030778,0.8167007312508425,0.8074393499118073,0.6467217892936334,0.9012395949818258,-0.013441685782179667,stable
8.957606344045526,0.8745352206721526,8.58482396928656,1.4962564670462042,-0.09968592761398432,-0.4306116234470285,-1.1726885912191185,1.0782880964619945,0.6997689373549172,0.6442378675065458,0.3348164740059823,0.2822081135511099,-0.010022101959466664,stable
2.6579971385671075,2.5531446817279924,8.501293727024578,2.821101968559397,0.6543026055965289,1.0386645189327317,-0.171416686111316,-0.3769200725699213,0.8128537326433168,0.6961492012344949,0.42655298489920973,0.4046178662198756,-0.020367025135286796,stable
6.420277874517403,5.044920905883403,8.430502166414804,2.1390705467767344,-1.701248112443373,-0.4647124917184322,-0.26445926425475585,-0.7413354076164835,0.1538895822759432,0.8454696876251063,0.1559754966245362,0.683231609161834,-0.00410590314445624,stable
1.298145764032656,3.141266721325898,5.088748765417402,6.047481915430893,0.1513767405190718,-0.11266572741501069,-1.7971168551153447,-1.8734402629920415,0.9321810302418578,0.1916862280339206,0.36867805394687303,0.6511984751316797,-0.021779611021254537,stable
8.410119402707279,8.882175517371135,5.809822904345511,8.487382294270787,-1.0322542414660973,0.28219628882263326,-1.3295823058635077,0.6136871236088064,0.6190636915605006,0.6349001352488376,0.6742924613182224,0.672433458200686,0.015970301565095532,unstable
7.977433921142492,1.053263040480917,4.645862737241349,2.0393935960018563,-0.43762317842483345,-0.6369658230957249,0.7682311049213308,-1.0050799194766338,0.1975246831903421,0.1929810894794698,0.561850953967442,0.425462071521732,-0.0175992107536284,stable
2.7740097084330455,6.655302666656416,4.009179744798454,4.60670219618454,-0.5247524659386968,-0.721245867511306,0.1064707760899255,1.6915723919221128,0.9912417651147224,0.37947931021938264,0.6587764833276736,0.9084331256893202,-0.01957666763157436,stable
8.826600192701687,8.679362172653116,1.306682547409745,4.1000404131544,-1.626944119261811,-0.7104395485074155,-0.8434574692413173,-0.06237873270133498,0.2916820352353394,0.304135337717896,0.3459728597365826,0.18912584194142879,0.0016271329416411373,unstable
1.0563963306493462,9.247686977714931,8.114349710074052,5.991174660339904,-1.222593851583368,0.7602190256631611,-0.7524801097401177,-0.5621637474000463,0.4787412101379903,0.30647980625276366,0.8784580579645057,0.8660659524050854,-0.0016247059368561453,stable
3.6931120751837736,5.099941174132644,6.011081176917706,6.556504530720823,0.38584078850877246,-0.1807923147918924,0.8335642447076417,-1.48720687473963,0.8581927491609521,0.5967600950907337,0.37072043129633636,0.31907604804430845,-0.007322149225574288,stable
1.9276549355009711,4.329482641121921,5.6815377224272705,5.948245266202973,0.38204704242946264,0.28980583235206714,-0.6764195272156606,1.7109669871636646,0.32105617287431626,0.44198295841008933,0.8999080144227632,0.6237742199334831,-0.016716305415070423,stable
4.7782239831682265,0.8386862036194309,5.524287780679083,5.429726607034478,0.22827436981347882,1.930157148567266,-0.18205498559854405,-0.10876290561594004,0.12004379734505688,0.3180598759464404,0.30494589043645776,0.4797525239413931,-0.014686699002093694,stable
8.065080567729296,4.914137721173268,2.0320333702772126,6.194205290690415,-1.6573255593385854,-1.0725829846154498,1.227552739106776,0.6354866132744847,0.12266381446274398,0.6349456884760297,0.805017620046198,0.15243377078923995,-0.005561662094195577,stable
2.6911009854406007,6.674080633874437,8.373399649971336,1.5481510669098368,1.6358301545816825,-1.7295111941222654,0.5209266913055415,-0.3596083055892967,0.6963025703384547,0.8574802902725833,0.24706476029480084,0.7636554188991546,-0.014605684358534436,stable
0.9942023601118912,3.7131086340675155,6.922114067161852,1.713575046862816,1.0461145686292848,-1.061936363062101,0.3316737608006961,-0.1875502160706377,0.2933040313926432,0.8640861413560873,0.5375661541737631,0.5840757576535449,-0.028037660152370004,stable
4.343242478304518,2.0365391914677318,4.740854046345141,5.779911111010359,0.8752189127460341,0.8084670308973925,1.2863918766708418,-1.8011685150831758,0.22369962077096728,0.3147258426935255,0.44099957609952145,0.7231368817714853,-0.01626144253885812,stable
2.3858739228379258,4.970914895794049,3.8691079637074877,2.3645819946931304,-1.2643394493789835,1.0192351082700983,-1.3002503957582436,1.9173747316875898,0.7576364793090877,0.5330367635551888,0.8310294447958491,0.5665408389588058,-0.029465020690513183,stable
1.362153933381658,2.0420271146573716,1.1823005885407265,5.833631310406601,-0.207999139410739,-1.2415317917871591,-1.3122793970294624,-1.0443322588372363,0.8560152850569364,0.09855817325306951,0.7276117340408484,0.9544920166890056,-0.037133103677733405,stable
6.013157666875081,5.800376444043417,8.69673159096783,7.624984002187975,1.3364092515408426,-0.4652450251195943,-0.7074954437315673,1.7754366500446728,0.6031171222591191,0.7624787087599221,0.7351373348501513,0.8802027962857647,0.005433444449410976,unstable
3.3376132617797647,4.841462585417364,6.423952842406169,8.17734641224287,-0.41573114922887333,-0.29232544060095433,0.06961483055831819,0.711739243291293,0.4014380811232508,0.7554155802288961,0.6320976907339573,0.20915811891755431,-0.003039609600402877,stable
6.883951340585414,9.950668943173627,7.7678043396838685,1.7104449465600826,-0.7409750286515568,-0.3471173581416407,1.2589080931346155,1.2978096315223375,0.8888623489731698,0.6681355880449309,0.4983596141726515,0.9558709210555986,0.0007260315637757156,unstable
2.395396717698026,2.0475072730237756,8.694223327759211,1.2688915165486652,-0.5570176553411268,0.8280035636348231,-0.6958176515877432,0.8977493104399374,0.9225560278116468,0.4093040727045804,0.5662059701413659,0.41533310107560933,-0.025551948771091813,stable
9.45007454981173,6.5345195065961255,3.838402119300222,0.9082784657290324,-1.8372014182048648,1.887757148135762,-0.17204462497438833,0.2637030738850292,0.5142261673164964,0.4512333517988377,0.917440346597084,0.44382763318442797,-0.009805450890891455,stable
3.9685465983258714,2.3944453832826436,4.358085493638992,5.043182289550526,-0.9677205094625951,-1.134356457507982,-1.1664844347153687,-1.8762105698444027,0.8587091275545682,0.7316630494297797,0.4340994830398491,0.3208196053727404,-0.02231580691498961,stable
1.5022051559171805,4.475478186905805,9.195793503885705,1.8440843601688865,0.9121186786937567,-0.09660061958534083,-1.644435179151888,0.04587785166456726,0.9141324468364538,0.12082129293971866,0.5881635233393653,0.4768880596060846,-0.017956123596414172,stable
6.476527439627238,7.600659147054512,1.525938180526751,8.354264204372557,-1.7948852801398512,-0.06066790045035342,-0.9157612987182167,-0.12198834851299756,0.9513979539804688,0.12092712549841969,0.4938590987224529,0.31851444309239874,0.0004699793224839429,unstable
9.30796825414474,5.223020816257912,4.752279718343147,2.7117752801108774,0.6020901753852592,-1.2854172135387412,-1.9207503484125623,-1.559500925509811,0.1268662660489096,0.8008017492386797,0.5050158186002845,0.1823161407777551,-0.003087389701186459,stable
4.683582969799948,3.9266423711594416,6.616449339424685,4.748813327262289,-1.6149202741551179,0.06532994496182276,0.15673215902493975,0.062277576564392145,0.7047390360181662,0.7492471210186898,0.7546929213452674,0.18106721098337297,-0.01201001142771157,stable
9.568609690062004,8.94676590023777,1.8272701456900484,3.1591142752931773,-0.24988005188602314,-1.1029148515569935,1.4542919563083396,-0.15625054759734702,0.6039070247667276,0.5935182476303353,0.2022414374071388,0.44202713694077567,-0.00045406920551738575,stable
5.249010230032646,8.785231099672343,3.6903755872744304,2.368435153218594,-1.0937714726450185,0.3167060671053443,-1.6635381427383984,1.1936831964969845,0.29324176231844523,0.6427933608901047,0.5289209585844695,0.2768595189521291,-0.008476447828230704,stable
4.539671936066218,4.134025971736062,3.0083197875018377,9.444848386043356,-1.436340404408282,-0.7651028789412821,1.2088886491926303,-1.2316654609678976,0.16267312650202037,0.2771223486463865,0.515299252379184,0.3293629185566402,-0.0036051230270524757,stable
6.392027794146089,1.3992984629286154,9.49534881594877,1.1859398385523316,-0.7022528474307443,-0.7419695922960332,0.04032850923580966,-0.5637760580475111,0.08673017291399335,0.9432723228552826,0.6748905283308235,0.652333786213487,-0.015604596772628418,stable
9.95341679973558,3.757230547604637,0.5109294044390613,7.456245849241618,-1.4686669777222598,-0.07433027399357384,1.9854568358169882,0.10212678932027508,0.2953036674751468,0.7564723129138958,0.11366532803898002,0.22720183310424963,-0.002768659205109123,stable
9.51496491190877,2.2728683549741704,2.40984541864076,2.91921133729238,-0.4403902684747747,1.7739527809082993,1.5126227926887625,0.6591193098727648,0.800952736084289,0.34719493880818963,0.17539230070671435,0.18047242916696515,-0.014727836966790593,stable
4.870428823436413,7.576286371418394,9.846362855769437,1.4695201784582472,-0.11098546166031564,1.5332083102868044,1.3761078582520252,0.9005713360425762,0.34228758263809034,0.8805519062496153,0.8402260664557457,0.5122826987188746,-0.003470245697605399,stable
7.698424030428769,6.566319139426522,3.2812614161002456,2.1085352048823918,0.5716660579557562,0.6816300746774564,1.4567297622275435,-0.4129929811509996,0.5417806790230918,0.19310263884361584,0.39111311419309414,0.46874552363486327,-0.008837360301378503,stable
5.2255156071323805,5.298862361591548,2.439675479699954,4.117590172269029,1.545887662055819,1.965338848597463,0.8499161288240642,0.6514466972533346,0.6616429533154699,0.05803733772364334,0.6354751115571583,0.13548781947523716,-0.014749107058625265,stable
5.528465521869319,0.6555577804684414,8.275357994941823,6.690367186443119,-1.7078042886768707,-0.6172091475035502,1.938508987361209,1.1335752296407247,0.14065270375038647,0.4804178777117507,0.2677920474440921,0.7233187826823672,-0.005186535848636221,stable
7.964964156781171,9.677876397393561,7.873855529527125,7.027333051373509,-0.4341832869126043,-1.8446967312871516,-1.8962791925783917,1.6872432552827519,0.66725664793469,0.4522928341151204,0.27690045183752815,0.2929803841921872,0.02291292124729079,unstable
4.439230568878873,0.6279416293006116,4.2181010243647075,1.6198857709483439,1.1934987601537688,-0.575257314951132,-0.23807745966995864,-1.477398636465772,0.3265328842730972,0.44578420643979066,0.9833146697013367,0.9097965307584148,-0.036064243972131864,stable
7.477593931992929,5.51077043140555,4.649143993067261,4.487764475139738,1.1495899226748745,-0.19203166530256777,1.748100812925748,1.0689511595092256,0.9867350344092464,0.832592328674334,0.1703251330253021,0.9453970407977738,-0.009362065605519597,stable
7.255857340902623,4.600621557966432,3.5936319557314578,1.6051676786719395,-0.15750409917837604,-0.05471043474669601,-0.9806196239517448,0.45392730739229004,0.3612122387270237,0.17067220646954517,0.7803739099415776,0.8961383804184574,-0.01840378734460189,stable
9.354567022827093,2.9879954906865915,8.407922924454386,2.279621197119708,0.8795776676082547,1.3225766263512004,-1.310189507994313,-1.5977160602123508,0.3290404374993466,0.633812514827845,0.06288934567460494,0.13025976003805528,0.0017952562975201806,unstable
1.5918600161685994,8.95497236940638,2.0236953894678504,2.6947451367756994,0.25904283805471406,-0.7480653868290874,1.5126801990354597,0.8955097267089238,0.575794314665702,0.38617058505058227,0.5201259217553822,0.8027140204638337,-0.023260841930131178,stable
7.425643612224939,3.759074754293118,5.402370529369024,9.395370566200386,1.9569339424539791,0.07443173451035978,-0.875322289266109,-1.576663654156751,0.9878129749582795,0.5299543436921997,0.05083661242513014,0.15783696755950333,0.006323944162043111,unstable
9.31052732193332,5.868521568785182,3.709091850836181,3.1519207657198147,0.3809602669338905,1.4282405334275814,-0.9746526815449417,-1.3459286014376506,0.8400644256049472,0.29888818469118456,0.7254150639867806,0.4479885910843643,-0.006461627558650143,stable
9.69529880428414,1.7403447102761378,0.9059079749898891,2.319004971713702,1.3606173807263784,-1.2698125993515577,0.9395221120147124,1.2910043395877056,0.7301904179522354,0.7574125302613394,0.44397022335199565,0.18508550090610953,-0.023931902209198726,stable
0.6397098971710082,0.9981701667654829,8.979237755221083,9.839479054443524,-1.3502559941423602,1.6366160929727158,-1.0178371569739029,-0.025072532028253214,0.18343507704621242,0.9308466292981364,0.5185814060851732,0.6966298947494252,-0.010505972851891986,stable
8.704580857332969,8.48214140710287,3.928344681468319,7.0865262722558855,0.5746952341139346,-1.4518828130296924,1.9715580540575535,0.42497489042525594,0.7397358822228486,0.3095662575776105,0.7116609734227185,0.6462531351763829,0.008467901803402287,unstable
9.82135288063027,1.7242574622345115,5.5006992620864885,4.603716835981035,0.09755090927562415,0.7685143131587977,-1.9771611133077753,0.8389299128791388,0.8715134025205821,0.32852585102040377,0.7038994548808991,0.7073525571349109,-0.00893139022545322,stable
9.593496706304153,1.7849086111396255,3.6523242874476254,9.584968460757139,1.0414189322961618,1.8029681031751768,-0.08280479937240459,0.907593976958335,0.758707292226822,0.12017072736791226,0.18988929972570728,0.1698383181730403,0.00534621697665395,unstable
1.91325811620873,6.739974357365082,2.1948273991721976,8.678214835055748,-1.0074220243118717,0.4283376108609058,-1.7840296942448304,0.31924664667011404,0.6055712574883009,0.8763460283146512,0.26114769234159285,0.4009412517003324,-0.011904344379719996,stable
9.739973731318072,2.5415660549308607,5.383450049490129,9.335038119255916,-0.665358373004517,0.7398586095864288,1.2801348049186778,1.6955421553685404,0.21492412738213557,0.6897263724436448,0.38399550413953554,0.19459451714636344,0.010083867281929056,unstable
8.954387779344946,7.918296366116663,4.9251931910818385,6.578564016942117,-0.2030363302497631,1.0700599341460375,-0.919348372081092,1.875064177901523,0.896393259640402,0.7308738926319225,0.4613140949590895,0.8781414259046563,0.006107490018033561,unstable
8.31255136165917,1.2092497079039923,7.539983455705238,2.913958847285094,-0.15017892747951356,-1.034831933958452,1.9220397749626135,1.3821170355735979,0.39305575500805845,0.12469056764747191,0.10895966672054387,0.21696415953061798,-0.004278992313149726,stable
5.0598852761744055,0.7962289394265306,8.05756184392016,8.28158270966868,-0.8165306349057855,-1.602092612310821,-0.09423442325818687,-0.3343432929705479,0.37393515867315136,0.40090693709684555,0.308179501977204,0.880329521012586,-0.004328608670824494,stable
2.7075427365733864,4.103153834400706,6.612632671691513,8.318870323639043,0.2901604040001997,-0.25296113240544527,0.6224454206244214,1.0697236329881563,0.14985929334346856,0.07593855166137026,0.9952937491151431,0.6556232447552447,-0.005028075278614515,stable
8.117865497823924,8.736123418583984,1.2571549603340133,6.699022538383612,-0.7962584770581151,0.3193676441299611,1.9304996031213202,1.2766993407552212,0.23748045148128394,0.163513093944476,0.5749421149452065,0.18981864160750345,0.006196644527921483,unstable
9.273536517942961,1.777407208720306,2.8687402224475806,9.783490526526583,0.02620332260078495,-0.9205039703082742,0.8819838186695494,1.7356433803890963,0.7265931420347789,0.8707262361377395,0.714041261670951,0.15503921079383287,-0.003074063064092929,stable
3.0282375867767795,0.5502449592245896,2.1933132448651627,4.353263180374871,-1.708332817919624,-1.8247991629147866,1.6067331165459358,-0.8586047055686556,0.5861132167279193,0.5306852372072939,0.8750394965370739,0.21996447751605602,-0.03574636471183821,stable
5.619876872410776,5.079813428368116,0.9913651285074704,4.2022574587270185,-0.921757033095667,1.3507883146441375,0.5762629135811639,1.662310535642113,0.636925893083361,0.16537925420632807,0.06888967315791679,0.4066709659350056,-0.016656046711879608,stable
4.706151875258049,4.764424555292012,7.350002110288114,8.882578449320587,1.5789699048911254,1.0043935543084088,0.46789810403755583,-0.1345083741154287,0.4346930246018436,0.2370040575469633,0.5338258024199596,0.307415340787025,0.006693201348617939,unstable
9.344664501820972,4.660684694606322,3.6405520984527775,3.8006374913991343,-1.1470253945484061,1.7849094635549565,0.3270760146153391,0.48997493645007184,0.514926989608993,0.39907579535740195,0.23579350359854961,0.8113288007455611,-0.0061892784808545275,stable
0.884851756290129,2.68358343433525,5.410044699126784,9.712520236640572,-1.4622975160695941,-1.3850611566429798,-0.8387721694774974,-1.3194216350177488,0.9429362230637864,0.6285567626725327,0.32455690880734234,0.39022336407006664,-0.0147038659770868,stable
7.454058858737327,7.247676403690029,5.166858100295807,9.083122397918483,-0.5224456447654933,-1.866615114730514,-0.8936908691933247,0.8775283474968272,0.8482901876365577,0.5382327256937616,0.8092628762225031,0.6473628873123247,0.008163546017278374,unstable
6.336545846015468,8.590761463217397,4.623258159220056,6.866470038026621,-1.3869231212559656,0.9554342424449906,1.738867922290162,-0.015571417275423993,0.35777770610739035,0.6921418209802814,0.059376600536515806,0.23653544316999597,0.009313430912227933,unstable
0.76947096857845,4.8121332046897525,9.320020959210435,9.099197526650471,0.6391389709128728,1.4653570088824237,-1.4270508422025094,0.319593943029326,0.5313074296657041,0.8516177399680317,0.6366944300422388,0.6071593239549928,-0.0031318379703320735,stable
7.332587841854033,9.296130926270164,5.601455269414864,1.9049020260106153,-1.4004081191899411,-1.1114784861208942,0.29582641878587035,-0.43023612647595666,0.2779198791665754,0.32053346676141553,0.6254951869746285,0.05650372344409367,0.003935428877140623,unstable
0.6519214304739338,7.30855227261413,1.8125393708942357,7.022853005180182,-0.2217320180269171,-0.490608503123934,0.46636022233949914,-0.02464278562298805,0.8902076696339427,0.27955678135597317,0.14839984669734196,0.3266249899754733,-0.01623428124040745,stable
7.700534522386067,1.2294391381405245,1.361899306189858,7.689573309617977,-0.06472338946471101,1.389929948133596,0.18402821243531609,0.8396877130705356,0.15442068951083118,0.6686385894349449,0.5731611620628345,0.9123875845667944,-0.016589424437040957,stable
5.371207870989742,9.434157660470666,5.069616752859837,3.015163958052147,-1.1439632126387065,-1.9540740842301054,-1.3375600202585258,-0.29410104487791644,0.35318998503142096,0.8209996620503106,0.35960474990621794,0.38427726398503137,-0.002364992698933935,stable
9.326490097571558,4.232453615392444,1.5667967497355932,1.9858113660413956,0.7202832538254418,-0.9316804327262243,-1.3584873097179733,1.3670560236652771,0.1948576348919528,0.9849711371022037,0.13198494362909563,0.3049489400982849,-0.015304933706755215,stable
1.1277837188787099,6.468522951410566,6.225897418328969,0.5494358948630715,1.7839338804159057,-1.4809407457258787,-0.4934520500797155,1.2806108446402726,0.4510487683692017,0.40235616400606533,0.20548883655073513,0.37549216493573484,-0.021242829710605392,stable
8.49251415631764,2.167009717469449,5.289364225199971,3.973585668940819,-1.554338121462754,1.7913954809847255,-1.2092798920306862,-0.27530317278074135,0.761135762656187,0.8996464741455109,0.5827534473987102,0.2924222226335913,-0.01287360511435031,stable
1.1335550832874635,5.451760640288533,8.535036527486094,6.13221103442183,0.7107918357470364,-1.822736067313103,0.5816527957371775,1.8019557579721956,0.9200609931317173,0.6431449644681239,0.24134457655716984,0.37821491475951513,-0.007782419030872836,stable
3.770944798639189,2.5945231035749914,6.6690808582014425,6.487660767498382,-0.05999200503962676,0.13096468711877884,-0.47116534193789494,0.16843587277296246,0.4253244016656381,0.5057826043051601,0.29751076637985363,0.47139892761962443,-0.00969455968006637,stable
4.587837953504416,6.720625105848112,9.129518381249076,2.4087652494221246,1.6575633898884203,0.8076850326346228,-1.560237155394947,-1.9602330690921446,0.6275753340640314,0.5335197175982022,0.4740515852005287,0.14218140213949015,-0.0017697734699519442,stable
9.677589767448668,3.4056782287976928,6.768903162381834,7.4211458704252315,0.22808184678637566,-0.09933803568040345,1.5034537238416852,-1.6035720542754368,0.614364246281496,0.058860161639318176,0.6681757780835704,0.6584835969342938,0.008183873657940178,unstable
5.841202501170342,9.969817702799343,8.289662536544542,3.196789513837332,-0.12208381815105307,-0.9489099832972778,-0.9068305015335669,0.8932800529160829,0.14383807674554078,0.7871494095441139,0.05848395926986307,0.5229432795633238,0.01068160701026468,unstable
2.9592136351238563,1.5344799131214168,5.831489043149751,8.812350855343045,1.4400068738583225,-0.6765738527242111,-1.6380195082942666,1.3494798606766523,0.8757769021514404,0.7165500561928583,0.632558617119396,0.9558715568178391,-0.0180599520445625,stable
2.795919283896277,5.858067588923489,5.030011538579176,6.480466341062267,-0.44824042324183155,-1.10685834628821,-1.0622864842383999,-1.8146539196367182,0.7187343019670751,0.5828188832286982,0.6820639576338937,0.7627597276816941,-0.013320722471403779,stable
8.937124046262209,2.243900297664871,8.136532808871781,9.61557412019259,-0.9907320008391407,1.4188979733028462,-1.3962347552225944,-0.6293531125867444,0.4797182160866087,0.4957813398047297,0.637530457212195,0.19954022837092122,0.013269976975106354,unstable
2.6457595699645817,3.306697037493997,8.69400886579068,4.394524640871841,-0.700844540632418,-1.9886634464000745,-0.5961609851859588,-1.9067952623842768,0.2644372114476849,0.9796599267385018,0.873982433196444,0.09607748881028681,-0.013468310015661839,stable
1.6832697054351933,8.673431771948406,5.66951675885384,2.4576975594744495,-1.6705287691028032,-1.496595745572868,-0.5413634586918401,1.7249436918003789,0.07925798998413101,0.9417547697866755,0.5707255644963711,0.13701381730545825,-0.012433971218583454,stable
3.2391421915719874,5.2621211934429235,9.004241166863334,6.860139214388888,1.2038575338125357,1.4665769442703374,-0.97692761615914,1.5096160970423131,0.9917278048270086,0.8227157605163595,0.6700055413057453,0.7310590141778911,-0.005163431188467189,stable
6.068169115720962,1.345610864039784,5.509915353505197,7.555203885475348,-1.6704806188034436,1.9242967715684034,1.8450901101527388,0.37666625474486315,0.19172814075411154,0.9169766210884124,0.3143466632370204,0.9254414957912946,-0.010545216557500974,stable
5.763859770646045,7.421815345604586,7.256984075272774,6.692070222056864,0.15092305937179074,-0.22899961253794565,-1.8038502851227944,-1.2828535543036765,0.3806589870887861,0.5621691316384722,0.41823072207087997,0.4152906455297278,0.008955076102311334,unstable
8.192252371171389,4.718939526102243,3.3278682725298423,2.8872540312614356,-0.9199539777907173,1.09395122768526,-0.4988683881839293,0.11410842218344897,0.8418845880685609,0.11393345219797262,0.06830198831047363,0.19157986186467557,-0.008262713949546144,stable
5.824521544058765,1.2855136771091173,8.275790993860491,2.1124870428173623,-0.7022862584924976,1.5405369956555677,1.5893106563999382,1.9207065789510738,0.5788775780087939,0.6265089067581673,0.8585436035146617,0.7779311183301897,-0.020463522888444722,stable
3.2400015370964996,5.1032916471599945,1.0982360151085995,7.3498120512056175,-0.5288480214617022,1.2864711227082664,-1.3491108875773858,0.5098758942925672,0.6188076662934556,0.45148083220837104,0.7628380571449037,0.370225712587114,-0.019038408214742453,stable
4.422515255468481,4.732514855873557,6.68185691180396,1.2801032629599451,-1.2075223153055172,-0.3179670088904665,-1.0629901325633688,-1.194927422932356,0.6145060474698062,0.41207653393537164,0.2648975316796937,0.7439239732897389,-0.017384544716608198,stable
8.27214922422365,6.045982779364286,8.548204984535037,3.8784306347519246,-0.3082624596611918,1.517838761116153,0.5979454161078555,-0.0036998402466905667,0.6230242173641727,0.5528315860547831,0.12379556302800881,0.14151366532004056,0.009656093898352218,unstable
6.451811392987659,4.6265899672487425,2.113234527843281,4.455183330864512,-0.8637577723829515,-0.16512486692755202,1.0497820740670392,-0.010160511583717113,0.5547943926288905,0.9167338909685203,0.9633592355399936,0.09878903758444117,-0.01855133473624874,stable
9.611237605625702,6.208565984642348,2.0185100096065334,9.999969283851865,1.9858039307712296,0.7715781789621787,0.6487955113519694,-1.401783474766927,0.17806352678824383,0.24656775538785192,0.6065508946452981,0.31266910748958554,0.012876450787761213,unstable
4.0093419053709685,7.186477953981038,0.5032122830763401,3.481209424972598,0.17981682970210677,1.9405291833422695,1.3703217121090017,-0.5987274892254688,0.5422359833795317,0.6121879365747621,0.7432370475997446,0.6584343300039933,-0.024829872569287797,stable
5.749809349952228,9.899891327968845,4.1646666970599355,8.100265875584594,0.40596216852174516,-0.6036538720592288,1.3232771975938058,0.5390543233548981,0.6349029325196497,0.3266447676469476,0.08744629883405455,0.07448907633416033,0.014169167749739954,unstable
6.142279915325099,5.797437602973764,3.6517282823575705,5.952566489781754,-1.9468312043077765,-0.4892732041540837,-0.05685462486795423,-1.7632083297521755,0.7237078238425799,0.8996605423227989,0.2841983683015596,0.24772038014134273,-0.006916404846945936,stable
8.55876647861307,4.68586535539453,9.06657146184225,5.537185732932574,-1.13523002600486,0.9488551390109059,0.7605019372012967,0.7360207467838369,0.5775601776725302,0.4451813627992761,0.7090946718784205,0.9853644483171323,0.00603496926861927,unstable
1.8819986127720516,7.264441231280408,9.104624211555098,5.605185656183315,-1.2168175024886296,1.025491368409483,0.09826886575460492,-0.4252491974251007,0.9743698118204871,0.8028865428940851,0.9134065845157249,0.49969197972859564,-0.006311150315317277,stable
4.361848199107203,9.181660658887091,6.793593775941353,7.133566059556108,1.0489110997273698,-1.65794805752012,-1.8242174761555416,-1.4479132907991317,0.3337664417970418,0.8928856791230384,0.9916508905181924,0.48339091574512066,0.005168202097812408,unstable
9.14461013579182,0.7185777700247047,6.479288051289671,8.848890361498789,1.7006475662528588,-1.1465204033038492,0.5237764929876287,0.6630959986082177,0.6157740144439203,0.25410801048573706,0.7794550984265464,0.580874892138828,0.0018273557190373012,unstable
0.9091354413979397,0.842574189704777,8.855320579137143,6.134037623073664,-1.0305301487936385,-0.37521960003943233,1.6193414203555174,1.108432315965484,0.5245666309668535,0.33250392403158996,0.5842852156247573,0.8692720782545078,-0.019700469661104742,stable
8.315709661724268,9.784571565454081,6.761508782849171,4.633972477478688,1.1643648152860373,-0.3479597874896063,-0.5590202962779953,-0.22913087112102914,0.8522045437104387,0.24745809581745004,0.8197870419649299,0.4343772864356657,0.011970271379123086,unstable
4.446148355026635,5.687081278638623,1.8816055028079184,1.2616705282318559,-1.7151535055645355,-1.4856428604923368,0.8193081759015253,0.21143595144984406,0.10659702534663348,0.20635714638197167,0.9218044762167991,0.8930839434198184,-0.027447948795063536,stable
8.383137860141975,0.9918782643128314,2.3189577433442037,1.4414821896085392,-0.19294794523512948,-1.4049524461036182,1.5633638586301073,-0.832447068483805,0.47424420931979566,0.5693962297829043,0.5533184195692683,0.06934805751582811,-0.02549289443742011,stable
0.5945683276692736,6.773543210720943,3.573861143288576,3.3302447379229294,0.495411611372667,-0.8327252320266769,-1.0749159156035093,-0.48519631231335136,0.7682268571502981,0.2903034883371888,0.12880122089561424,0.1810316964928475,-0.02116127276537544,stable
3.967938498703571,1.4170128949502856,8.412918481864992,8.387992771540707,1.2111651671662864,1.0517463497991355,-1.6444262440879234,0.5755218045960429,0.18294126678696082,0.6394247113755791,0.6702829708773508,0.35625378640771077,-0.0037798570595891107,stable
1.2469853530735788,1.508366123914691,8.94107430070185,7.8671962671772215,1.1046558185303281,0.007853557213403306,-1.8081030497437753,-1.3876702193160035,0.1887002997694444,0.5497927442385147,0.3618259771066846,0.1188012034739839,-0.007186546010774789,stable
6.6998384751980655,4.3259649586027695,7.528591311223701,0.7218856807631684,-1.8420699877626294,-1.040399061245782,-0.4965532397377843,1.4525920824383842,0.6788893710374414,0.5665460831704611,0.438562896100223,0.3042284929210853,-0.011750433151676797,stable
3.1015664366957933,6.805174276196148,7.930689125317648,6.946765634097491,1.4958827738982867,-1.2094959494310924,1.2713461460109459,1.187810391656118,0.5655585700730582,0.886973305617575,0.11538926347728619,0.6397460990398367,0.0009221524897289213,unstable
7.1751946712679695,8.291145040644945,1.3976633630813762,2.584577289719242,0.2201347906418505,-1.7408400316991628,-1.136221370459022,-1.7091651111803294,0.8841196143907512,0.5288474386868173,0.4032504484074501,0.6441412301461363,-0.013680342746371938,stable
9.466113555949862,8.611759968880081,6.293568374026492,7.484301883382436,0.9012154729583868,-0.17688011952992344,0.8952766409545179,-1.7779923561811617,0.6575825631004046,0.8903263368251035,0.853476384471224,0.28885515265015016,0.01618815727036276,unstable
1.7047624714818537,4.174402044499553,6.107765851169353,1.9510927626838814,1.2752123572630998,1.9445106727740455,1.6196959813597367,-1.7867879508863047,0.46502128289215494,0.5523216920047568,0.8409383143183733,0.5099718355584617,-0.02699620779928214,stable
8.715393806307354,9.811727998489623,3.231325613604318,5.20125086214022,0.5704893350903113,-0.9082269871616817,0.08840820563393326,-1.9195404564549294,0.5866518022329291,0.17810371558798294,0.16531932631212862,0.4628154855784419,0.010434794052796376,unstable
1.0649094402032153,1.824921687328782,9.924949986055738,5.8934522578338315,1.9075368478615715,0.5192803613725858,1.4514220123280737,-1.716207548421619,0.7845236273570871,0.9856508464651084,0.9934511653818916,0.8435698331402743,-0.021265393933167894,stable
4.11731982895345,6.871779725400346,0.6425554269757058,8.450828031712199,1.8844259606620892,-0.14719308258969477,1.987304732313043,0.5443817571388143,0.49007634760113733,0.7064746762670753,0.7059581812043284,0.29134046885428566,-0.010763040837029881,stable
4.582853581196478,2.7004750537323114,3.651535418927822,6.51943633841827,-1.9601466771117426,0.19458318533853536,0.2787709545571295,1.5616938813336385,0.7161356012954644,0.13327393743264526,0.4118200294122924,0.1260689449161411,-0.013300741584595512,stable
5.144070694917911,7.2282079439101175,7.887340293419574,4.185458204093275,-0.9893804880299815,-1.102213820296679,0.5236164446463585,-0.5439406003904397,0.10557390595885237,0.13730888758049795,0.7376426755753033,0.06420663975103097,0.005889032296523771,unstable
9.776392058392423,4.958729769288736,3.567599464884231,9.57543449316937,-1.6303393234292618,1.09076592249109,-1.6358585117510862,0.9583562978385602,0.48699328667769326,0.3695746940105263,0.39819468020401655,0.6782661958892685,0.010030245180429387,unstable
7.869066286967369,0.7877849961228128,1.240109785131949,5.592085037274248,-0.2140768821275234,0.9710966623431974,1.2562249167670152,-0.7350220369430711,0.48996736873214713,0.9373906880061118,0.39140677575020777,0.16534367010567824,-0.02119792724922978,stable
3.43414494583298,0.924250289911164,6.6897399597306455,3.7297839778770814,1.3925213881871787,1.0460042272097456,1.3550026065175778,-1.429629670730391,0.41627619008010225,0.3196508117012794,0.13669617936186063,0.8701640501301539,-0.02176913822298731,stable
3.0634494622576014,3.3110760487224273,4.484220757700097,2.712390340248641,1.825329508548044,0.29103067564098417,0.2505234322670735,-0.6370692277017338,0.43164579161733907,0.9492559762399236,0.4416187223864385,0.7097895397582356,-0.028733708627687773,stable
8.69964193979852,1.425454389732867,3.1171329695118852,6.520061804882058,-1.5303794900764052,-1.6555716343295868,-1.1441844441923585,1.342761480874521,0.3179781481248211,0.5556446802394516,0.3421006372279207,0.4603797720794337,-0.008974788428544819,stable
8.872418141008055,7.0367185338888065,1.6459412866805816,3.236590312526217,-1.2269231208351945,1.279328870171987,-0.8487621099330207,-1.3432834551323052,0.47814280533143294,0.6862525557099591,0.27375074648886627,0.8338550780815565,-0.009380835242799923,stable
5.35171180266463,4.877156006874583,9.487639194361895,9.130655607987958,-0.8865215701903213,-1.9431413217804026,-0.21465272899133936,0.7483916039528409,0.2779881992771597,0.11101724756082194,0.45059340635651485,0.5309995566341021,0.015264914480579667,unstable
3.7708094441420896,6.618151566643923,7.09821426859422,7.0902349434422955,-1.3195391713346778,-1.0326966820983547,0.6560011328724333,-0.6547784413950573,0.5831367188146523,0.8783792720481235,0.4143245347142701,0.27118732815697494,0.000708386288386216,unstable
9.951714807528719,6.8327111599874035,9.371379407694908,7.155153175443831,0.7876429156049785,-0.3658719060333162,-0.09353135308730787,-0.7733547458136152,0.5288739328966906,0.8980843751433735,0.37610321029291977,0.35488782543800784,0.022487649657782195,unstable
3.501463680993152,0.9512201338753397,9.386294299014693,3.0665886915536555,-0.4857673424064557,-0.774996240751006,1.5927169095070695,-0.4830639532247525,0.31551383940196254,0.6068874845617916,0.795300425614571,0.9761575089480878,-0.02120537927903996,stable
2.235767599802343,4.438556511693506,2.981693244648092,1.9265145606041747,0.9662339689186306,-0.0033478736671139764,0.7376967710169229,0.09584892232229247,0.15480356096764614,0.4722469898229973,0.4002463400387061,0.7788609575449207,-0.030074459450001062,stable
8.860932152388662,6.98739017483924,1.2598208882324862,1.301964558229963,-0.03438165430229034,-0.519080125542204,-0.03841895546925578,-0.36275815546679535,0.521982429443813,0.17258917613624739,0.28590343353272585,0.40693170943495827,-0.010911764308512855,stable
8.217186282056913,9.079598046338749,9.14411632901975,9.320603336617548,1.5960226536784954,-0.672558826679702,-0.34698156347757747,0.8349853983056037,0.7613912104723153,0.15186604963021405,0.3055268737743879,0.33334841926174696,0.03164309721938909,unstable
6.844949352927837,9.48698752936426,6.5045652534162395,6.098751428944643,-0.9108058020967156,-0.9466686329264382,1.3589948745894485,-0.017954200272980447,0.6019324755464615,0.4938212225821481,0.5373302815966717,0.2623047530404045,0.012861190247804017,unstable
9.604929501890544,4.135715771993738,3.2470980345051164,6.65788768357841,1.3051212189379204,-1.7119286135990173,1.3662463810637218,0.9341141933592101,0.6345911820250866,0.5026917184789694,0.3501672347034838,0.19739176991436147,0.0006898679543100045,unstable
9.294288483536977,5.9752958629674,4.032072984500397,7.037585187924112,1.9631281877458515,-0.2628272428475449,-0.3531801479486334,-0.7053032268624917,0.9859210326057452,0.9328789607545596,0.09441341847364146,0.058339015579887056,0.0054903441602530585,unstable
7.608360781366664,9.373179102055873,5.1450410473349155,3.923079944128016,-1.884306962038694,-1.8748491463409458,1.9369537369545986,0.10787328441344401,0.30455554415808417,0.06997775831265657,0.06044149178335839,0.4277722151772587,0.010810417140056887,unstable
8.676663390702938,0.9291917047513687,6.314957270355903,4.859593276506101,1.7118133049990751,-1.6600155215739885,-0.13971694737009255,1.0590637861656496,0.15382132389011455,0.9905796201031638,0.7738057085567408,0.7599688984657171,-0.011439863649287908,stable
2.847894033060021,9.773787177245616,1.178772918009576,2.978529994856857,-1.8425771899986323,-1.2834744884886433,-1.8222641424252535,0.10847914255561841,0.41007701047318035,0.37719945351842465,0.8587797092802867,0.9794128018789727,-0.021179884567824152,stable
1.8418422905598002,4.820498164783848,2.7173750701172388,1.73880332973622,-1.593778849935147,-0.7192063034129159,-0.29269800180953354,-0.2543953450774117,0.18771458480395303,0.6416114495919294,0.8410803366654199,0.08392214909834335,-0.03097534546280547,stable
6.8655875684918914,8.56880880977687,1.751134512348878,7.318473676318899,-0.6533844101974715,1.9086767670240765,-0.5152555360010682,1.474814378115374,0.3312229915427983,0.10381554255204473,0.29386214380232395,0.5110777284630733,0.005060119385540141,unstable
7.288876098220151,2.0943953122568484,8.836649588742377,9.775822246810607,-0.9866224901269773,1.1808818508841474,0.7717369533055165,0.459669335348865,0.2979624199358788,0.9607511136735524,0.2798005511015513,0.14144129872548677,0.011589581197892603,unstable
2.0870028234315856,9.390512359835844,4.925449797994163,2.979071175892669,0.9311784065287072,-1.9160671543414334,1.1556952504551088,0.7082622102644365,0.09289159106185818,0.10134424553550261,0.9364529974380177,0.5612692549090551,-0.01000470005183651,stable
4.257794094496322,7.85733385808911,7.638755285496492,2.4132830981445195,-1.3574792047819826,0.9347942022769575,1.3249654468946197,0.5655606930885262,0.24399172161919302,0.8600907810567421,0.9869484043530585,0.631082376023914,-0.008192650574698432,stable
9.147429779052521,6.702827258397448,7.253831196819694,5.428853329872766,-0.4820163083521858,-1.3275363767619917,-0.9476036945919599,0.4130898657487512,0.2831602043621015,0.36141615045663666,0.7572749207613033,0.19061222702894653,0.013370036397311125,unstable
5.833307291727118,2.144093378931946,2.3189561857844825,2.8318410564628684,-1.478454287606318,-1.3525103752243708,1.8243609642714933,0.6785759681646515,0.43147413425273345,0.9346803116659695,0.541821479124111,0.9883121496496925,-0.03166094559119649,stable
5.99419119179959,4.663587420128637,6.01826705156811,1.7529968255371307,0.2332529795844871,1.074946450720423,-1.8434308489251636,-1.2950653488079618,0.328189500653144,0.7637283308115711,0.09582216007196703,0.7773119229883054,-0.013752653350041265,stable
2.344232842462539,6.064049871678821,1.7732976959769795,2.6816268722058894,1.02088466294984,-1.2003425887105341,1.429428254034657,1.3689850701041397,0.6357551088887698,0.15455220158080246,0.7776642586322828,0.37840375958776323,-0.027573858437637523,stable
5.497211361869814,4.318519828235592,2.90133994771519,8.798674321701832,0.25302415589881555,-0.29265833471933567,-1.1467903761057268,1.9668143930713509,0.48326714131829046,0.17586538956091047,0.3315501116432293,0.5538175772910952,-0.003933137450261559,stable
5.472629910251739,8.982267242035219,7.440092382290241,9.92985170554061,-0.556795619543057,0.3094026672733472,-1.568162342369571,0.18131537432946265,0.6816492034920528,0.9513735637235611,0.9076859917307694,0.09075387369382273,0.016404789937093496,unstable
1.3448885823395837,5.732477106033626,3.4381324984965884,3.6014906633615915,0.8813940614850808,0.9562381744815589,0.5843538157293593,0.8764663287755625,0.4028597669555093,0.874405909125228,0.8327103784376809,0.8650717148136928,-0.02958276672108208,stable
9.82845558470371,1.3460062307764424,7.380207528077788,3.963531181066427,-0.3211909454570221,0.8566616497836299,-1.5608904374795025,-0.13535099481807178,0.9919090406670694,0.22093138104727195,0.3653942882141556,0.09965095787631487,-0.0020939270274631487,stable
5.928258204329857,8.815696353502696,2.7084646522614557,8.196112466453304,-0.48368903596533164,-0.47976262456916885,1.8587611177997467,-0.5288705576384265,0.40157030061746407,0.7115410564535926,0.6172492426885509,0.7691966805261862,0.0016235427899393019,unstable
0.5608843853109466,3.4574205913446017,8.487088253281163,0.9427104306134376,0.14839496859982226,0.05695798482983383,1.7424276462862038,0.4391109973317664,0.48535114334559065,0.5351230668571433,0.7240163629776875,0.7168333255068624,-0.028686360342061047,stable
7.8401674116411915,2.1299233122126378,6.978753370437911,4.482609223795857,1.291899471167575,-0.7868362791291603,-0.977387868006871,-1.0080454779334063,0.35130738800963995,0.402158604090729,0.9962420242554955,0.6208612228237266,-0.008274212900678962,stable
9.793524281481384,6.607361933563788,7.805568794715282,7.2150686615987585,1.119997102702806,0.6974910468774311,1.0190359475554982,0.7000539195334823,0.35401160604007037,0.2954852308370288,0.5256001848955072,0.5959855668431154,0.019698396235319424,unstable
6.103765269049029,8.17574903862649,8.769743500630277,7.266771129442347,1.1343862075945794,-0.3125032890323771,-1.418325262783057,1.5762397545545168,0.15488544513673697,0.5855753467265795,0.6147574041729681,0.6585182971371967,0.015721389878502953,unstable
3.5369755446853173,3.257892833910244,5.774834336758838,6.7708449054860065,1.2987976749040766,1.2017892068442237,0.009111819088233108,1.2049170241305056,0.22922836076482417,0.07181858285864769,0.24111821567799863,0.21899177628530064,-0.00545441562583285,stable
2.2813232994139567,5.130153622204617,2.948843499494592,1.2134920958932236,1.623444742363355,1.9989642719245082,-1.9071538666540993,0.08199374771488843,0.716767184361935,0.6976892901786208,0.35539683399228367,0.7865954308070365,-0.03384771240418341,stable
6.889003022210258,9.69582327871719,4.9225011856985805,3.9947469999540117,0.7671326696896266,-0.5257396836882813,0.61869341628418,0.04052501705131206,0.5736901734599908,0.5144931165622084,0.6275409300354305,0.9281856975647342,0.0005356366283382919,unstable
2.3535202853396475,4.6986349211258736,0.733828738027206,6.952007931640729,0.2179399568993854,-0.3991551184055657,0.7171013878444841,1.4909175975760371,0.1765545332488868,0.763509116634698,0.641136830865046,0.6247944038029889,-0.02418499473242446,stable
5.9880349789196625,4.0440094985966155,4.731451843476931,9.784531915829467,-1.6178649252831359,1.2334272772802,1.927613828093596,0.9874206879740948,0.2650498412722182,0.4873464067379269,0.26589558885206716,0.35793381032295984,0.004488942356130824,unstable
6.221272175606445,5.729007817336322,4.31150615661448,5.288654390815054,0.480517769342796,-0.778397091239742,0.38346348223416404,1.9866586640593975,0.5106573457027469,0.35875986048679387,0.4480775060895302,0.2724334086666482,-0.00407353925379784,stable
9.643019384681619,7.217263532122334,0.9567090049077289,5.793710054960966,1.2210565176016783,-0.7407803808804547,1.4339920998274085,-0.11691897633848658,0.07075092455558919,0.3516497438693693,0.3270476701746214,0.7356357748407054,0.0016013343744801997,unstable
1.1865200225338293,6.610690385304358,1.416790824356866,8.68706639860106,-0.0841996407725647,0.15867929644085121,0.7721571156096041,-1.457476745738414,0.4725089400062714,0.12500993466047838,0.13360913965187599,0.4797174597692262,-0.01130155829344898,stable
5.2497418247568755,0.8153634837409616,6.597995004753366,2.1450759016010403,0.11027815576762823,-0.5184393463047727,1.827909226320834,1.3841471338354054,0.16988440848996597,0.09378027947302428,0.14990753239816634,0.3110634665741315,-0.01660273789754584,stable
7.568926053185159,9.42681192379334,1.0213656983197685,6.783660498805386,-0.37621421763229446,-1.555413807323324,-1.5403672895314706,-0.51936410992491,0.2824503026732098,0.08767571129137941,0.8256742862412377,0.20653453925927961,0.0049902362379335916,unstable
2.1836540345092588,4.855938921209645,4.211196186738764,2.764380147919769,-1.7639044971594102,-0.8201883149081377,-0.2000004702845919,1.8970739603494504,0.24024589362932636,0.41249108051051864,0.3735619138560795,0.777745570945859,-0.023982299068765332,stable
4.186633951952933,7.190099180831116,3.4510581851447273,4.531578410115179,0.42224558335829787,1.9912083328547014,-1.5295689557308894,-1.4941445184304682,0.7055479060870393,0.9059932459745701,0.45549788596914265,0.6089035725398438,-0.014981288732743084,stable
1.0975072353222277,6.187287883064971,0.5927835421331245,6.241075094298765,0.2883158512982362,-0.23052841306034821,-1.724613827955967,-0.5756544809208659,0.6856773532391355,0.9703165458005619,0.65645507739437,0.2131048956435993,-0.027331134973340616,stable
7.3958682058698795,2.06017785576047,1.2067009663821306,2.670970884392616,0.4401817573782343,1.3934765462635155,1.6862554400095657,0.46059873974113774,0.820561566575964,0.37354334494474617,0.05071035022659547,0.3717852798243784,-0.024748707926845685,stable
1.3337949242151244,9.950041656786103,8.35683540261206,6.341611485643283,0.5651144916063324,-1.4885263756273588,0.7327863469016198,0.9453721841635945,0.4614919120680103,0.5959859278132519,0.4145767868089188,0.2744578265062682,0.006223146407159182,unstable
4.253371229400692,7.9776183256362305,7.505590358354252,3.2151018364226998,0.7903881640377732,-0.23137620339169818,1.6623619411734483,-0.19706051769393307,0.25490200334542534,0.8503380253654201,0.3034737435880848,0.4462676532378921,-0.0018957027531494221,stable
8.798464995646956,6.890882372039667,3.038907797644915,2.8810654632652284,1.9623098381199506,-1.5481208106612434,0.18731326103063983,1.9480905770665515,0.7935558917135151,0.05351981165031255,0.16189460832380653,0.4969212035652017,-0.003506156004772277,stable
4.986853199125109,3.0621125899442356,7.302113504653695,7.484863423487951,-1.775465007247194,0.9001090971649734,0.18698113897611446,1.6573788616154221,0.8855691887859602,0.3017212470967801,0.6388069953716454,0.289508339834189,-0.0034881720624153987,stable
9.169908369588413,2.318979689881623,1.8268832230997605,9.064785070474754,1.347281823586917,-0.6822988915549022,1.0805658685823767,-0.48676796337210826,0.8968873316213787,0.3123837211838337,0.05803815837363968,0.16605852710668506,-0.0012154478088163192,stable
7.7762126185192875,1.3515864270771227,7.427742170540444,5.179605508624771,0.9892705320873323,1.6004693249342643,-0.6201201059707016,0.22156430899450053,0.9231168651193344,0.698426747734962,0.3857959349505104,0.1130314040138211,-0.006263987947189086,stable
9.195577621061776,5.797550982206218,1.6623621473715635,1.9816250854867992,-1.3791355435500305,-0.5771935537980935,0.4288998622511331,-1.4002328166995879,0.6482016011255652,0.7971748408829951,0.9761861625153765,0.5702096523703191,-0.018366071694155398,stable
1.7103285859646102,2.505460246607657,6.131323825506353,4.78460419883523,-1.8400836017112874,1.9850518076859114,-1.2190852167945092,-1.937394674829147,0.2965786092418306,0.45174564330630324,0.8341928440242228,0.8218319400235061,-0.024192453040694686,stable
1.1988476006410043,4.498681375672282,9.978154601741094,8.03758453610249,-1.7925053153330675,0.03779482929594913,-1.814631104636422,1.0987903596362933,0.9539526443936432,0.7969623392204663,0.19902191842442002,0.2878437874789246,-0.0019057331621951026,stable
1.1680994089075716,7.729960111376089,9.432808902589406,2.1275940036401417,-0.3820031073980057,1.907013472535576,-0.6318003610004754,0.6712159869027357,0.171034095546666,0.32794385448029656,0.5734383580844586,0.8881136025053438,-0.00865649348680081,stable
8.754115796299534,6.262406754008763,1.269098406837157,2.2847715934281316,-0.37401300992842357,-0.29770294457005786,-1.9164170431134924,0.6254712136535425,0.23179572949471355,0.5635721781817388,0.458509133292235,0.8052448724592354,-0.013869628190705651,stable
6.523664803800711,3.5163464826529878,6.143382412704333,8.845035964468101,-1.9410297659414333,-0.7586145890472435,-0.618342951567096,-0.2096102033202416,0.6221812388058949,0.249215882004111,0.4371853393364971,0.13866463293248527,0.005334838693670391,unstable
5.217431091089104,1.3819790916421117,5.022923060257649,7.512808269874774,1.0617950681275978,1.157137948559062,-0.09634687694694,0.8761063722943572,0.7818740232652277,0.11543017156464444,0.903206214382178,0.28539611901825945,-0.01259167885899245,stable
2.0536624538665627,3.4276751487207795,0.9886308526751055,6.948355184125772,0.6396510211316762,-0.5135800113212796,1.9648240524799374,1.869483171806407,0.05812196080290861,0.5138383335098033,0.27985010738530497,0.4663127639321262,-0.02304480672968017,stable
6.9004676584091,2.3743887255131386,7.1917561994202375,9.491369088392329,-0.5122190878414452,-0.6599367781418195,1.2998432791828116,-0.8141022640468623,0.6083584052027832,0.36880697311393656,0.135371065174573,0.9621798001046697,0.004521372961357193,unstable
3.5211651845350813,5.680027943158978,5.304284478863759,7.605242629146447,1.823746751845471,1.5447457945059089,-0.15839978882363637,0.6266465583913488,0.1154962834415873,0.9291910290921594,0.29488211822131427,0.4000689391513357,-0.0034213912602713246,stable
7.253358701026476,4.512833411320238,6.450250555690463,2.2199292939491073,0.0001350276488896185,0.5141550057139428,1.3003097885200519,0.9628894126860903,0.7640384141822051,0.4822490765328045,0.4990212986217658,0.27545807992438437,-0.00901290444134009,stable
4.873375624239586,3.908623504135696,1.7909009371682614,9.863934045989176,-1.355502845196697,-0.13571292258121526,1.3516977889793926,-0.14391964967687843,0.6146550740154455,0.2797791204293404,0.6250627155084157,0.6355853722704601,-0.00968332613228651,stable
5.320963675173008,4.17051448869254,2.334345870173215,9.598137501706052,0.6053864628000554,1.0440919437423655,1.6402918361838488,0.5740549342391588,0.4216097562070369,0.3961392204929057,0.6864047614475018,0.33816197350066296,-0.0056516747188784956,stable
8.00182445836877,4.375925328441255,7.275703017138453,1.8186175652211491,-0.2514164130445353,-0.7848304002296418,-0.166244319912769,-1.3825363740794727,0.5328092284693196,0.4368138130925977,0.34480777193120893,0.4736272903856577,-0.005260114596469849,stable
1.3810820174721172,4.549034000379866,9.301358949495995,6.717901412722386,-0.2325111433616156,-1.3207480926342736,-0.28826130612787715,-0.12180277151764773,0.43187457772668175,0.08670369449457191,0.8932158153760701,0.18754116458998643,-0.0031232353107606414,stable
5.998205781573274,3.607765800825775,3.881860327588313,2.7406758424830855,-0.0506088911917808,1.358390128828245,-1.613292597359198,0.8066188069213296,0.8125030814163793,0.3951317854499475,0.5941536102077583,0.31171284303759056,-0.019996237219382255,stable
2.3737319993107513,7.717009134470937,9.847586115154431,3.1769256679083377,0.8016305054399302,-1.0104749039747412,1.1890917337648355,-0.570407917127548,0.4108043510736298,0.316166060324428,0.8156128323086901,0.6370762218939812,-0.003110165035892499,stable
8.177299142228897,5.527134687858613,2.581034999539998,7.435109406260633,-0.971303503491276,-1.2144798918437547,1.675938612838773,0.9090127711236362,0.8280021522032402,0.4280102536305794,0.26949097229577196,0.3102631858620751,0.00012261276976201392,unstable
5.14403734322797,0.6072759507245237,2.286270326504651,0.6361629099905513,-0.6917232894371619,-0.6761253857576737,-1.1805304995822268,1.1841619198761153,0.521158828106763,0.47732691011839534,0.4672112011851919,0.6348901318497301,-0.03881856903018117,stable
9.892605666994287,4.4012347073164,7.4199696908472905,5.786824078766966,0.2972739072092807,-1.4836835850362942,1.4405776377308968,-0.26420728066108534,0.41993736195576975,0.423158074925591,0.23021978986254565,0.39102789496043205,0.01142986975129067,unstable
2.237961584419328,2.6375094371722883,2.945219966854897,9.676994797706303,0.5577696775104011,1.4974687179652042,-0.4499524890619915,1.1601197911681242,0.90566686718598,0.7479950921193707,0.8789068979967396,0.37233531319708685,-0.020780306387113853,stable
9.64868183118054,6.156733030204891,9.565899182883955,6.667054982615463,-1.0763012259070823,-0.1399401070679751,0.38887114901301123,1.3738581982514706,0.5748270269138639,0.10265912543198967,0.32263359120559565,0.2568398933779217,0.023811124382565253,unstable
8.108711847781786,8.474104255369006,0.9481223182393801,3.154048964818558,-0.5607363001036099,-1.3845803554073783,1.380513088284622,1.514276329545997,0.6749178609005699,0.07408472233557421,0.5016191467049909,0.4732875492488736,-0.006907077930428225,stable
5.071974717465052,7.561985345720029,5.896268978782825,9.98288547628878,0.8917797826222578,-0.03162610896955087,-0.3796683234626981,-1.7015331102101152,0.5350586256283164,0.6335573077580695,0.5040426815708011,0.4125642439677447,0.010856672001017057,unstable
8.228573609706537,1.6685678869156764,8.122914847118032,3.273868398646803,0.08608275295488577,-0.33741999784072707,-0.8934319984012258,-0.16584016272400648,0.8162680069890105,0.569785218118557,0.4764145084537215,0.7651148674072757,-0.009903101148875203,stable
6.227064599790605,5.2547688943870385,7.5408265882377155,3.0425216094519487,0.9473848382871712,-0.17637065828603848,-0.5249388672976631,-1.63093393612258,0.7380054392681308,0.09781330452276499,0.9985198374405189,0.6627913338122868,-0.007322695345550247,stable
6.723650107918113,4.922388732688638,9.617446689674733,3.6581943585261154,-1.2359247513536675,-1.9899568138219226,1.6533218773720124,-0.45573664070961106,0.06486525248972581,0.6664463776612827,0.9779383514772304,0.6417736472324653,0.0005490815777154864,unstable
9.180062245720194,4.676075677758456,2.67366882011946,4.566536715500303,-0.4536281228551857,-0.7032659771731704,0.35054469493374807,1.6804055653080368,0.2795929691969934,0.7814570666378748,0.8123910330011422,0.8700560845193074,-0.010976627119030568,stable
1.1200689559072683,4.006061489967594,6.353357081362249,2.5811776093814527,0.23786630108569762,1.3531319763877154,1.4549414137761096,0.7203955575146099,0.4213695459962381,0.28544519045898287,0.7979632590098626,0.7481827143610357,-0.02611314070758419,stable
8.432387937604805,7.023615317201107,1.7367059201791566,0.9941714569896043,-0.1005073634495055,0.2155514092556743,1.4148044739006842,-1.1400051517328698,0.6763130377817931,0.14789707642960387,0.7133400193748995,0.7064583540796562,-0.015752840858393076,stable
4.127240409679269,1.6560363990715037,1.882436744921071,7.247993673706684,0.13079688718821014,1.0352760472391918,1.4032563248091496,-0.17014990498902582,0.793551694359707,0.9767216216326025,0.5205866215991192,0.7327860505324287,-0.02783396187217297,stable
3.592683352956692,0.9739534418635242,7.530902204640519,1.4110145565727656,1.5594987151726363,0.008477798494305855,0.5567470819655402,-0.7579154690666132,0.9645480662635183,0.1639716968289893,0.406119162018921,0.3301285988116723,-0.025552453729531757,stable
9.94325432649485,6.613012093629321,7.106564956592058,5.386694554296074,1.9695124662368575,-1.3131163747468286,0.5937458224030614,1.0981964092538723,0.8026948480048213,0.5794378477807384,0.7292046837452492,0.4636476805993068,0.00974888952688018,unstable
7.9213097697255925,2.405089833921186,7.8626722993295335,2.1633730076518223,0.019634006826756423,-1.6156825459707966,-0.14955097204928025,0.2920650952202819,0.8831564851100719,0.927014647913783,0.18374531032516322,0.36112893781093747,-0.01089411462922944,stable
5.112583818406084,3.9070918294542256,8.793792891034986,8.794185895118494,-0.3360980249592367,-1.0912925140881296,-0.3089892115748327,-1.813018540591194,0.5993106210148716,0.7474194834803809,0.10889388422236167,0.1312652953514563,0.008584689664689117,unstable
4.5149697660354216,9.25956583705144,2.274612972911735,5.3393648679959735,-0.3151002844954274,0.9840394418671403,-0.10629047327455554,-1.583457097146053,0.8345069629674129,0.536520523768073,0.46253520813687954,0.4642038401605005,-0.00801754906517791,stable
8.836524605782063,1.8480300956171685,7.293976437752539,5.81218326763324,0.8159481290480581,-0.1589931262552673,1.9960497154910293,1.925635291899229,0.6419262527817738,0.2046065361320329,0.563804242545042,0.7439492426147961,-0.0012946453534057028,stable
1.3247412860414944,8.573007975515853,8.20834020089062,7.036059180363491,0.8609899080427863,-0.9846140815255628,0.5700957640487481,-0.49608641713103285,0.7499441422116068,0.09873170767003396,0.11206795330359609,0.6433522887467386,0.004834891147368778,unstable
7.229978190681727,4.354658906964483,2.8087560321411713,7.992932797971114,1.8861623877471474,-1.1640452233789431,1.1336308400539217,1.0545690643161434,0.34617924981377457,0.11865341804145232,0.9496514580230415,0.578306111451325,-0.00399813636725173,stable
7.996968925198887,2.3215617480154926,5.148320524463051,9.591003360499718,1.7677412106258066,1.4025126433518125,0.39997215471959713,-0.11122362049770196,0.5810385028168603,0.4782521770836325,0.44299425302479684,0.7411516087837089,0.001427453686897881,unstable
8.09236560730309,9.856399865978702,3.538519720412084,2.4613158978935483,-1.916930201490267,0.7309561122999075,-0.512976228135575,-1.496693869503848,0.8063784160877917,0.7177905466434211,0.38364095406193144,0.22095716050022085,-0.0007723326574982699,stable
3.561723885028402,6.272807151373183,1.4338238368425664,4.179571568509679,1.1627293249304018,-1.9805576538517617,-0.01907044512033762,0.10691225019475326,0.4622650137672769,0.38106414216431034,0.8799275599694869,0.16379482344553503,-0.02081544159234848,stable
8.068072236087518,2.6112537356284866,8.672813796542963,4.123694765312724,1.6382328724127886,1.8805883760768443,-1.8230328154439768,-0.1851819279364313,0.8989452349830243,0.5678540634749758,0.7349387757698819,0.9050214355758505,-0.006844211215089439,stable
2.640620197818819,7.7524456092187535,7.645831550131852,4.042535592096979,-1.7336591461834057,1.1099260845278898,1.7055436808651327,0.20867819496933526,0.6585714471033113,0.4561437727069353,0.3128624770756156,0.1466252169105795,-0.002667432195816199,stable
3.9419255296034064,4.0200690489589705,0.6026622048112461,7.083340645236738,1.902724267563583,1.236130488904685,1.3641373452548904,0.20039530908972436,0.6511805734363282,0.5535985506447056,0.6008655963872387,0.769279581770016,-0.023754627939665544,stable
4.465757065941609,5.5564543090027065,4.30560764894258,6.3386286978369375,-1.0338718527017141,-1.6269125327977925,1.5553083433130959,-1.7676987292073365,0.2411021406173972,0.6071129838440646,0.5469102532321337,0.4522207460574288,-0.007570611314445537,stable
5.643394844486563,3.887365886105347,8.27019624060889,8.376731268293398,-0.7063080865827671,0.6047555457498532,-0.42469643175101757,1.0933439357466517,0.4308068873422537,0.7261316441408013,0.4511445904599181,0.6042806117129004,0.004382401930456118,unstable
1.5698298226352931,2.0533727222871514,9.60649198573589,7.915411291697537,-1.852355090791602,-0.49882957227081537,-0.8294894894436533,-0.8404737919941496,0.6691543076236477,0.19850094497006138,0.2723878695521468,0.9133370077129768,-0.007404136093404493,stable
4.366004106073408,8.365503627657784,2.8289318118957936,9.134728747709131,1.6982339197125098,-0.2766644470097406,-1.1719089848419992,-1.5954017205425712,0.7412526540559919,0.2309310285053876,0.31737698969191136,0.06708691419759823,0.0049546828010858445,unstable
0.5028565560157676,7.213188114254079,9.543585182481973,8.865326651798659,-1.8446115509842542,-0.3521920674813628,-1.273408654773383,-1.1048507766784907,0.22896451361984593,0.14193639354430665,0.6092193732250042,0.20706254196842716,0.009376477149588287,unstable
7.571616900300291,2.975658907992423,4.9416036780277945,8.7597260139937,-0.6811362520615143,-0.30693406713356275,0.750133758112085,1.6850712483577066,0.2713717279770285,0.7495835638758247,0.554900113560152,0.5694140294428875,-0.0001048334234939538,stable
8.592821166225441,5.51303198863761,0.9705420489777853,1.6414476595116385,0.8383930079462103,-1.8086128016239722,-0.2866242731276931,1.1415768908251538,0.7359513615429203,0.6807944358119666,0.20234782551667796,0.30718686475108625,-0.017836795279732066,stable
1.8198509516418766,0.6209715590574588,0.6395581595427653,2.9610658384899455,1.8983505371603324,-1.5540619272675262,-0.1159539211811742,0.3438528381591248,0.7574856058047078,0.5794744759266145,0.9874383970819358,0.17475441509173179,-0.047392148197694835,stable
7.185964808034579,8.525872207619273,1.4123483015476819,3.8685999075872757,1.5502898070727844,1.4493121130508708,-1.0952092788623684,1.690686261211745,0.5348249135572114,0.5099689759565377,0.28507926742758616,0.6090515915002169,-0.007212660680235747,stable
8.300479339749067,2.612162567709618,5.737663488910177,1.0663188883904595,1.5995397977748742,-1.805471874719978,0.1300715669093604,1.4074161054301406,0.7564605710790939,0.14406682367026918,0.4676988019133069,0.5808746302669632,-0.015453943422749871,stable
9.82736906728204,3.423036835341131,9.93683725269205,8.455876786171483,-1.255820525164335,0.7354923019147113,1.0345914105611675,-1.078697999726557,0.06838631373272121,0.14016868986505654,0.5706948966691355,0.826647882204372,0.02107831094136034,unstable
8.516010342502904,8.961134549828671,8.391313779204621,1.7811616264515426,0.4212199262703895,1.6606677161452432,-1.587141648432238,1.8044569390622835,0.7789225607006605,0.0631192155405348,0.8236830139458127,0.9957509525573042,0.005816672031247779,unstable
4.529011611718122,2.367134801014287,9.678068149450203,6.583483121775158,-1.4692802876133162,0.4038221511623594,1.2050717473986685,-0.7218070602713267,0.35844798252190563,0.4719702633413455,0.7168337204143841,0.758702501725954,-0.0036355281301235255,stable
9.807042730841736,6.925720439607748,9.338625313629224,3.176808067632398,-0.7277110589730924,-0.574242783679678,0.2990199933910822,-0.47030913448309475,0.6863651369289732,0.5412305904153192,0.681472577558537,0.21314522142265319,0.012509423747650357,unstable
9.752851846097373,1.024408246729674,9.008380817702797,1.323033120475597,-1.1338331752346136,-1.4558993292723175,1.3799193383831705,-0.8666013660137648,0.05467242816705922,0.05795860634631089,0.2775614151371041,0.25844629472855646,-0.0004715086443815579,stable
5.2849313024055,5.935939045957026,8.226439927708391,8.429091564498336,1.404732937522982,1.2711312258907057,-0.16007858655706686,1.7031019261649316,0.33625756099899745,0.17381088271261155,0.5626986602147855,0.8554836891850277,0.010049750635866021,unstable
7.6577421165471,7.816313299800597,6.339130596484569,6.6077100957529575,-0.21068052823288586,-0.29842677709911714,0.07617228666100484,1.007036239189496,0.5252615789996495,0.2786484941515666,0.6522657828011031,0.5242457180357627,0.011150132401522636,unstable
9.181457842895048,5.8827584826464605,7.0843818604444415,2.267231836494399,0.9339337329581126,0.1229926083707733,0.39927485056670076,1.5049155572287773,0.667783871768948,0.0736509427374815,0.506677176458737,0.6680744057240703,0.0014586430727546885,unstable
5.023397183703154,9.948821516357206,9.486543770262502,9.303151875860575,0.10308749790140093,0.03169329886564265,0.9094361934311967,-1.183955535408038,0.8965482399337111,0.5149061712180426,0.8438267764789941,0.808836175326829,0.019084199050670686,unstable
8.705969290422306,6.112877594123144,6.64836291250755,5.8824326712696084,-0.9480586077883011,1.5275422662073428,1.5936117033555037,-1.3589560153414384,0.25384227146091376,0.3123905081883164,0.21624274240311908,0.5567300792703396,0.011678078164193079,unstable
7.164901377587792,4.494111878459792,1.3171619655806397,5.921532389067591,0.45016407303176553,0.9068554469749484,1.6180787842200495,1.2724975307062731,0.5897326578970037,0.3550997938870849,0.10802476078397981,0.5285341405683164,-0.010662687738942387,stable
3.2922804317582974,3.3120888119940637,5.553650248804407,0.6844039799602721,-1.6313740212875678,0.3951479022288025,1.1779400152566875,-0.6619717135149745,0.3176055621078535,0.6547552554485627,0.7617572119647346,0.2727115916882691,-0.0279280894247545,stable
7.792696564842999,6.518361846284801,8.014375926129327,0.7267257345541636,1.5104835752897805,1.8507905026834544,-1.6868835781762446,0.7275491383953172,0.5422063350239158,0.15796522783491984,0.06057182048384539,0.7847541896309961,-9.708768534015012e-05,stable
5.921505465665241,7.342360887455757,1.574640451825562,1.3499861706362517,-1.51908873594973,1.1141708528261618,-1.9556014196824627,-1.4720641401671144,0.5356504437366802,0.994727633109968,0.15795422301928141,0.727361443836047,-0.021607236279552848,stable
1.3915289576164094,4.375625071431889,1.2407515240721025,4.199618806214532,1.8538948508054358,-0.6791656438468805,0.8071435354526231,-1.747214063612403,0.24888141986584272,0.7739012118756211,0.5787593338147071,0.7753055253300941,-0.033865426556093994,stable
4.21811404989431,9.529908624681216,8.566112003237578,5.755135237657276,-0.20152282927606358,-0.2785009747790861,-1.4184455282405897,0.5884291338770433,0.7900194926494165,0.7330678253147256,0.9369448985067672,0.3931156722125896,0.005907435345258453,unstable
1.2005396272791562,7.034269701511418,1.3484287654313911,5.520234420108617,1.8593798775030317,0.1646347210404704,1.175861372807164,1.928680171550325,0.26602536331556365,0.1630876466071693,0.6264085116089761,0.5718974630565253,-0.02037841363711472,stable
5.023586150561458,6.291424170370973,1.961280856574107,8.30801652118031,-0.8092866051098233,0.9791166662040296,1.6168946641648172,1.6769939431650847,0.9876598325906114,0.5493551575184272,0.7167442178561583,0.7413929174461797,-0.011014991380339768,stable
4.571126277357776,3.251979079354606,5.409179348326043,2.0797608759210853,-1.3427941055040393,-0.029942118734533896,0.23562581177785358,0.8366622960746377,0.10775789453187001,0.5657333159315172,0.42979794641357166,0.42132116411165293,-0.019342937652544287,stable
4.52550570821925,9.843737892689303,5.871492125809088,5.422628312731406,-1.3047644065249622,1.1890842595099964,1.7741847322870177,-1.8564194696160072,0.4379598678626863,0.8681587363957587,0.9457606755914838,0.9450155849086975,-0.001826064225170513,stable
6.069853359112451,2.8040030207140982,7.966206474413299,8.572756199062747,0.67965636867596,-1.2348962887617554,0.10072202927234875,-0.9829176645914623,0.1763956285404618,0.8743625748760212,0.23050514110443754,0.7870254457329315,0.0031906036819872186,unstable
1.6655612716726977,5.188997771367893,7.385612712064691,1.0097020032898885,-0.49877903257105327,1.2265549993265248,-1.5911138158105609,1.3064974078448572,0.4195129298835469,0.3252403223396056,0.8991978115225403,0.48576484951291166,-0.022523895170305102,stable
9.370804644590006,4.866241296740843,1.2074797983605134,5.386933774426461,0.013806730697783376,1.098266780132363,1.2836001583020247,1.5810515117976718,0.38579213872314444,0.9635499147146452,0.2532837703708257,0.6165993793600816,-0.009017477230548932,stable
6.998479256712813,4.966519438722966,5.8313218089643275,3.017701633825247,-0.3948042387060946,-0.46936256001611953,1.132391297290941,1.3904167609392024,0.7114827532521629,0.5300703571938248,0.9143112104038198,0.30360525656465537,-0.01026229254150893,stable
8.325922904731332,3.927001301171666,7.0329525815509415,9.691208334397766,0.9216339357186909,-1.4587736236117137,-0.4564981032191331,-0.5807082153200063,0.46150925013700056,0.5158421903484853,0.13176762579182977,0.13234221129769566,0.016235406416754212,unstable
9.019611706505719,7.272106380011619,9.897936448894473,1.3640792726195374,-0.9917052153393482,0.839419977541084,1.0653184422331323,-0.128805796415834,0.85385239437921,0.6726444795307084,0.1432030514843372,0.9071430667976152,0.006000119559119017,unstable
6.0415404457730215,8.242020618552193,8.078998625445418,3.8945593900942646,0.8870720306071509,1.0583590829740461,-1.2148961522121446,1.6091632824455102,0.934521897152255,0.3729705623412304,0.3584086879994621,0.24668879619797435,0.006079847981207635,unstable
0.8820730985937066,1.7879088078030825,9.047649033118947,1.8909820455595585,-0.03659754289291728,-1.0576829213583232,-1.2683987593091213,0.14950242216116427,0.519686644446881,0.10519318842186692,0.6811306570694546,0.2664838167359689,-0.023840939070682625,stable
7.259124829118701,0.8876507057344594,3.6168747631796316,4.341017951600056,1.0303052566795299,0.6641379422583267,0.29471922124966765,-0.27693584672924443,0.8593226898719779,0.672837531819039,0.08863163489962408,0.9051492721261253,-0.0223680350195017,stable
5.905745615501902,4.723134760052357,5.4576761431167,7.839627618824734,1.0694715364253016,0.3563820970621161,-0.4257696052749016,-0.6823919190460122,0.10166949508444041,0.5435930520896501,0.8899547380816011,0.3123180069553918,0.0005777838826838185,unstable
8.346593610618793,9.995793865422364,1.0188333767560251,1.0305671369473444,-1.1331925491293626,0.6375531324360546,0.7028625889230313,0.6462708093829854,0.304341900542196,0.4203094433411511,0.7505969917980536,0.3702888382641877,-0.008248215895366631,stable
5.555524498006269,6.836224764947992,8.101592066088688,4.429281758966603,0.31184783520535575,0.4467581038818471,0.22880331269879983,0.19488350741110327,0.5710247585456977,0.8993556907294656,0.6568736468066672,0.9510460190449512,-0.003084942855610031,stable
8.225818905959827,6.292114361878869,6.134801756545009,8.569824982634339,-1.8154848375753398,-0.7937253762805563,1.0113778454582398,-1.4616679033770374,0.25150348608066814,0.07628113781557709,0.4679853285283729,0.5966224717966817,0.016094437896438607,unstable
9.971597784188672,4.7459438554204105,7.1287634153096056,2.4640944359306483,1.8868019505942066,1.22058618190546,0.3333267251186127,-0.6672120783947602,0.8345399498915816,0.8263976854870746,0.622176474212728,0.8312699745006654,-0.004795921693336912,stable
3.8302707079949374,8.073615456823838,9.976982825386141,8.733509689533063,0.3211073332803922,0.12999623312718223,0.5967393876636145,-0.06835856817797392,0.9535725204230024,0.17531033457147838,0.8963981560009437,0.6822292407843259,0.012998395440446195,unstable
2.124703680196404,1.1219859456320047,8.260029992885675,0.9806964551986604,-0.8034147945482655,0.2555107097916953,-0.9059778665118419,-0.3830550531671846,0.1283338589196421,0.5463467121598896,0.5030086577927255,0.48414592896946107,-0.027090635604426733,stable
4.220910594812077,6.366113166653111,2.6397238240029584,1.9846706145996456,1.5252479852137402,1.86009222683253,-0.08994234436680193,1.5801495361695115,0.8566413566048338,0.49305694776376563,0.541872480216965,0.702019656707848,-0.024939406706297587,stable
7.653974903723926,8.23761362584127,1.3374997598711036,7.747980466132576,0.6372269286075052,-0.7443263176833161,1.4906864798716817,-1.5924543263390438,0.5659388356355395,0.9520166690908186,0.15313401983787273,0.24047330057650013,0.002884857763218526,unstable
4.672674852653912,3.9500071107206116,3.7233165682279257,2.4975052315546256,-1.7887127730450056,-1.223430436619874,-1.148069343562924,1.1151261696869486,0.7080641867965304,0.9872363188003748,0.4740760238897346,0.14534323976394137,-0.02446483943836023,stable
6.089611039577541,4.779274843272202,6.927618889399301,1.4918964192041715,1.666123772002286,-1.1073395198029572,-0.4724712804261242,0.4545253289243729,0.11005384431986583,0.960017966775482,0.43987354595520645,0.7579590357017766,-0.013118518985128622,stable
1.7099054832558749,3.375611728353504,0.8735510268263502,5.662347439600308,-1.2702611870756098,-0.25578087750363165,1.3976154637761318,-0.37403389360541794,0.9866074927861752,0.07700723576331281,0.3757147374146731,0.06971185867666507,-0.028491667428114043,stable
7.398173353872813,4.833821944187538,8.107063315342003,4.305310426210159,0.3989163965972322,-1.5922484479549288,-0.8948277654925878,0.6048586420260289,0.4373425066711275,0.058489548668419176,0.8809376268126737,0.07336246829294761,0.004360261846805445,unstable
3.1607828177317447,6.750799881268236,6.190058640961038,3.1029891376209524,-0.20198657992872215,-0.53052210313282,0.5865275063453428,-0.9164238285717943,0.08823020945038566,0.26647959337407057,0.9218616034450574,0.3485244305948224,-0.010113902990366755,stable
2.310866823838173,0.5035918063804289,8.38928560159216,0.7207338489619353,-1.2936632383687026,-0.5535687502223463,-1.0461035922925777,1.3924213551423725,0.8959102383009062,0.4198556469000922,0.13599038730509297,0.3033546430313285,-0.02896435937575536,stable
8.698024986540348,0.8983056346951964,3.7443576164519183,0.6269785673764541,-1.335650463214701,-1.471060512107739,0.1419598158851465,0.9577079455053874,0.7090972265295651,0.6448847925118708,0.5196567603466017,0.9393638040807216,-0.02914584590468401,stable
5.861921800645644,5.4599825678478835,3.5763711823006226,3.7356040780484885,-1.7391097566855471,-0.5698761991448311,-1.797240433824458,1.8183066543816948,0.2936297561624049,0.10717971898682542,0.05041052453854839,0.8741331661282774,-0.010042066756973686,stable
5.102739952289379,2.3908819646738477,1.6207180312008982,4.045976898397829,-1.223858516179936,-0.19932475106134095,0.30629928802053774,1.2843596140803522,0.23174526380299704,0.6041853015948808,0.42857316715307076,0.7182655579284158,-0.027013054335991944,stable
9.038825769860603,2.6182872722015773,1.9918224960410797,0.9175379130003508,1.4144721694049265,-1.65660776075996,-0.4386035861451347,-1.778012227481657,0.65232208356475,0.709515810531462,0.7757246746898864,0.6428835553439977,-0.02748604699289146,stable
1.3171181425795249,4.663379039754032,3.2655955220577284,3.7720437891036838,0.5749587164025063,0.7635940820878999,0.5610685450574899,-0.9921547307184668,0.415325080163617,0.20194951973989572,0.1977414215592616,0.5663857455955452,-0.024361667601554178,stable
7.113467278238481,5.763909572273967,3.6062195004865787,9.309857184176602,1.1827569890140062,1.0423507287887328,1.0984906898192697,0.6351665883110931,0.2957495700830498,0.5139142352255867,0.49006549087730744,0.34392278837461626,0.006265373415136274,unstable
3.6158317527637243,7.553021690163447,4.434555507977635,5.35736744454312,0.9332241894529889,0.03235922214344633,-1.65206382663255,-0.811247835649624,0.5294792354349604,0.829365734983144,0.9123785200330014,0.39929959566215734,-0.0109506744419465,stable
2.16639262485827,2.40053256274321,4.895303405136378,3.7334877637418717,1.9065129324127188,1.0352632690161894,-1.4797406095832484,-0.12239467009527516,0.35430062870236717,0.9103731263732767,0.917531429754795,0.4791700088002771,-0.030317585076954257,stable
6.91058717468915,8.742593770007668,9.458292870902516,7.761250444245703,0.5709867043710894,-0.3654251015347718,1.012900448748883,-1.8563641298478717,0.8378953908656303,0.7365294977815645,0.36422160453655095,0.7596835841277113,0.018690160263055304,unstable
3.9468085331978933,8.552302760611665,9.203529040876393,7.391354309046843,1.5848770736664797,-0.7790092618865812,0.6549265399696234,-1.1340042578942233,0.7219400304219429,0.14337750255746726,0.1279237690903544,0.5638850060634496,0.014949355068665914,unstable
3.6340104086923906,5.998678131995835,1.376412946411823,7.71800601259352,-0.41743229338855725,-1.1620068677030702,1.8801508497416806,0.8157887108968365,0.27130307465834624,0.4155834282390575,0.2554003225023962,0.6173156064743851,-0.010980243410137008,stable
9.464938769677284,1.7440220727504148,2.140939703689196,6.244587886397063,1.8066649410479516,-0.8188892899417781,0.4094015089309133,-0.40159728192424193,0.41611168001087273,0.32180587206469413,0.2819608735295863,0.6587012347286494,-0.009406677220384118,stable
2.3933342364551184,4.617914718607605,5.723125347274875,0.7844482541995021,1.2099562683898717,-0.9047142284336198,-1.7222333090190354,1.136856033569312,0.27718855794992087,0.8270009504189499,0.848912507492303,0.9162693393739317,-0.030549800384832775,stable
5.365649749458483,1.1226735244229873,3.157678787969265,1.213491477109181,-0.07225313646447917,1.5836756796616842,1.047220095528199,0.16014778788041895,0.427503147427855,0.7696866307378571,0.5218172194422029,0.7762970601498461,-0.035327786441389016,stable
0.728125406377818,9.6842398794998,3.6831659582375447,8.634709108421927,0.29789190557531553,0.5241340689111693,1.072795217502979,1.3083901694401048,0.949273851651049,0.618936728456808,0.6652330687854785,0.8584440904623578,-0.008633837815435736,stable
2.0519968658010836,1.9549783362595163,9.977237525358325,8.729231887756093,-0.4945823409396177,1.5853005204331874,1.495440559461112,-1.7603607869668574,0.10075252552164055,0.49801514631475424,0.641824523839409,0.2770060651759088,-0.0008043797663210197,stable
8.892477969518838,8.843917047783396,9.60867279485566,4.327324103743306,1.6193054396664235,-1.7952591745697868,1.4076032119848652,1.8367598991401293,0.47032182976264514,0.6127452807823512,0.5033060989903846,0.18773903668601055,0.02031041855864605,unstable
7.997851708400424,5.490334128546178,1.3233054214711648,9.19062085357249,-1.6478141210714075,1.2339492063647253,-1.6162008179946992,-1.642464088543067,0.42703263096689614,0.07076749624847005,0.9272671825634952,0.6956615033841499,-0.000598363785839412,stable
5.7899371555129076,3.5035579414705196,6.787984595408775,6.61704810960174,-0.8890037052947704,-1.8560492194638658,0.1251311784962823,0.2251659165482658,0.26444939908539444,0.4424193111473497,0.43109237460443944,0.7649992949500584,-0.00276848239395135,stable
2.6133072619179227,1.2615031574625604,9.562346426554702,7.8190606359157835,1.8538328555966732,-0.9093206851864379,0.28788538693129606,-1.782240472147893,0.45229447992958494,0.6518446795736883,0.6466508301570505,0.8501449658486891,-0.00986413107291765,stable
5.7986020349024106,5.866724417688285,2.3644048087445597,4.851068007278636,1.8101363513393198,-0.15313434530617664,1.9279911236292295,1.6754905995306948,0.9932097535706967,0.6865609552939925,0.6947002754664796,0.8846675480525381,-0.019093694490383804,stable
0.6153919980793192,4.2370037415871025,5.991087849583573,4.1500226982789155,0.41690219309281407,1.5647849888924186,-0.7666805466869686,-1.749447407306178,0.8735770090429681,0.7365172009902563,0.18003029754896704,0.460758228721375,-0.02377064796269556,stable
7.273439493910247,1.6259804273051257,4.794141882561239,4.222638827598905,1.0248652376714653,-1.6076575569568732,0.20352951162153277,-1.5023112340141047,0.5146767511349571,0.9629309491171217,0.5449252139724313,0.5607715222361842,-0.01812602060386468,stable
7.309131465355417,1.2704668424581187,2.124955672947551,3.589147267448388,-1.0042745798195352,0.7428851558646454,-1.9619557505315992,0.39896332682970215,0.13210661558872222,0.8006516494343118,0.7742851423640048,0.3605939166159785,-0.0246039334994914,stable
6.637427723880371,4.963005029530364,7.817018853670803,3.183273386099241,0.10688581508141137,0.2265128238009706,0.9667569361184629,1.1824997461027764,0.7664808205270421,0.2334751947922299,0.2163339996009353,0.895647324538489,-0.004057874214341537,stable
6.3077175006144115,1.791469294120459,8.685416290217782,9.60816846754531,-0.35652581501694325,-0.2831255701368538,-0.8741546492792187,-0.7541319617415772,0.9494306119529239,0.7226669868576073,0.7188468824606752,0.9374112767971183,-0.0006598499090967221,stable
1.2003061099331065,3.0376910859904003,8.70423489716086,2.4722951068701664,1.0998256261602921,-1.0568145772834936,1.2644315588211175,-1.7251801155516442,0.5887478390116853,0.5900965099841227,0.09045025260169129,0.9356648301949174,-0.02248847915907575,stable
2.840856705984268,9.816797989622305,5.267933956423106,4.410627489371487,-1.0889551065744287,-0.6435868859948859,-1.767380384944143,-0.2576325008362015,0.8403953759075743,0.8467166735762189,0.6883721639912685,0.4810876461853739,-0.008442318944799267,stable
5.9565914569303535,7.215147730435369,3.2074957370449972,4.9930552077941535,0.2674025200440395,-0.43427458471256974,-0.7926636814233956,0.5244021994111274,0.17045947330100347,0.5882215867150634,0.8272733525100431,0.1466402770962909,-0.005232248117599822,stable
4.2447742772745265,7.371496555972648,4.109863664076877,4.856467374111569,0.33959159814193995,1.858634751972898,0.37659233314623686,0.8465979452590275,0.6779399540536617,0.7339829853460588,0.14989412725341256,0.3639723102325512,-0.00817244220583937,stable
9.924220671523727,9.776246050164133,4.585186353510767,2.1973308528790967,0.5221385198149031,-1.7955213480376204,-0.3376559734039919,0.999570928640638,0.5647718394815722,0.7796296786429804,0.4837671534322654,0.8611033198697655,0.0027610998630613927,unstable
9.275580895064222,2.2541875366490007,5.8164505610027835,3.9582644851230784,1.9370010738085788,1.8060788037080568,1.4270887674633057,-0.48851526313024696,0.7106231145773032,0.8389229485316572,0.2903373923222039,0.20540752841995896,-0.006965246224657917,stable
1.944075073964102,9.039773679732926,6.942028179017834,4.8101594839562285,1.309497227017959,-0.9531651154105587,-1.645015217837419,-0.8989165847416953,0.9240567474560918,0.21183435678491552,0.6664457511535283,0.5662954113572526,-0.005003070292081217,stable
6.104625630170542,1.2789219300082952,5.276700702916676,4.052386746169256,1.603305602645062,-1.8558157347478912,0.13962755183411302,1.57223072740456,0.7768419816867437,0.38697858667228313,0.7143702097551616,0.696172140588758,-0.02109022707035281,stable
7.114043507982838,6.939904299742624,8.583815652172168,1.4052706612656607,-0.877668538589794,0.19967750085239766,-1.9005508469860137,-1.7573518940325128,0.5315010915539531,0.935924089986402,0.8003288834809664,0.23762680962043242,-0.0024193190703005497,stable
1.7971624358584182,3.123952334251992,6.024395499748522,1.1861518361712298,-1.3301136588998688,0.8882346814852253,-1.4554353676005696,0.03364230586769068,0.08916816039962114,0.8059068381377126,0.366101519397673,0.8769660181500925,-0.030361557415350092,stable
3.4696586474611273,8.487962173195008,9.231655061722808,8.65274748966672,0.7340006593931712,0.6576802395735002,-1.8210758132377136,1.7465955980136796,0.41260195063390454,0.8251181802057528,0.9952943640573805,0.06819401274312409,0.013099015891913342,unstable
7.301219545792196,9.093783478888298,8.722504272746301,2.3885086757325755,1.4917580832404358,1.7195698327024527,0.763933454551684,1.6175007255528029,0.25665757902409897,0.933897402657834,0.8339178966451695,0.5159059745348252,0.006063145668588784,unstable
9.060526887516948,5.489883854998371,2.6665886311090694,3.8207315753615623,-1.7880348144644964,0.3914506082781797,1.1426653505639588,-0.6140751607815913,0.8687786138311067,0.12925019636444818,0.5767926973493758,0.380284699507685,-0.007181203662798206,stable
3.7465551769582848,4.213834911494229,2.7697408823828646,9.714460971139518,1.3097666262186962,1.0329398070948423,-0.01863027873244505,-1.4151908199896348,0.05754697539956327,0.9199937423422099,0.5076156308152399,0.3476995410896878,-0.008052799593296266,stable
2.7699652610671657,3.8905406040994865,5.9784523346961596,4.359207069574667,-0.4504243077212804,0.9388722566072412,-1.2699891876553244,-1.1733729505931505,0.3095863275685883,0.44552590646977014,0.20066726129610502,0.0682423961824904,-0.012624696283991075,stable
8.30702402593704,9.43545281755278,7.473350828627389,3.392706452408059,-1.8876998291188642,1.3132206965179218,1.81229428752276,0.6508948653549944,0.13898930500440698,0.1777435351699974,0.6481100391952885,0.6285363223419775,0.01355443930275482,unstable
6.057335462143945,8.661854411027472,3.100816620004415,2.5300148335272006,-1.4894326687283037,0.21999718454026995,1.2440695299802487,-0.5608765377493987,0.6557515180600513,0.9052873794338812,0.8748488560900569,0.8242636227171324,-0.015425703564748029,stable
5.027590006204819,8.790900430265424,9.277170596692788,5.195019219964071,-0.11067438416818831,-1.9794469365945901,-1.6810797739394805,1.8315711138149848,0.9280912983790082,0.8705220084180956,0.9462691702826479,0.5113622422508537,0.004445477036164717,unstable
2.933425203564977,6.918865565712413,4.337216763232949,6.569619239473406,-0.21771961030757847,0.9047625506396022,0.10630531453803638,-1.6377448072614693,0.8559890029887279,0.31576566853973426,0.9057493445953074,0.2516772747804802,-0.009748089524561887,stable
1.1902543121590494,0.6772341541733775,3.9625436588054317,5.963540393509931,-0.38370118754874394,-0.54037723113957,0.5385202234677959,1.0960395731294916,0.20817811004801845,0.3690563907507647,0.3989034698860172,0.15818296530659454,-0.026187673383337502,stable
0.669968498521265,4.628029297066591,8.25102059423503,4.850064894365835,-1.3701299312434485,0.43148516192024866,1.3430173259492948,0.8035810252031177,0.42204762484518715,0.08669672025523775,0.3567053685653688,0.2183032684120808,-0.00942105669991758,stable
6.0097167153589,9.2548834690385,1.68171691221809,1.3495338888550086,-1.612814520072301,1.7389441693380752,1.361612593375849,-1.3037116709070524,0.294505554916417,0.8757730396807406,0.1543288149484357,0.3432023449822249,-0.01259942130896284,stable
2.3155475978707107,1.3639334492962978,9.963065976322156,5.4307900586780695,0.40898190643827714,-1.4228280453920257,1.8221895227717155,-0.9739122569475733,0.24922279452511797,0.4854704929768981,0.8268763246153635,0.062188468643512206,-0.010435447698386372,stable
9.767563295054794,3.9479449846014507,9.419565787692509,2.475749209645049,-0.03192820423366083,1.8270597243709776,-1.5743214352036068,-1.2679987353918873,0.4522922595711087,0.4417040048207897,0.5889057237457568,0.4775375706941967,0.00422486039832525,unstable
1.521033669668399,9.123283247250129,8.882785083344118,7.4515248191122625,-1.8251428137068682,1.4759477430243524,1.197258603858308,1.597705571960013,0.1739235314590133,0.8938756670641559,0.33149663793975953,0.9226290687860376,0.005836942522192433,unstable
4.79484348910753,3.1720879394495842,5.16007246756476,9.237660152598373,0.9890213774314507,-1.8457566333193793,-0.5446046088696197,-0.6773032229572413,0.45062932675010686,0.33540839461131206,0.7146809514511014,0.6892285134531696,-0.005038075809527833,stable
4.24926807217412,7.907102512806894,8.902059686736207,8.795190096461768,-1.0876018963688052,-0.8644843480358886,1.9322847078354979,1.50489742441906,0.34923191055863345,0.885866493519379,0.5513820848410429,0.9842997346496954,0.010780149802603719,unstable
2.7069590152125445,3.264035381011269,4.750627187679916,1.2629341934270104,-1.1566753598019575,0.7594797538221831,-0.4970281728392605,0.7052571411225483,0.6431539559291233,0.3695838672363292,0.2101339254129303,0.3112552830324915,-0.02770924571472752,stable
7.613179387537383,4.505072197574881,1.8579235919260282,3.8982924035543567,0.6678543311324723,-0.7503902274712511,-0.8791387439338774,0.018186931720471033,0.8313462731996855,0.8275026746486095,0.7364732403389466,0.78227445563061,-0.021201814267607633,stable
6.615195239762948,2.203767032324607,8.71414378429608,2.901917912604861,-1.2351558598547698,0.15552064291303358,-1.6772530626090254,-1.8926049582763258,0.6612227084511008,0.2535823368644542,0.7323676688041599,0.5430736782390717,-0.009863672039322686,stable
7.394698007992764,8.873256061428561,6.02509484091939,0.7712012173839577,0.8730359505322443,-0.31215606415879593,-1.4866459061717618,0.9178159525832412,0.5643821121869372,0.963592276576387,0.3542947530242202,0.3677034007173433,-0.0035892373932127613,stable
1.2866814710166996,9.369030234953465,2.3597517475877883,9.988132004944363,1.031437846680844,1.7363370813955998,0.6779145774172224,-0.587963617576694,0.09667817695549777,0.6950104380681623,0.9575793712405481,0.9954028252836242,-0.006214365411483371,stable
3.8510624491158483,6.59675104714466,2.9098779877135676,2.7787780173554397,-0.6696218668930594,0.02890404187843787,0.8743087268583918,-1.3178900885497598,0.6470024496234336,0.6481132460616826,0.30081219515817587,0.5903167392508593,-0.020590049397146974,stable
5.438414206175202,8.938611338609125,6.146335587757,1.741935683513536,-0.7988965300180908,1.6215899747905067,1.3144779143582177,0.619082033807592,0.35219403725006687,0.29454284622212606,0.936282109094305,0.9653262058370072,-0.00707848395188037,stable
4.5538508654372905,4.011110666497807,3.3102663516514075,6.701626765918914,-0.9959562974247125,0.8667108444013043,0.9726335907105774,-1.2030621087844713,0.9347627839552416,0.17725009795378993,0.820508780239769,0.6566529753396346,-0.016503736563678637,stable
0.8858668377910797,9.969971981464992,2.1900337501851848,2.198697305868837,1.1837876177317015,0.7153682441759157,-0.5542404167558379,1.486451970738495,0.31161983765469464,0.4178262893052337,0.14547244221332278,0.7636854443950986,-0.020081595379566518,stable
2.3432608215575357,8.438180992296243,3.3578598329406657,2.7266042895433293,-1.2992419197810468,0.1725638017093245,0.9349230239373747,-1.3514010996947845,0.16229666793691166,0.9847811706963163,0.8735938283923604,0.9943625189292985,-0.02291040608893001,stable
9.477734158893952,7.386747514065537,1.3474561948438721,1.1722808912317102,1.4913398007974186,1.8033046541878344,-1.3635193887735118,1.7747725287260607,0.4121104861139627,0.9284916806975663,0.3678955820279907,0.8215214258938774,-0.014189548976079311,stable
2.044412385156523,1.1497539021838912,6.839344692366523,6.329345820594078,-0.5312761838956419,1.012996079278392,0.821247292270856,0.22267260122517918,0.4479931790692064,0.6286056089276084,0.4498248310843307,0.24576306218200344,-0.017953791405563205,stable
8.594497158396365,9.060251446822063,7.300279841647926,7.189591287173705,-1.7293060484378393,-1.9050054963857663,0.9545924174459297,-1.045729175497724,0.8971378013924665,0.8726240342107351,0.3814301507021965,0.773996856581753,0.015735605120664402,unstable
8.31030301111218,8.419482142772512,2.922373492061001,6.867690212109154,1.9270344917427646,1.4018679617175644,-0.20066596086205424,-0.7785610627271424,0.6605783139340201,0.7632800210250611,0.07590070227010783,0.424924831929628,0.006676202799343025,unstable
4.217290692242026,3.7609797572572634,8.207792933064734,3.2254292767928607,-0.2065764137760926,-1.6232707331593415,0.03258878398130349,0.002989733000243966,0.4280791355306949,0.863955136981122,0.595106666710791,0.39594839056190906,-0.012886715000530381,stable
4.934443438520503,5.055654126299398,9.174221636228545,6.58926175584777,-1.461074798757958,0.5100721195634312,1.1227469020060314,0.5010352541779102,0.21661090971552843,0.4040380914675719,0.18127551701887618,0.13005794569921333,0.009724040072734587,unstable
8.328017172674233,1.2248009885979974,9.15233379056242,9.002598083482793,1.5324138283773014,-0.05291715323842938,1.0208191983141908,0.31741575688382806,0.1187695956268112,0.1419810023683334,0.1155385798111031,0.5966511552330773,0.014404673423096988,unstable
6.966520092917018,3.340644097695777,6.812593204880742,2.8678437076993677,1.1211153704033117,-0.40713733769706817,-0.7131334222033368,1.975214007464714,0.42665151577491284,0.6139076982475127,0.9493073365729178,0.209801171109757,-0.01102933585054324,stable
8.450965496076174,4.26147369227439,4.735700437337016,2.5734503804058138,0.13056336582332984,-1.289900054341388,-1.8473180327101426,-0.3991168845555433,0.4447833892983684,0.15915905510175363,0.7904298124432515,0.12249466005928758,-0.007530359569279819,stable
7.697167565405175,4.096397875186456,1.037084457022199,8.270414289812123,0.8676796125954098,1.3512961088588349,-0.6153828587451753,0.19249590965796592,0.8241174299200379,0.10446502817415343,0.4875879904181298,0.32586532767434584,-0.00595751841236845,stable
7.067079054685744,7.826730769909585,9.801612962475584,3.6409533341599065,-1.4514646117790648,0.39654447722318054,-0.3087054624098373,0.13177107081223483,0.740449449599257,0.7597223391968391,0.5918354943789091,0.4291811446095505,0.008234998164154276,unstable
9.173254007065342,8.999372654956847,8.142417197587324,9.114961955320846,0.2859175983193234,0.7669349080477859,-0.19945433686222147,-1.7718493912242543,0.9264169094017647,0.2819833473146697,0.5222225457485722,0.47837642465016716,0.027530018401750025,unstable
8.316667764398593,4.496579278871389,2.86505459064676,7.979023733210045,-1.6441441045013465,-0.029236767306555667,-1.7210930103363813,1.0922921004385948,0.7662195071009632,0.932351952424115,0.7295984003019866,0.41655552338731205,-0.005080313498254918,stable
2.201095532038436,2.0511925785555816,8.099821733575926,1.6096613865964025,-0.6914816476172101,-1.5010003368815563,1.9580539342125611,-0.014771240114383577,0.9280304914337781,0.19030960652891898,0.6226736459129507,0.44494453272865525,-0.026025363306105657,stable
7.608130613271826,9.106264290018308,1.048138796706176,0.8875747270328447,-0.5570310754031218,-0.847451943921099,0.8149979933736127,1.4330660006276825,0.8165308889292575,0.6127906756330258,0.5227756052636752,0.8387263063908601,-0.0173288463135112,stable
1.3234725695881566,1.8642084694010683,9.865493660611836,8.046381841311138,-0.036244550587056334,0.9570424136482929,0.753953867154046,0.2093187539683794,0.9243332284748711,0.7663799301355405,0.4785193955032017,0.8529758759946245,-0.01236215079826069,stable
4.5456342827932055,6.278436101981071,1.6683383935212839,4.772552605540891,-0.7154629568525555,1.2651843773573352,0.931585768517452,1.9050082574619749,0.2985082929852203,0.7772784147892761,0.8078981882023798,0.39048530278549926,-0.018208447534220754,stable
4.26914292795754,5.418147922447107,1.480768684473576,1.2430008240197123,-0.27139239529603953,1.1923995638429328,-1.337573947251082,0.4000267208071695,0.22409122133542453,0.9069950737434929,0.10542190290972722,0.3403093424376461,-0.02685643680488662,stable
2.420596892767104,4.299120413000632,8.45008104847035,8.880624304741216,-0.5850607210448611,-0.7720225526497924,0.687029975073393,-1.982340927372666,0.08939148120133482,0.9944683687211393,0.7472658900407901,0.31515943074562747,-0.0006053692060962092,stable
9.410098532041898,1.8797006120742372,1.157799206769998,0.690977812054399,-1.8847896735100327,1.904595740145433,-1.2526094004764894,-1.729084888199893,0.7616000522813264,0.7220733630229171,0.6845610222115166,0.6918241402386639,-0.03145385248142079,stable
1.4003784444310865,6.3109084123741255,3.545827501271704,7.27414118039058,1.497607928580202,1.0220598585802563,-0.7186555206985328,1.7768497975090627,0.6838080146321587,0.33657538350868543,0.5279878084198393,0.5673066472324483,-0.014250250422796923,stable
0.5465444423914683,9.284353510409108,2.5949919317564794,5.474497598310496,-0.41130189332950806,0.9403472829483972,0.43126464916900265,-0.2636307309870616,0.5551790436340045,0.29674228912405537,0.9113724024931943,0.599482412912308,-0.017062912033648937,stable
3.5677476348077946,2.7945945968032975,2.8206209376095686,5.361818026870074,-1.8157459394776807,1.3582578563692396,0.7166430388362168,1.8277365119013256,0.608432991722604,0.8968562278358483,0.7761474147361228,0.4756818095554577,-0.02742363922902333,stable
9.91207482329161,9.498152347237294,4.0228741484539015,8.441993707754268,1.9913941000134456,0.4074010885112087,-0.6042201249241805,-0.5517296683762996,0.3160139194024305,0.9167438423274832,0.928213183931061,0.7382131166264996,0.015191817255405318,unstable
3.014603719690179,5.470320520249803,6.188634338047746,6.762465500165115,-1.5154352589324849,0.12205199319191484,-1.8045672124671963,0.2292870460335239,0.6902677491572171,0.7480455647227104,0.6342317406850294,0.8027017822426553,-0.010786173988655964,stable
8.391595522418445,7.2550199665805115,5.4894214865400865,6.400133575805854,1.0221259718751634,1.9119339661055963,1.6305675973100398,0.13352187606927668,0.23772114001434946,0.4555215400654624,0.61831173241412,0.21479625643361905,0.011208673033724484,unstable
2.144579551694422,5.412668552035286,9.842212430907074,8.742029164289079,1.5253878680666375,-1.658214425851749,1.2976691132784746,1.6464328557124652,0.4795614369522575,0.5633848471066488,0.23364641548061887,0.19249412364601026,0.008008290131386963,unstable
6.070594370584589,2.0572831370798452,9.028744819588736,9.23124736844108,-0.5502648849607557,-1.4391917610801355,-0.10285195814151393,-1.7129436509853755,0.5433750994433187,0.9417016500688565,0.5078511893501795,0.16516596241818093,0.005179204732832942,unstable
9.604888684204223,1.27635361303834,4.327718659335849,6.5363131251297135,1.270867081643626,1.8653190809899378,1.7464891980054134,0.14644365964544948,0.1779588027938685,0.7058106383955787,0.7264786495563414,0.7937210563638977,-0.007656660531278123,stable
7.306875728375167,0.8244423990439715,6.54471984742688,9.122973717542587,1.78470000624095,-0.19869050973409141,1.3710469533027512,1.8563915318309738,0.9907769348941837,0.998329941014768,0.1688809805334442,0.4137398372881673,-0.003361109237681306,stable
9.81482576419562,0.9383937117859,7.736953104648138,5.071959992613378,-1.3724482095728385,-0.36871791794088704,-1.4891727427611454,0.9961978309584905,0.39535905979718455,0.9145505472534181,0.8633365352929688,0.6880863155769562,-0.005401330856495058,stable
5.958288166345877,4.7595853094669085,1.5172236947218696,1.4506995513712233,0.9136724174256221,1.4609516369686335,-1.9836276469109198,-1.4236238453188563,0.8511616929608121,0.9847314333989085,0.5325311560025617,0.9495635920259888,-0.03237544756717667,stable
9.841679712257504,3.807404398882407,6.389837506400644,0.6604254062171995,0.20571048392206803,1.393519944751934,-0.0024253061250814056,-1.7846807930292439,0.2981251095950052,0.4031167079858655,0.24100460105424404,0.12321191180774269,-0.0035789240928199087,stable
8.451946801340036,7.30510986490387,7.410626974666022,0.8513011387522663,0.6589840500037241,0.524427193070053,-1.3123527284115593,-1.9075310011177824,0.10110524137853343,0.5945465060981276,0.21514205952369087,0.7438756142605735,0.001774114842850857,unstable
7.893358147968319,4.316932243200844,7.07027498707646,9.625133613253503,0.024265325048570485,-0.6408903837209041,-0.1563071693239122,-0.0035029051709423165,0.42983828078597813,0.4532633464737494,0.910447007828131,0.4776106833474008,0.010908450886571509,unstable
8.940653925659252,5.136923198697564,0.7981381248182347,1.8348820664676677,-1.1271676421573775,1.4799756421304253,-0.4558984253913745,-0.0891895820683053,0.3670704246060814,0.22717646516748896,0.44728552835518715,0.1866096516783185,-0.014364217059928592,stable
6.499169413985358,1.7836589238333784,9.483295662872694,1.0025249535469232,-1.9253069103159488,-1.58837071809188,-0.04129111043875833,0.8171725249177579,0.7813903652851348,0.8880332693275096,0.27732856674019585,0.6686240144534576,-0.016155258693435606,stable
3.8854631905774286,7.332139056612749,0.5091347305051971,9.72662723198612,0.9803711598211566,0.6145861396217795,0.7549080906595558,1.9463235555579734,0.5455477342240691,0.4694552243258454,0.4169414309538042,0.934152300200286,-0.008197072924316285,stable
5.518683180541434,3.404176535447876,1.4090160158156837,4.345600123743955,1.2786555146318204,1.0402294642556131,0.395440870523712,-1.6264950717821232,0.7215347319030978,0.7831529105179491,0.5591040402337959,0.06390670234627674,-0.02394480228613323,stable
2.651753758982454,7.754201672446043,2.575111858694462,9.580131535255585,1.282997857135467,0.18773692575083167,0.5297920927842248,-0.35717254738334914,0.9107118599349605,0.9300918354671028,0.6638293799479191,0.47587150028990105,-0.008499525814753058,stable
7.886669176876201,6.997026221622552,6.723894839257037,6.455508803240746,1.6073973121961238,0.3160031490467987,-1.1100633146282792,-0.5860658175900211,0.2712242582764281,0.657149847979605,0.11160545269987752,0.6088827571229039,0.011913436022097266,unstable
2.1157457653412317,6.610009373408229,5.268453793492749,3.3509265807071493,1.7183784820472954,1.9054016569969057,1.507523477345143,0.6140059261344146,0.48753136734188074,0.5829094498249798,0.7500543055999777,0.4320717330420583,-0.017899995496671088,stable
5.983380515372612,0.6325233530284868,0.680495597362107,5.200564722457767,-0.5880848234625851,0.3816088235935444,-1.5817501750277518,1.645873411600995,0.42622403877933407,0.538846575798087,0.14270697395306597,0.8802550894040352,-0.028697752919120186,stable
5.591039831001586,8.256506889602868,3.4387367280201477,4.006513132412492,1.3125187994486796,-0.21485878323996932,-1.7287540111524073,-0.3161346907051201,0.5400330096398899,0.3265646347075075,0.576943636471824,0.8326719879336127,-0.008149074891171433,stable
6.883076633038059,6.377994135076575,2.385626428001694,9.484536456960708,1.7530438196679548,1.3874715602644407,1.5984740143973961,1.3878651461261802,0.3327059748810253,0.9568775262458792,0.7466206486844881,0.7971642554127709,-0.0013387578934282354,stable
7.724622687319876,6.262353241655374,7.046022154688922,4.19357344112033,-1.4054466990444157,-1.2187517881336238,-1.7273824790047247,1.5158631110074543,0.7245361605143642,0.2689590392470627,0.4087367325745383,0.2454816445755142,0.004827860927403855,unstable
1.5433649176071347,8.43955188994508,8.737522167731651,5.733147044891533,-0.10928634099769763,-1.2869360831384062,1.2371510518283135,0.001484419380485491,0.9678713974758247,0.3639481629248984,0.5807674626447107,0.6201202598452108,-0.0015295713640147198,stable
6.436939135845844,2.4971124080752793,8.511130687419904,1.0132056207684634,-0.18149945939984047,1.254997470888787,-0.8870784100130793,0.2493092732840756,0.9502079237946666,0.9849634897581079,0.8909434634914524,0.2623206690735694,-0.01929620810031525,stable
4.432580883419331,6.138761150635929,1.878122767911231,0.5854782821769275,1.4765809076284921,1.1965602796720658,1.5135628051266767,-0.10387748094736216,0.9720578450453546,0.9787978026738192,0.6667138917865724,0.1215748820414488,-0.03110836439737743,stable
6.33491363884556,9.752280601050375,3.6979905357054905,5.033329838239414,-0.5695600430604477,-1.3843830525343548,-1.3456196649010344,-1.9802679276437778,0.21322518932476653,0.8481760414950947,0.6211950843570025,0.09968424267604786,0.0031348837453375362,unstable
7.092853159891705,8.382960304442943,1.7309923991321203,3.016733376550384,-1.2931949108057048,-0.5024860817550407,0.7133681360024791,0.005505330305473066,0.31659853334590854,0.23867027745360386,0.07116394010940125,0.9937073796041214,-0.00754185255252229,stable
6.062056064725907,9.238908701495696,8.634957377252698,4.175874351620234,-1.377442576546327,0.033420309475586496,1.7941136531963218,1.2883621365393267,0.3425272643116513,0.24452609257483354,0.9057743865515819,0.15616635288316127,0.012034520756130202,unstable
7.462417730157794,5.474154774994122,8.935005125388493,4.069027327044694,1.7403755129066174,0.29067323012953183,0.48951490202471337,1.6663024309397372,0.9583042004211416,0.1264680100283913,0.6813403321078281,0.06033043651306804,0.005719297498610602,unstable
5.440239943444156,1.2218905710206793,7.769413756563106,7.25077565924696,0.3234728605299795,-1.6495738547496188,-1.9724220628066793,0.3752367756725441,0.938578252428195,0.24939073585790827,0.8774273980168134,0.6363809968831435,-0.00930308709024305,stable
4.897244186728082,6.79442182634697,6.982738009163872,1.9886878806639476,-1.9483974626240719,-1.2296093557452754,-0.2683912663714185,1.8351202650268368,0.5672666916557242,0.1345481927365363,0.5057733598169477,0.4861811685665185,-0.006811117306621458,stable
3.224304221761084,8.367617215102754,5.504264158100493,9.624402107050619,0.11109948181717577,0.6246991829247084,-0.4965188647529475,-1.07256866235153,0.7731642937317068,0.1633794001629728,0.6586426487105638,0.6735706715382956,0.005457684184319685,unstable
2.6769408649687123,3.2216655171616084,9.13109018757334,1.191103368880485,1.1369473197055822,-1.5169033044653477,1.3013402048096094,1.3299357778530592,0.573143184875851,0.11771945681967899,0.7358736163952819,0.10034983396739373,-0.017083430613830667,stable
7.105370007872275,4.874399837301688,1.3620109957521036,2.7045869773971467,0.6886378361858156,-0.8052761891850091,0.3905269871938408,1.2840701597751525,0.6727552986511174,0.5051766532989663,0.22378507917406687,0.4892136127491438,-0.019338733673558442,stable
7.109257851718348,3.192827236611521,8.504085622340085,1.8401792591091721,-0.14697602743772453,-1.1865769417705017,0.09779365051585787,1.539790836055173,0.05893544855992347,0.2660878713746143,0.345912787047712,0.1534319858269031,-0.002505965539597958,stable
2.3570838732776656,2.210387353469951,4.4498409246422135,4.68876707434191,0.5042764209027357,-1.8327875922418988,-0.2294728318361905,-1.5041775398253678,0.8495358264347764,0.7909102147044991,0.5294046005443293,0.936808842642166,-0.031268099357299496,stable
9.732455457805566,8.6012002122949,6.548687290914841,1.4313491739867987,0.3313160855984969,-0.0002771204562987961,-1.0646318861263468,-0.7176355236865808,0.8687791848644648,0.0976407654878265,0.4752818576044415,0.06496023053462206,0.008250920145048496,unstable
6.875932412749262,6.94601048248464,6.975054483085277,1.7537747822788632,-1.6011249010388617,1.0943788369685654,-0.693575088817588,-1.7176706812663722,0.8250045994236473,0.43246171755260376,0.1289149421720917,0.6235835630969015,-0.0036728937097311176,stable
5.5465531704933495,5.603717199880462,4.496435488983007,4.244416537776389,1.7621360808931366,0.06431659064099504,0.7214393204671383,0.8948449507145146,0.811134222430855,0.48572296235005846,0.9373570023408557,0.11396962832057658,-0.012013113084378715,stable
8.491165839677192,8.37115760655032,1.9140954810655455,0.545085189341326,-1.479597314385137,-1.7013709979727643,-0.05257698879196493,0.3601830389959244,0.7335445476499439,0.5092886293522155,0.43982181913809004,0.22371761099980508,-0.011228102744114319,stable
5.1219441163799715,2.836690807703512,7.015394558038508,9.05337813402402,-0.8665044291353832,1.622585236345233,-0.014817331230879915,-0.21197191733402887,0.6430206823344258,0.5624843088260699,0.061856504068778316,0.22203798118590884,0.00262152165828912,unstable
5.021476265953105,6.904513562429897,5.312497497494903,1.6715132119445864,-1.4563868019860466,1.4390236380707493,1.4083675256372508,1.5643443269802435,0.7837638381363237,0.4205756092773611,0.12778882368893107,0.8278347044127675,-0.013524813533020692,stable
2.9536068007366003,9.522297544563322,4.781976709054664,3.37535977739221,0.07696378973015916,-1.430193817634673,0.5036722275479577,-1.2481845208349585,0.20145206524729137,0.7536918871881378,0.4202289240228724,0.4747880858427789,-0.007667702732138414,stable
1.983287073211577,8.173481348498566,8.708820061195642,9.139420313018718,0.8485810633015989,-1.1034133806948394,1.2238204874261873,-0.5743334320568829,0.9480903289328507,0.5816407451719929,0.07931183233328798,0.23982450876282546,0.010768184913806466,unstable
7.260395499368716,7.16347264017474,9.045279610174275,4.271918989933273,-1.0673675257645523,-0.1826101378491578,1.3661060844746986,1.174406435226047,0.7594638394331361,0.3282337592596243,0.2984392034962743,0.7430731928327289,0.008706616874018691,unstable
8.519054198270904,8.64910543218341,2.536543513397405,4.86367672767519,-1.6439129445514031,0.23802823531138317,0.66679583574465,-0.6611466482820503,0.4407178974287272,0.6252163595633696,0.7794328303880096,0.09635045692207378,0.0017123619573063634,unstable
6.939088391911611,3.7024228380342237,4.944262920990287,7.897181913219611,0.6689194970761965,-1.2191760771830857,-0.6306597051486222,0.8699677261770873,0.18393440915138798,0.9108766932222768,0.21263879543127245,0.6196257741898573,-0.0009279881995846451,stable
4.003804408611527,3.9141102513795314,2.1883568897718177,5.417105263934546,-0.8157186281847961,-1.742158449800677,1.8932164254487707,-1.730906258938655,0.9669577496585751,0.6809422632433837,0.7066776869861403,0.13226032231060936,-0.023625748076749994,stable
5.969359866580995,0.5918722924238369,5.987002154905865,2.9108364237732376,-1.2002957530207943,1.3469133805400695,1.6702911119913515,-0.6215607811710462,0.553262167513865,0.9284268781766228,0.6395964922266664,0.7354079204592918,-0.0256357904476724,stable
5.852418499902904,7.093127634910666,4.8963966274368325,7.5936848820183975,-0.95894158725033,0.8802804934982618,0.687830412145976,-1.2690803983679464,0.818618677791655,0.37578513642166533,0.4780274317794816,0.7439850933508001,0.0015069874139539974,unstable
9.397377793005793,8.690970983161362,7.144762000209958,2.0412083999365676,0.08454351895144585,1.403953765830754,1.8812513465050347,-1.779399633218699,0.22518181753989663,0.4782435213603478,0.7469853574295104,0.24301564495660566,0.009718666234352401,unstable
4.182905013579049,4.491434479352986,9.154890316635857,8.72534041319543,0.6096203512563352,-0.8716602277621068,1.8681518794060206,1.8754399812464646,0.4565262535208452,0.5862064458287235,0.584130266119192,0.8994701774993482,0.003754759842067761,unstable
2.0654351946270335,8.899603668378298,4.791517029200524,4.0074049004525705,-1.0698756560363352,-1.9750524586566653,-1.7999341214234001,-1.67647359516112,0.8613168291716559,0.9762044477594632,0.41915921458325056,0.7272282858289135,-0.015509641905070358,stable
8.830862486625602,8.335712935361624,9.630294011434623,4.782068296974617,0.18456718935091354,-0.023994403506962136,1.602398882108869,-0.9844715546524556,0.5556927117635727,0.17160820544876368,0.6090012039101421,0.3981820325186991,0.020274923557785277,unstable
8.99992072042525,7.7880895247028645,2.8352613139459457,7.500755062407464,-0.36352992839079024,-0.3058908723069944,-0.3915139615662744,-0.7965760999812272,0.8358624540268492,0.7244187337954237,0.07804019306806473,0.2572593985103922,0.008332162656700155,unstable
0.9585231525180055,3.953439757522381,8.579474619280552,2.5186612726114976,-1.992781188546462,-0.2149974319767085,1.7737580769428214,-0.3511717193455368,0.8871758604804854,0.09741953296327532,0.5940194251163334,0.240936618635347,-0.019072510181146113,stable
2.3831282929750826,7.985850871018153,6.350666040273167,7.907792025450484,1.4691365615404472,1.180319545864735,-1.275697365965522,-0.47848006296701984,0.9262329997908009,0.4398901336748136,0.1335350889051752,0.6964198329589304,0.0005882027976436121,unstable
6.544694709194868,6.3310425482053025,3.858655527560683,2.205793669651168,-0.05410748957480038,0.8254703202469211,-1.2556479633584292,1.7226137819743688,0.5070535255730183,0.48109294577877826,0.869460366057567,0.23522728649216845,-0.013113704482977611,stable
7.99402897853096,9.554239326289789,1.4051843941784177,3.6570739452797287,0.4779747335929616,0.7329883174764822,0.20328272367796352,0.8492832668353922,0.8881415716561929,0.5525886223880123,0.9179831342840166,0.1668803218589221,-0.006101651640238494,stable
6.263578814035229,1.861511706115043,5.70619403305916,4.065400984385313,0.046206720833315895,-0.29186165023872457,-0.296927127202681,0.7764685117953873,0.13052775843683365,0.3828092767529272,0.9671438004171306,0.10284257597990054,-0.0131749032139471,stable
2.3200973632023034,8.059135264537272,8.902773885920583,1.0089982882651243,0.9644128402691989,-0.2932936896949885,1.1285846593622555,1.1712005969242467,0.30698567692417494,0.9679437777249629,0.5449139338060534,0.4754994328150337,-0.01074920210153792,stable
1.6175949649908914,4.670182032165436,5.4050042072586955,3.8944623913641387,0.8332847722543768,-0.5945694214660766,-1.891837970762734,-1.4558904192883815,0.45265268763979194,0.7336540724828445,0.7737156216129386,0.7676341631899458,-0.0246701737351797,stable
5.306740023619244,2.9086965308376636,2.5852778332835067,1.535262678198598,-1.9113133199443708,1.1537775985433605,-0.3790659044112701,-0.4584585739687843,0.9201919740171639,0.8413744423445606,0.6557021502852667,0.39043040500236176,-0.03319855219339923,stable
8.247348863260608,0.7973893810849266,4.372351295993488,0.5515130098881937,1.123038727849769,0.0778872716348391,1.447791990935218,-1.3384421670677389,0.8804377885025534,0.47053183036560126,0.16313291124875443,0.7849125145063375,-0.026573568847548197,stable
2.562138220185199,9.324694764734993,9.853967067303385,5.02850449993822,-1.4214119921835624,1.7308649307127073,-1.8124662013027986,-0.15558700906596057,0.851461766688592,0.7209022181508763,0.13313108979911104,0.9436533203940928,0.003677519405241119,unstable
1.2137606012914444,0.8994060333242342,7.128377609789335,9.009330400207029,0.04526452219643984,-0.9613012732866419,-1.9362537045262678,-0.4585559622239943,0.1075046209973086,0.15942592482229861,0.9754759990920274,0.08953561600550322,-0.011032524193055594,stable
5.734927460036395,8.698360938522569,9.000777723453982,5.251490816286358,1.0901520321870377,-0.7034563613958116,1.7917867299186057,-1.7989153806489893,0.8594996735362175,0.7523917000090572,0.3747931696902211,0.5519836560644569,0.009020551349248496,unstable
2.322262907284919,4.12435608997287,0.5356794850462278,8.2596787867089,0.8749620941699385,1.101299202681287,-0.08152133014088259,0.48778480995970996,0.8164730449378601,0.6674925872272339,0.5605256288895764,0.527618580069523,-0.02475560603308867,stable
1.1405253446005612,9.004853003963536,0.8913070922757851,4.320788123630188,-1.3949193288819326,-1.917487350407073,1.745253684089295,-0.25041830964133016,0.23137178617386106,0.5088298784676085,0.5584084626690522,0.808036828605247,-0.022139550868403673,stable
7.846013681392048,3.4800191615545666,5.936174498760749,5.640816824457206,-0.7681405288505445,-0.5917305009037399,0.015976596716705593,1.7656476199116522,0.7763428816317597,0.2767192793377316,0.14856293535690782,0.4659213281510468,-0.0010801717069758056,stable
8.301652757740264,6.814539573991897,3.3748912846788794,1.5388509662134038,-0.10871829681956946,1.9629167760361428,0.18955922010123905,-1.2639043169784143,0.17739710315737206,0.512690702496316,0.8768635920194724,0.8631038477029839,-0.012075439770319621,stable
4.284187735433236,3.967597483871866,8.247609366710634,6.170579509459246,0.9175439569996895,-0.4114421577585574,1.1666029490717365,-1.068317204652808,0.07443472783248158,0.8144202510216633,0.5547796053690364,0.9951349417377678,-0.005518912391117287,stable
3.293725421598702,3.6832022372103137,6.754564931759166,0.9546228888018855,-1.4955238690802584,-1.8065402532618906,-0.4608965733717234,-0.5575748365653999,0.6565628914123751,0.264848859204751,0.8615393825445429,0.7421408410773395,-0.025910171172769874,stable
3.132648449651099,6.643872875099707,4.416175357803853,7.851186543965785,-0.36594549313675495,-0.2084591160188789,-0.18111258421381926,0.8622496321593047,0.05065192911731931,0.24916464572201652,0.24779398144280262,0.10860404185931205,0.0018286350755938553,unstable
3.929228545369333,7.867577666111605,6.180983568511708,7.294448245591995,-0.15811309728123035,-1.1350674106038987,-1.0019623404170455,0.925595590298264,0.9521821257728814,0.3263754474547766,0.7787564012212587,0.6808829671501627,-0.000510389644033795,stable
5.98062260960449,1.8420350173946176,8.177593556618499,7.276787212921495,-1.3646256910221575,-1.1671116397834904,1.140287889781129,-0.45765408223699033,0.38011126399379697,0.7696281837363151,0.19437567338461947,0.8631561990182415,-0.002843760609317115,stable
5.5142907420685345,1.3021826765982911,5.794853308591181,0.5250408985810896,0.6129034201018118,1.0493221598975166,0.673847837145924,0.2780938322973987,0.19928197100689987,0.7348247677837826,0.12878532632023537,0.28392939850566273,-0.023893188253485166,stable
3.8758172211406148,2.7568688784873805,1.0842556581693985,4.3525164975727835,-0.7711839317881433,-1.031875693319272,-0.7738913994194547,0.4458167438062879,0.8417193048785315,0.6095622422504282,0.3261093965505313,0.600779186867216,-0.031717205014308095,stable
6.5554993027627235,1.8892956742572824,3.9666678706538905,3.32208384151061,1.57001815388218,-1.2749870863224344,-1.1770874224689898,1.7165521467327727,0.41567681688548813,0.32162554344141125,0.5328500942118582,0.935716603640789,-0.021695478567936473,stable
6.9197906985008695,2.8085171801735545,4.616310417767303,8.445212695165349,1.2830474191163024,-0.20694873261782698,1.4340917895403371,-0.1640290363565513,0.8416803821767086,0.40038154899880346,0.7233986420346384,0.27896890067795005,-0.004247569890422813,stable
5.803650005762826,9.272197839669328,3.3634321305018635,7.5479841334347775,-0.7013450251537376,1.477142974041314,0.25706711625476775,-0.16964905922692397,0.3375445965555009,0.2550209899460924,0.32523828600503185,0.4723234721033842,0.008017523550371941,unstable
4.179301692992803,9.111105959594344,5.842670688374729,2.8609033972793236,-1.8308442206840452,1.5459603226104375,-0.9525311564985817,1.0097667714428615,0.6905735864085283,0.4927527932994459,0.3970957837883227,0.4633094998302107,-0.005233703971029539,stable
6.427076428421776,6.370247930930025,7.194713414030389,6.662017458015377,-1.5921388096401259,1.2518448077535593,-0.6370642843403886,-1.5368126401584306,0.8258973149790652,0.6510715214904502,0.1157966701210879,0.28126654061215395,0.007264977842480128,unstable
6.123076440534049,9.111006640608414,6.5756523386204035,2.335454765981027,1.445574858075803,-1.3150693628881762,-1.6501609995354936,0.9603697015808343,0.6616780020851518,0.15955613447623024,0.49106400518195226,0.42152881890290267,0.0016938406611285428,unstable
3.7330766451163306,3.2802155216552507,3.6551453198526325,3.006118172629173,0.6835417215724733,0.8734105189028978,0.733275751150114,-1.2811196032411076,0.7264374453202366,0.40351563895037673,0.8129968645117346,0.37720103701717395,-0.027414365780864144,stable
3.38040962031033,1.3946550188928968,8.16731284539977,2.071875146602002,0.853933668978708,-0.08278258156613427,0.631224276837028,-0.597479074465769,0.7365429723076818,0.25430327763376775,0.16287212431712106,0.20491264292891176,-0.019257523507924916,stable
5.684614350683223,3.974401470586367,5.947746071091813,0.7851975241397173,-1.4341221347408748,1.4035668859521762,-0.37084265599865596,-1.5957276854124505,0.1997501457365854,0.5475077687256883,0.1580597097473289,0.9599955579328822,-0.018346667369459627,stable
6.317246520517582,8.856235470286485,5.1688826099788585,6.8366358005274614,1.8534853986966477,1.864976558816272,0.11034345043616245,-1.3286808141448927,0.39178352723008564,0.49691120348089435,0.09140384431794654,0.5280133910235609,0.01040694117301353,unstable
6.302585169757183,0.7680885843359334,2.2722302602407733,6.57523149118145,-0.6320205722876819,0.954739079973979,1.3934543414978502,-0.06010829877387991,0.20635457710016775,0.21068671610765033,0.6755850030977997,0.08703286856090545,-0.016102957060544265,stable
4.136961084529622,8.812274312785076,9.5331278741208,5.735625851877489,0.2318703297907776,-1.050715800943045,-0.8831935180755259,1.6246476726455659,0.8651700789219564,0.06073135803784515,0.39650015700118707,0.5980960415674725,0.010942484630640157,unstable
5.874852118554425,4.848216972276348,1.8369863510857285,6.947710655626132,0.8183627572951884,-1.8364223314688348,-0.5649660502649501,-1.690914002712883,0.691792012423822,0.9548375934568921,0.256808614395282,0.973110885318602,-0.015613330284116402,stable
9.864811534365982,7.572235872073913,3.597400398360879,5.153039236936183,0.6675883986414042,0.24897307088260945,-1.8410838293685283,-0.781345334488281,0.7873487417735462,0.6055116076005869,0.6153389805155113,0.7224226465255161,0.0018156077222665854,unstable
4.566232930917541,5.5078171476347615,6.633989019604999,8.346027880348196,-1.5679279396015078,-0.13680568429681728,0.8940732228470774,-0.7007216877309852,0.7916709431662554,0.951959148205855,0.1367798213732508,0.2816707413015941,0.00182476417602896,unstable
8.50863978860491,1.3575759388234216,7.43911570175168,8.31890831375414,-0.35854514996622555,1.8562158394662647,-0.2432179989427623,1.6824967351062825,0.9929213581273134,0.8047271245000613,0.11071037539864707,0.718296115896803,0.0009273244877212525,unstable
1.272575067416091,7.470806247824815,1.686897217715193,3.142862283898112,0.24688429354992802,0.7437928964643792,0.8019989829505652,0.6326122560331093,0.7650178603491241,0.3911738844385624,0.6737712592133029,0.16896478719873292,-0.026061786913863086,stable
8.814668410168732,1.7121545672008263,9.236952274185127,1.2960780741237914,-1.697531618706976,-0.9209868568341122,-0.9654963812219708,-1.0793862079139873,0.7660533017596953,0.4735649413108007,0.4887601323643286,0.8495013313968532,-0.0102397652199622,stable
9.44620847753392,9.477758310537471,9.700985034565564,6.052002383574852,0.4062918158796429,-1.7680820109970514,1.4579550384080284,-0.14912016857489885,0.9150418332598856,0.7314327257594222,0.6682230880684523,0.7883754812854707,0.02117701987366335,unstable
2.987708150612404,5.3609330704900815,8.579654332732837,0.836382490256977,-1.0174568617456758,-1.8607377960433786,-0.3979532462860216,-0.35256572847290046,0.44711907004997836,0.9940913802212412,0.6891387596696189,0.6922299009927463,-0.019701200444437177,stable
0.6149634488858307,6.630610863784281,6.5344130277235495,3.296478735844639,-0.16818194890099525,1.9537067952027782,1.6216394468599908,1.839273450205443,0.2863837851962969,0.3759672500236386,0.16682164914344932,0.7502629376145362,-0.015206012919293865,stable
5.088579927621093,0.6377732075737481,5.673102226543145,8.265442076385012,0.40197788296153236,0.40955636013718255,-0.19686233979842305,0.5146612779776216,0.8025486961307128,0.4656076454611189,0.9850140836004595,0.7315470815131263,-0.01576134393821959,stable
2.2357664477916406,1.8037451552843295,9.589720972474806,0.8629722906787067,1.3238409310433856,-1.2701952711244413,-0.5957837310696807,-0.8253746470733074,0.7477592448277486,0.6495582435299269,0.4858744860885689,0.9667193801102829,-0.02801904460720893,stable
9.730496915710045,8.265357967424038,7.139682117920385,2.0275437461109354,-0.9503045982619516,0.03650261471217808,0.3261548036074764,-1.72160317340902,0.3350984498654757,0.21306466948847652,0.38684753615392786,0.5009392479971994,0.010727952350388106,unstable
9.02813513361671,1.0524495003220389,8.931307995322317,5.297759480422782,-1.9915948525309806,-1.3587807423192508,0.49645390794241395,1.8489354954817898,0.7064957878033001,0.7298163008974645,0.7707118541727862,0.8815497433199021,-0.004668738156757652,stable
9.62631641633758,0.89879450100307,7.15356336822862,7.952189554366907,0.9058157720743902,0.7570297502423595,-1.452316556346351,-1.8435648020944924,0.8184963404874835,0.3709409973783415,0.875866421325257,0.2172881484764449,0.0026642000615028118,unstable
6.236761748537151,1.3227321231993436,0.6432040831173064,5.791311091446536,-0.7768618618518786,-1.3350655327446996,1.0291970234985413,-1.919554169637124,0.5344755702687493,0.34134785283370406,0.15645593348389641,0.7932323589014466,-0.02414253596168814,stable
5.3940234855751,2.156167503361748,2.765372823747321,6.792123626954102,0.19567035895608953,0.28748768509748635,-1.2553099033802098,1.976436499140462,0.9204195216881009,0.5661093695114995,0.2765252445869419,0.8722618247796909,-0.020407361203735493,stable
8.410819569112192,7.630792159877116,6.460020665036858,4.5487952617974745,0.15918122013596436,0.4767340860718323,1.3797982967446614,1.6660846507187461,0.10785771405461468,0.7659611502653357,0.9066474938967508,0.2859520255623715,0.007293977220663732,unstable
6.6973151740457,6.818922483236567,8.469384300292063,5.681786440521297,0.4655950357068712,1.7955465412778384,-1.696913026060642,-1.889924715495689,0.6175411607411396,0.9145999887535881,0.7922694403725302,0.6037694604337779,0.0045276207437338865,unstable
2.8612979254888287,8.012390899561105,7.349768879937544,4.471789105809888,0.11622876440166197,-0.24418182880173944,-1.6483324410845115,1.160522212018519,0.10841907080420708,0.8625656338802931,0.10021018653720132,0.6823750461893713,-0.002029732660061956,stable
9.37571736344969,7.73724398170408,5.992160089285542,8.759827518980039,1.977559819342161,1.7589570449465772,-1.3318121896305763,1.545767951377337,0.6866311141586633,0.23218562138119553,0.10216529713024833,0.34605402628525284,0.02282719208877158,unstable
4.677144774672548,1.1152549142536463,1.5999646733682957,3.4444979168508483,1.528467213220146,-1.9960854511444035,1.2799495311881475,-0.29590143381021816,0.8064875700587892,0.9653120577265317,0.5150732922256004,0.7721218887424454,-0.038202818345903486,stable
7.848784168938341,2.848715029737338,5.80947868111331,1.5711127438989037,1.8307263543605785,1.4245618653905363,1.5174680165790306,-1.78062780349256,0.7205032925699035,0.09444728224220494,0.40033591786561046,0.7761035312315366,-0.014761723560326543,stable
5.258910591390624,9.322714133909022,3.7697330803421236,6.689694341993561,-1.2716506869704438,0.8155746949876064,-1.2851089547190018,1.4487120595301182,0.7290549657525291,0.6618554964884419,0.8391085154845098,0.9952084938762316,-0.0035235069889202435,stable
2.2418843094987118,5.5867465432229,5.751132805198631,7.110783932007982,-0.5591445075395733,-0.6159828790400823,-0.5615163623063357,1.3475762694520146,0.9144112220682133,0.8444454733649613,0.08210920420159201,0.17407378898629292,-0.008348829468284736,stable
3.3113050465894265,7.1878799099058455,5.535244965406295,1.1582906723708875,1.4892199497027856,1.1076465399253421,0.715992542399873,1.0919489944318754,0.1317975189079689,0.21266820464817726,0.4234744434237186,0.5066072276602084,-0.013390935487519228,stable
5.956902303626763,9.781817867459823,7.9657731047597515,7.432046806572268,1.2841008965171765,1.9287536576512312,-0.2016240413706183,-0.08232715416428471,0.6721754414429282,0.705097508278769,0.17408648923946118,0.4749933015317568,0.01770958650358194,unstable
1.858519800510665,9.305588382784833,8.67257758382426,8.620190661797983,-1.8508271315796438,-0.1618328651990657,1.4625652607472723,-1.2289028223086227,0.6895773224897235,0.9425114424818526,0.9016257983197166,0.13310321318603427,0.0078081021899077206,unstable
0.6305096568565465,9.3049655330149,0.5133314976435125,1.4780638372634094,0.3286589401133577,-0.8820686717079949,-0.9617628649549443,1.1475708763241705,0.7268713393835166,0.7180343844498327,0.9594011301671597,0.8508705539181237,-0.03645871072764724,stable
4.621966631324349,4.398508519596893,4.899406396384695,5.116723536536004,1.8935476212669098,0.9949663454137152,0.4828057973049984,0.05643888098428507,0.64387685809433,0.2586632288282276,0.5664580590397843,0.6431813774676531,-0.012969384907545123,stable
7.740873132662586,5.589331683400288,7.0005275368199955,1.7510221425916441,0.2652444652351216,-1.858998961626857,1.0067004139551163,1.220937718369624,0.968940835784453,0.47346423991075165,0.7774735461593532,0.26337821061959393,-0.0072118979236844745,stable
6.334494100557436,1.1382665345688023,3.8706384568497993,3.2185498613264167,-1.249191984675591,1.346421340292589,0.4236733889631856,-0.8085839025347359,0.16628448738659346,0.6789030535768056,0.6874935079774225,0.25871167457994143,-0.022552091234347676,stable
3.5793905701700726,0.9533768144133947,8.013109566507843,4.461730705207808,0.9968741466890174,0.7535002238414501,1.6645652711763748,0.9555453183451368,0.6887107006040388,0.4530459648033832,0.599890176828976,0.1603656919848697,-0.01699104353035855,stable
7.313788923307186,5.577807581486561,0.5680368624574808,9.995506451237516,-0.7556687701539109,1.1737281784902662,-1.5585363278641045,-1.3158715204645528,0.3097239997651131,0.6350608447447161,0.943881103672831,0.7883123432977422,-0.004747041911180158,stable
5.102889014543797,2.685375897489033,2.066184275072443,5.18365586219904,0.3450703886101394,-0.2249031733668212,1.0126639273991067,1.7624990999826031,0.16806517642556834,0.3052271873038356,0.6547850892580903,0.11434624940855848,-0.018616855888719478,stable
9.995262846441754,3.8472835813242234,5.664764807382055,1.199657634835671,0.7029943540865577,-0.5993973469544382,0.9118786522965019,0.31644602735638205,0.8467096259039452,0.8547954291493934,0.5785924729232026,0.5574908976790816,-0.012420519953318856,stable
7.872300698225415,2.8692678234965134,1.0806684800196273,7.477834294838954,0.8540290391811522,-0.5744251948550181,-1.0379399131795384,-0.9978176460562023,0.6440947817866813,0.7416082953374749,0.38076558627621016,0.8864055182163239,-0.015014192666632181,stable
8.39099869208171,4.935147617747688,6.865005604707011,5.737051063697218,-1.5898057459364066,1.0576240343917158,1.3770420665273266,-1.1410149258396936,0.5921226465287497,0.514649615736836,0.9620692198084301,0.5129400006334186,0.001911600032046894,unstable
2.9657146083183923,9.309481829215802,9.262873685787733,1.217399454618611,-0.4399775793265137,1.8461522381645805,1.43152090495841,-1.5432786093296493,0.7903650198134572,0.516081752815271,0.07608368989807837,0.7688077253674906,-0.003868016994620133,stable
1.9468021470637324,2.6879906615981377,8.425764061356354,8.112909066466162,-1.2383795982266075,0.1886059762546699,1.7526814325300264,-0.33835603077614085,0.247078356165306,0.6810637060272152,0.7883222589681401,0.6764806420245383,-0.009031059974715034,stable
2.3933871365165,1.2747118769211179,7.1506721541906995,5.119919797208505,-1.5189890749199688,-1.2864413042751792,1.8995158775787644,-0.09637710345513995,0.9485140882576701,0.7983329246607322,0.6389325029136014,0.697749862244258,-0.025570919478289256,stable
4.606517161289528,9.55598344486711,9.179837724128392,4.022936979636149,-0.5331195592095299,0.4694201238794533,-1.7051022417515984,0.7722667993418724,0.6700512203547133,0.7544342127242681,0.16868218601914953,0.33937676747640966,0.008750466341930253,unstable
5.365416636398553,6.5526900970470825,7.366281225980298,5.617168829692898,1.2929086667968628,-1.4620995114445026,1.9561826346207432,1.4698250509437436,0.9658563579221191,0.44803694994134746,0.6611837092483875,0.22030273057732558,0.0007769932343511775,unstable
2.3487888034562276,4.017884840276281,7.130736190867711,4.058824106456943,-1.536412873187626,0.39912865871363623,-1.060713342571832,-0.024780382573112547,0.5310470025022774,0.8384947914453654,0.8217521962046904,0.8945336984113054,-0.021538553590175293,stable
7.909475324391526,5.277635904393145,0.5328636133895188,8.272696671525715,-0.07732147412881396,-1.73399270122319,0.5964962626939667,-0.703495168218093,0.8367474640043808,0.09369772981738951,0.910221347049522,0.46866468932690536,-0.006564977366741229,stable
8.75009596696368,1.4204715363700178,2.307592221261446,5.612123489945582,-1.2999744357987946,0.3263783216423106,0.2866049472692995,1.2402117899115161,0.2855863233760702,0.8009712422139453,0.3247635224371368,0.11388756230970845,-0.012400335215332493,stable
3.502047364722288,3.455360888881309,6.910529849029319,7.292062628748992,-0.8056373659468146,1.3128035400786553,-1.9567919717321778,0.8424662140783798,0.8178171663618561,0.6490373844219275,0.4921465767287263,0.06917837240994214,-0.007240895671157498,stable
5.326609869184755,0.8669843453852546,7.974250040977938,6.719570985764539,-0.5631817914792525,-0.20168292618984474,0.8157029043197026,0.5144550964934966,0.8331293856144315,0.5870506307439137,0.9625874922229063,0.5433263157421312,-0.012411931018335688,stable
6.146558723871209,1.9257870553593748,9.686597700131948,9.867474657876894,-0.4698228153312036,0.40434365658219784,-0.2643545773335765,0.7274812176317376,0.7726282454836135,0.2277572957357702,0.7628569720523988,0.13969867620051513,0.00955133939573708,unstable
7.3625926523456755,5.006168563247246,7.909903656569219,0.8049892980942376,-0.8143458045187462,0.012765642042637637,-1.458623698137378,0.013014338173944484,0.6413669996474407,0.553652511535824,0.20887842546821167,0.7040181790154848,-0.00783044515269386,stable
1.9009883174208857,1.283776274697691,3.042012055054414,1.9212522432951582,-1.5724930933263694,0.2160509317495074,-1.9327955027071368,-0.32212419266383474,0.3923928671847228,0.4180750582329904,0.8151864659728789,0.42758475951733566,-0.03989612352836927,stable
3.168275083329986,3.5726034339687014,3.885723723785211,6.4954841286172,-0.30167749117803977,1.2258144332153247,1.350227555093237,-1.250680113181717,0.40522168755574883,0.11271205429760599,0.36691805800222693,0.33648305140754875,-0.01330145833206291,stable
7.441706960654827,6.1257064165385735,8.077140517086306,1.411403549698405,0.665584579655309,-0.3974759273067998,-0.46423858074339375,1.9837471414022705,0.7633712918733053,0.15537016489048178,0.3221952742750641,0.07004257047154243,0.0010849971023933081,unstable
5.897826985779953,8.69062892171397,5.567856665021014,9.16357287957307,1.8232121002990178,-0.9517573675942579,-1.6186061008020078,-1.9034225212564313,0.3338635735170628,0.38073528624993486,0.618178217763735,0.31845251212722153,0.015043565681930245,unstable
9.04948503767001,2.6710580756614157,2.7804349329619757,2.841929146681563,-0.2258379690317196,-1.0333678261714896,1.8275980357484527,-1.7678856026614924,0.432772624504173,0.9627851389085404,0.7020103539449821,0.4106454078388765,-0.019183799643545454,stable
4.754654438893063,3.9470136260284567,3.653970020150075,3.498810398540786,-1.6120353101966245,0.5334115757560882,1.584898053923974,1.1049884362604883,0.1794974567247315,0.1197577252166174,0.7848582928251328,0.8296777080588795,-0.01993283470509586,stable
4.362822027821556,3.134032100927201,3.7734449240408163,9.384228685719803,0.9558536964412538,1.3001806256544128,0.32022180281455537,-0.5724520534659083,0.4154266220150598,0.05866319479494658,0.16018003823796187,0.48782782802417884,-0.003974169069087298,stable
3.4118185665416707,3.220203218815929,4.982652529541774,7.113232182900368,-0.4959724753986987,0.16414169514296262,1.3481826001817754,-1.135398521538837,0.5822953480824962,0.05821675038057817,0.40191982119677305,0.247794325316479,-0.009631364980382286,stable
2.6980394402200827,9.621410710147133,9.862730252518295,0.7037415727111358,-1.3246911376656816,0.6717880200926496,-1.5641246800923239,0.8468579355144925,0.46620519238297253,0.5353623063088543,0.6534320959123749,0.7381070800752864,-0.00475072843440583,stable
6.682280180252284,4.614303968330366,4.027910656390875,5.5187057819830105,-0.051210736956795344,-0.9352640779783812,0.5737482391329132,1.905431618033834,0.7473045889065492,0.5300276139827982,0.05003094659843091,0.0908629110412052,-0.004983128835253586,stable
3.0145170173156073,8.18954031849387,3.0634331089084488,3.6770080843518986,0.2238458196661952,0.7543618579777789,1.5130921525511876,-0.32193606871991687,0.1691989101872895,0.22775291747274284,0.11744426939074128,0.42901772589003323,-0.00985582279202947,stable
8.69161744610895,1.9227334400910292,4.222973478260853,2.7884837572594288,1.1904706332457171,-1.2933120331870724,1.5635989446996992,1.94928401342028,0.8761518195690401,0.5371213531680622,0.7715663784482054,0.08106117756859287,-0.017264983339468847,stable
3.0711597586950288,4.8832347022152405,8.200439323982827,0.7706926150886364,0.02916236553065854,-1.49537853730925,1.1847998851020227,1.3695588397556766,0.10767962293088487,0.8253138688768058,0.16398940182808758,0.7132930742440935,-0.016737563839445024,stable
6.896916496638903,4.941969161413368,1.2338783769979589,5.586186609360628,1.6421394262546047,-1.9772082105559807,-1.3163678934681649,1.8886482488673013,0.08868529433305866,0.5274870984941844,0.6265643711511883,0.4082495139961157,-0.011607554778845596,stable
5.897749348066453,6.412125822258152,7.6548512984220665,2.6101892009321057,-0.45200363891270934,-1.8598204471059825,-1.956103208261891,-0.356389263744624,0.9163709668022526,0.6485656466502099,0.6245288373059482,0.08002084914513422,-0.004910142325320785,stable
6.47035857984963,6.891002277702553,9.012217600479426,8.146007953654687,-1.0612727135323428,-0.18716713450371225,-1.1896229795066722,-0.7831413929480542,0.6103072089259005,0.9531216797325478,0.594022002201544,0.07585550232909377,0.015132434063270318,unstable
9.006459368502462,4.227291233122411,3.608512223147667,8.937773573869148,1.6136973103016898,0.8868529832181133,-0.21537305297092724,1.946552480197377,0.5891888418084964,0.47796303568776416,0.6617809640853497,0.6071027094361033,0.0027699132415156466,unstable
2.114890288959421,2.3837207080852822,9.52758329835789,6.059304012464017,1.1539075228793605,-0.48885532795490505,-0.39078892555344513,-1.546539038601206,0.4351219362655121,0.3701768762354117,0.34603621985413874,0.872350579352137,-0.009904682288869471,stable
1.9232476858168899,9.475023899962935,9.010015425403905,2.1700738834465545,-0.6542645663730098,-0.14217796806867833,-1.9653838650434423,-0.06217647046697916,0.7328112019908394,0.4878173990104173,0.34388093780613543,0.4584455137509496,-0.003668873026215996,stable
1.6580711026854096,4.019086780829493,9.753585955997435,4.383375329509789,0.7434207879060515,0.39001128119707396,0.5329228711121807,0.2936005472393348,0.5403019721562468,0.8302329799229514,0.1951188460367803,0.9088521046836501,-0.012837231591442823,stable
1.2261706987230612,1.6870105481497735,9.63200088426078,2.6750792821030975,-0.10880704151405007,-1.9150434682332769,1.233338250528477,1.5936499648245372,0.17594642295226737,0.884064273958139,0.5489789423250435,0.13536735364942434,-0.02067113143133259,stable
5.575194724235536,5.646278442292917,3.5104592566625286,5.963935689387983,1.2869899956830593,-1.1111079301220532,0.6628675225683271,0.7161836796440673,0.3540313842039672,0.44741480913345266,0.1983099344566398,0.6044517047190644,-0.006281368881118214,stable
2.0744459435465856,2.4655249132914325,9.413267162743162,3.9349856924241453,0.39800190446786177,-1.9478314513049786,-0.038894855899167524,-0.05925549709677114,0.430187749732098,0.20131400246944664,0.9333568644900871,0.23260117421714382,-0.01426673967453057,stable
8.168095335888154,8.107165988199494,2.508957999802791,3.185768013817121,-0.7501539117279394,1.030712381058827,0.07918002048948525,-0.6638735649347853,0.47458684887372804,0.25296777964935135,0.899506059759144,0.197847924119751,-0.004199574717740972,stable
0.7148000401953611,7.061807557537611,6.415215561651823,6.054962892365888,-0.44168905559338967,-1.921248530895944,0.5500445089577313,-0.5990795373812321,0.22257647047187978,0.7736718099006272,0.24100336411179007,0.8250709037684928,-0.009694647611887248,stable
4.0587662314811475,6.199350058099359,6.184574676075021,2.653335377041606,-1.0495869787397658,1.369138234287628,-0.60774055528135,-1.4312425113601108,0.821111808385455,0.30558235032324493,0.05969453976765031,0.5235305353068542,-0.010809530312173184,stable
4.995437728191404,0.6468914050720125,3.15261899459343,3.613965718718274,1.4629330864590195,0.5950438401150864,-0.015020591566223818,0.7704153686222779,0.1553975551247458,0.47531334962456334,0.752036959076697,0.9664571268319478,-0.03072374033685197,stable
2.5570188564298326,4.514251974560131,8.355945475146383,5.942388823040904,0.41397549729264016,0.6353227372808323,-1.0238168833065822,0.19307673241341083,0.7766795787975799,0.3985862248912849,0.989072140404761,0.1115427378058429,-0.007955390586554215,stable
3.88110908541426,5.7455433122628845,1.2060250736283882,3.6847426249513404,-1.8148358256740122,1.2297453473789597,-1.8286498370022914,0.22053407696018912,0.7932238248570032,0.4454346595001724,0.6388443899682866,0.34091428529406026,-0.024798535557455426,stable
2.6165186375202953,7.756344527970186,9.247640876353929,3.6068150455085353,-1.0023119974239596,0.10992825457959166,1.094419379499822,0.5598934630651389,0.5410032499795789,0.7402210088485368,0.3992277541949274,0.11491776938613264,-0.0009085511936635093,stable
3.177367010179895,3.738657332687077,1.4266766724082371,1.1218864166612088,0.8037496478920492,1.9898871275579948,1.1924251085101503,1.5124155275448246,0.29812860612165687,0.5175460698566767,0.8291764815509397,0.9005188097440571,-0.0390653812565256,stable
9.30527507692162,9.388481533885644,9.328878008896234,1.0793393160167588,0.8664569638857538,1.4729454512074591,1.2177655930340672,0.3060388589293601,0.9669314810353187,0.15376491090987882,0.6702098878625705,0.8450746888567375,0.009575029995978104,unstable
4.463165979943348,4.741229210420078,1.1791730392851372,8.395839340440354,-1.7494887533315429,-1.1156717512155403,-0.07311487647892845,1.3518146964161883,0.46479744668321954,0.7234882248858022,0.3134610113066765,0.9495146908462317,-0.015307787943387358,stable
4.16571694197684,1.3187108027821637,7.462663134290936,0.8925455867435523,0.2057710676773108,-1.9749578431382293,1.655906680217619,1.889984094469296,0.7636513648277138,0.40146575819227165,0.5827638736333767,0.4087385413772934,-0.026184006525669552,stable
6.306157298124655,4.641997235131536,1.9049698812902587,3.8567727041080513,-1.1997289984034207,0.1623925382900766,-1.7949976878267515,-0.014484055279107011,0.05306002857069217,0.1266654759596982,0.3630447461774704,0.47899506196735625,-0.013334083766739828,stable
6.809347639110803,8.490738015536323,1.6763652710417545,4.165360219078574,-1.635248507612884,1.7907079350874642,0.8527345779188265,-0.9163413062336074,0.19564572715224188,0.7965649581208847,0.1649523568386509,0.26122152060265913,-0.004237394951653553,stable
6.772627176813005,2.2868981548135645,3.8068554664063536,7.6961762937693,0.9712212192754901,1.551493372416568,0.23962086118866122,1.6463611554447328,0.46613015886772874,0.9110031229927243,0.7372467503421343,0.22396826408358195,-0.01028534875192528,stable
1.305210188628132,3.563657857792198,1.5687706098244536,4.29490483414059,1.4758834145720456,-0.716051179635464,0.6584095703229327,-0.4585704487750881,0.718787064476367,0.4937467808117752,0.43790552399987287,0.5292825532101791,-0.03406725088652754,stable
6.028074500829548,9.78659393291896,0.8013073603540641,4.517916379236828,1.120975747593718,-1.349964785447253,0.2613268321663811,-0.5708942161625861,0.98046258671407,0.70816725750054,0.8532791315774222,0.16690228172030816,-0.010709325854213214,stable
7.4912741990307685,1.1976218437183554,1.4785629072945308,4.716338381726562,-0.2087551168873354,-1.2140292048073493,0.39606421991013985,1.9611643413188697,0.6820833033629089,0.7846576728360942,0.5424657232993649,0.37928236678116944,-0.024732952001972144,stable
8.05789947836277,3.719453899016106,1.2952738356197475,0.5635472503844501,1.7680728234465337,-0.2507223380859971,1.8543426073696962,-0.18426767038109837,0.6111778455654983,0.8519568698811093,0.7007303064943671,0.9713581625683615,-0.031585679764089,stable
6.09107539342385,4.674120231024845,9.332868394346784,6.962319387804454,-0.8136352375917926,1.5198978116268336,-1.9846172754565279,-0.2680680739321133,0.8381343697050488,0.5945032683495206,0.5409259954894271,0.9378202203745024,0.0030940392469073295,unstable
1.7404440532283,5.0724401573790985,9.48081773055857,2.5390205340073937,-1.5007726946658422,-0.11471784472137658,-0.2245821935346144,0.8520854594292433,0.34193674946316244,0.7811835815543652,0.49043307007777187,0.7559228038740096,-0.01476557483691314,stable
1.2955330770194005,5.710069655340424,2.6942551253916194,9.740493716764274,0.3160788255201563,1.7155031636830547,0.6028731131379703,-0.19642949496253337,0.7078915498931624,0.2795700097920009,0.9169307979308643,0.13188532702399844,-0.011580509486910844,stable
3.56901008450527,7.007932988506812,6.707644062994986,7.394670511913395,1.1081438136283062,0.07175547083547817,0.3938725401338057,-1.451836120766791,0.4851340075533187,0.16785783810602423,0.9522665328364437,0.839842370519043,-0.000527359625272986,stable
9.311808689926645,4.214311236206311,1.225603884427006,8.069061683080939,-1.1381693891219444,-1.8529961632354008,0.7170391170206396,0.8299236971043245,0.3375661578231854,0.9185201735584588,0.22917486020720784,0.42008591073909995,-0.002474771777537507,stable
4.989866523918083,0.827613456752573,4.805195962520534,3.104000285955292,0.47134457377792494,0.36939605857289903,1.225530852837439,0.2890881737203497,0.36756916530753714,0.33537490102760265,0.562661174067085,0.6409828998240501,-0.02521625012826517,stable
9.007002117902656,3.71777352309834,6.308737203014714,4.739895976257019,-0.33014535568709524,1.4981603664713443,0.7066063361071704,-0.41785264328127303,0.06668509617094655,0.3535692177970042,0.6920434138950029,0.3079521836736756,0.002332272492998674,unstable
4.866912056131737,0.7019020851715885,8.09894273780565,5.871953523687867,-1.5364055078992682,1.2541731816766948,1.4993942598676253,1.990282358485067,0.30673992824164864,0.8927468302878457,0.7159524348222631,0.4756286861834133,-0.01310606339068375,stable
7.673622012321206,5.258501340644249,8.950362504559317,8.825635086474225,-0.7138413135151085,1.5523444842751632,-0.7996867482426961,-1.5587867897477792,0.6618408094302627,0.24836774728923883,0.10494097071050001,0.36290168942694456,0.019880046275712757,unstable
5.108708169051583,8.756776193331904,1.303752617635392,2.679144662759726,1.3997000517037992,1.5617155013641955,-0.9442750622776179,-1.280872508658189,0.9731083878448316,0.2335444842523977,0.191017665070704,0.07257484362342262,-0.012730272797010271,stable
7.232671483607646,1.2999278018158091,5.58850170226213,0.9239054371161228,-1.3113900469725341,-0.26077045975755686,-0.37079412369689946,0.53044192576685,0.8769388199277638,0.5509779174646144,0.31747052200106834,0.20928305874925912,-0.02216083552870926,stable
3.513203128338206,4.364148286896924,8.184764557479294,5.091916117348307,0.8554509263516965,-1.7042105667740852,0.20540513749092293,-1.6981496083154126,0.5037179026670998,0.45349405142515853,0.9432109520285872,0.8266739447971286,-0.010750404029433043,stable
8.953720004548686,9.174111355736953,2.9478243838534546,4.339891623519196,-1.1230474657837886,-1.0687065755502032,0.7051717376930351,-0.04323963098543704,0.41584672830140684,0.617587617640192,0.7146079922766447,0.8431207113789886,0.0005830531711595675,unstable
3.02422665299754,8.387885161767048,2.587121512317836,4.8577565191685625,0.48238519071391206,1.8280841595269952,0.7049239817604538,-1.309054218797629,0.6126882750702475,0.6591962313367088,0.7032447772955135,0.10259021674851065,-0.013246122886627429,stable
0.5586798734506426,7.5139297537140735,9.754661197793864,8.720673011333798,0.5341805030366946,-0.6431977534416435,-1.067977386938042,1.959561637050164,0.5064869976254773,0.5986728353418035,0.7891230519415036,0.6530234976552355,0.003633327677910851,unstable
7.351074968109999,7.250940922347719,7.121116173382093,1.0710119500254387,-1.1068862100257348,1.0064321713073485,0.08253590368639951,-1.3208749439066931,0.41473372571805983,0.778402928939299,0.2243991297961433,0.8200276058100854,-0.004202456916654808,stable
6.927742400823506,0.57331048473465,2.0321807328104082,6.820073692093365,-1.8720989437925746,1.7066688814698785,1.9517778470423788,0.48845426794188285,0.6209319095211123,0.8304586524939773,0.24408392955670755,0.48327253550577653,-0.02001046685923305,stable
6.740563774293933,4.639690350648325,2.4311232398113427,4.568486139084677,1.2704028614626024,-1.3584874569742582,1.7042316383914433,-0.3414415464945928,0.544767498134312,0.35444821689602596,0.4011855368566966,0.8562618944058761,-0.014833656971868867,stable
7.030442521976602,8.950010939267575,6.166531125336098,6.156402047625038,1.3836826771680455,-1.6503830066768916,-0.8566595229784766,-1.1333266130112114,0.20937754239921758,0.6895802061843045,0.16828126924447384,0.730718152017974,0.01176868073628343,unstable
6.06951000467559,7.361027370764226,7.938614502281239,8.564721796121578,1.5906949612605334,0.04659389358962862,1.745588256307391,-1.6977642697116795,0.5150129068284705,0.4145449631613675,0.6383496543286725,0.44971485097233166,0.014746572308152364,unstable
1.5951500542458872,3.8434258306623095,9.555853599805314,3.339413297989308,-0.4883147993665138,0.7850767383075379,0.29913861887409654,-0.4266535037622714,0.9358670805762704,0.6034808335375974,0.5834369651719403,0.7429351107565294,-0.018493992993454653,stable
6.857435362610488,5.825663616087169,5.800365660160009,1.401139382141566,1.2675191720453576,-1.6715581312165089,-0.9716176996714716,0.4390595228185732,0.5544762278290424,0.6103053182287641,0.2615284594601558,0.8612337068288644,-0.011726208509236061,stable
0.5626859759166956,6.382196956035322,2.8344146551077953,4.2632310614464055,-1.3884808452218858,0.30286866403645085,0.5413686182383395,-1.1822595550689745,0.8108601252924963,0.42425219157518157,0.4722318942608314,0.7601222414513055,-0.027231010641633538,stable
2.237007350069656,8.704660946671513,2.892216183939797,4.759854680564172,-1.818631992683546,1.3669667350286643,1.2517830975964896,0.708429383134149,0.9327264783468778,0.10310829448730036,0.29193864585855955,0.562028346203633,-0.012964660921369005,stable
4.498344849355808,5.712159482541872,9.897714468592126,7.19300411634108,1.8061070604562626,0.22399153161380303,0.9765565371214042,1.9829598859575777,0.06237997868338516,0.20019272846365804,0.8460832421047197,0.625058864591203,0.009584483222862383,unstable
4.09450911388222,8.616414998419248,9.05027436697247,8.181358345484359,0.6900030940084756,-0.11257243219521662,1.0656272223215542,1.2916878736711532,0.8147848069830719,0.05917472998768262,0.20896807615410046,0.9435510096436217,0.01472399894805336,unstable
1.6301690429379172,7.4998268992901655,5.811683078119609,1.7071512825464548,0.914402389076387,-1.339662121111235,0.6163366126233893,1.8221857115088178,0.6737765355219348,0.8677806531734834,0.9489474269608232,0.4288995899211222,-0.022974945270651456,stable
4.55609723837893,9.968776865467625,5.188796406112115,1.294819782579286,-0.3872959854756082,-1.6286584543384701,1.2726187864456087,-1.0340937593455912,0.21414856915350106,0.46892080564426286,0.30973960804247236,0.4664947784260188,-0.004775293074986392,stable
6.424363814421753,3.7414544325114747,2.3346411494437005,9.67051801119975,0.143483256205438,0.9931887011567682,-1.6192259964139666,-0.5108948150549009,0.8961826744413712,0.9272653018872261,0.6069201754143603,0.2170868333931288,-0.00780983140673874,stable
4.085902599558123,5.399023928626676,4.829602928632488,9.97475338714113,-1.0898787494111564,-0.7445057485086486,0.634931542021735,-0.5344389375229173,0.851803391264803,0.6392077221595348,0.38674549555304216,0.9411970587283655,-0.0033715612286326843,stable
7.230745091223737,6.4946622450548785,7.315414293330938,2.9708708033445865,1.6714469207553178,0.6173985678441105,-1.665864538085403,-0.5804576917326543,0.2950650035791557,0.5038201055618018,0.1892293528737728,0.36900161652135066,0.003243650689704937,unstable
2.6937599060936317,0.6413646625916802,2.6073648169474417,1.2147032095145753,1.5162893812626352,-0.6614465237912932,-0.6321547763770439,0.4069227138559617,0.18504935445621518,0.9042023099878963,0.2560637656059566,0.3597281204981452,-0.040632236264872744,stable
1.8663400865737727,5.622032834109413,3.8113889164963823,6.574536913884826,-0.3731374221307937,-0.06084677983000297,1.77021671352782,-0.5482169379078266,0.23943432383288293,0.839604351937399,0.7868168135526893,0.997379060610552,-0.019630425872006637,stable
7.6145485226406215,4.965603986217124,3.703580524947119,7.555058772023101,1.8161460821627329,-1.3579295931244522,-0.8882219439235817,-0.8732999459592214,0.9886480158298455,0.5953135931407341,0.43955647494358374,0.22178373793594003,-0.0016295295946806045,stable
6.852917232739522,3.1477698915449808,1.0487627061685127,4.791739997460752,1.4780703447633115,-1.134083453954588,-0.35684902394283835,1.1512089796739673,0.49425399259217473,0.1204527017059998,0.48374815322464165,0.5449889353608728,-0.018614244344634035,stable
4.579021586300244,6.348352347453774,6.758094441804363,2.664818450094036,-1.89708251074704,-1.347621818766315,1.5641836107733629,-0.6026919593699778,0.09536841451298911,0.42243717235184625,0.746927362860941,0.30728212267592026,-0.0069843582978774375,stable
1.799289205768274,7.352239484418843,2.5946148919312115,2.249115950651992,1.075765058717462,-0.30612206834083855,1.7974153419963006,1.3491646977199072,0.6402043643339349,0.513789599707868,0.9102143171125372,0.5360138730912434,-0.028012961939302118,stable
6.8049955236252835,6.86711337903929,9.11435967000364,6.951851932939115,-0.3426792393155833,-0.4976559516300827,-0.8874746367031734,-1.501862068657681,0.06291058690168677,0.7919417706058451,0.4091965914392673,0.06204417163987441,0.017715335661084953,unstable
7.624579624299035,9.110382939739232,9.885238135725013,3.7812727835065867,0.4064034079521077,-1.7286107672007285,0.7663103085446217,1.4835043824575216,0.5659342473559181,0.7128416919471677,0.5609927201040517,0.13680935283277829,0.016120793646975093,unstable
2.057455205474347,4.917775769347066,0.9452253646360544,1.5739764887863517,1.2160630425507515,0.8156936049400825,-1.4827288373003995,-1.7685971757858034,0.44490492121354214,0.6840089192974976,0.09674902799520338,0.7027531023150441,-0.035905997783496894,stable
7.0483665008367495,7.264710851554205,8.18807289062567,2.2109153993506583,0.5083427535938183,-1.7876013848125725,1.0470473616108036,-0.17886462890307975,0.15898430644128947,0.9569083315283093,0.8769329877512021,0.752072635444426,-0.0019443271999079331,stable
3.8785523206269663,2.2051836598270294,3.247189277923596,9.182520985085752,-1.8762731801688841,-0.5119584595549664,0.6264293779137504,0.9215652879042309,0.1751308590392825,0.4881035746570925,0.5656311159776647,0.967313141778257,-0.014697277848603132,stable
9.193626841451989,6.7023775377683235,5.3755397618039265,4.890460444381105,-0.04550933922397071,-1.1236246631849558,0.9067536136110408,1.7663341448166245,0.38779799629126677,0.7720438373408325,0.870928800252218,0.23210224860699286,0.004090647051056799,unstable
7.6396270322797175,1.7540125391743133,7.277112963689037,7.913579192189041,-1.7338152005425118,1.2471139565249194,-0.520125108217377,0.25727513217848363,0.7163875693821933,0.12860295709799796,0.4914573688245255,0.6410754034776901,0.001573212824418229,unstable
3.100446117217265,8.061804622886925,7.090829316039372,8.534136680711859,1.3309123300309849,-1.7434914341906085,-0.010450029233119107,-1.5476340861192672,0.14133530261624266,0.6653587874580241,0.6604181692560892,0.9976074946921127,0.004644443072026197,unstable
9.411250036559139,8.213768523536672,6.706953564833479,3.5359200471045518,-1.1359854940433864,-0.5102673816015111,-1.5108540888201434,-0.30113853855107164,0.4524222517660098,0.92184471879971,0.9886913967718668,0.7542641668912232,0.004083617758940556,unstable
0.7397111829940277,1.823079303984421,2.804491969002592,7.707116177758696,0.45319328824210103,0.013420550210884397,-0.8161709631745384,-1.6611819251192994,0.8496568287233124,0.12074912167967074,0.9353667789595466,0.8675336091322331,-0.031180535108124477,stable
2.2558281375447833,9.286977402500298,0.8405465638911437,8.004146758331206,1.8205135056898127,0.18020628830629493,-1.169631221693611,0.49857780157154963,0.14243131037138906,0.6635436637641496,0.7322556536668209,0.43623670848761986,-0.008903589525781321,stable
2.7980782258977825,5.1468032130903705,8.448960681129321,7.623941162503015,0.6682683689745619,-0.8231397585062359,1.3461224820034854,-0.37679523108168134,0.14116865365078074,0.2965184225216605,0.08929963151379457,0.534686974334687,0.004736089796446613,unstable
7.454760792013901,9.175703740561696,4.149326156794228,4.293123380279036,1.1887396828841936,-1.4317441772896218,-1.2546682108101672,0.6005005372035761,0.23713463488450492,0.9215491392540247,0.8319885989379223,0.24462032081532104,0.0015058217046632853,unstable
5.498596289765405,8.717969289690007,8.726487323734247,9.79570623636106,1.6917322828202774,0.9796541662545022,-0.9366809431304386,-1.6362088563016677,0.6935745054295593,0.7507471989083833,0.2868476236818153,0.8574500403622263,0.018903801006966883,unstable
4.91156637499363,3.857334684230924,7.073167364308342,6.122273450617791,1.4215068939817033,-0.21611458116919735,1.6295377289259725,1.3169769111723504,0.4895739306286256,0.2610508473351587,0.9794219873377992,0.39199511138699006,-0.0056993546980661555,stable
2.614066718335743,7.425348687824243,3.7151512604986063,8.53665796020025,0.7942643660442776,1.101823024477579,1.4482304200971394,-0.779423572192635,0.3330218758048161,0.5833353783434206,0.9763994089599257,0.3356025535921567,-0.005413734516354497,stable
7.686437548416307,8.874506305261114,3.5389171066451146,5.44127251624335,-1.177877140598512,-0.7165356458743664,1.9354755380631832,1.612114759697144,0.6857447725042135,0.7380073801539633,0.38866731433400037,0.47214149998703553,0.0024300288565186623,unstable
1.6125108764901324,9.98995035462802,4.503023042727321,3.587000478879003,1.8091041606422067,-0.06189647169088497,-0.16216824305633182,1.608216610031782,0.4244987052296299,0.6024016242438135,0.2895966772309642,0.4531208633225968,-0.009616877468323834,stable
2.8497415938461303,2.907165635668758,6.362096191099602,4.143095222986387,-1.0048770548060433,-1.2556403491954304,1.0658381710224445,0.25798412493052236,0.6747992581783641,0.2411983152838177,0.7760998174657521,0.6670079914987198,-0.021140280303131066,stable
8.160423035962273,7.995355194755652,5.767990093400413,3.1172246575366107,1.4186319874814703,0.18952509421478014,0.2205804351311822,1.7235842590350146,0.05987737977482925,0.8610939409280494,0.7701202080294554,0.4919464504388177,0.001687292558281605,unstable
4.784950912427874,4.17679000384639,7.81850392212811,7.830650291813003,1.7696085153411603,-0.14967634804426355,-0.35823671586321026,1.8305801204065317,0.3518945095660009,0.12306557256899997,0.5435648037369953,0.9398652534459131,0.0017352871289488987,unstable
8.829768497696286,1.1464485358038936,8.037356275402292,9.731227594734293,0.03590342380004152,-0.7294997123093894,-0.8235601955864831,-1.9041440981385795,0.8588899752685644,0.9571873241555248,0.3371384713835324,0.1699735916971291,0.007746055446568163,unstable
6.215808990206432,3.1675587316656753,3.5426109247842246,0.8093045171996022,0.8031597445570782,0.947548480271871,0.7538292081756253,1.79390171864882,0.4481777580315912,0.8557273585818813,0.6104070061275865,0.46223328887792203,-0.02754451914845507,stable
8.000674146104629,2.012574504141825,3.104657264312679,3.240529004633668,-0.34233693588999525,1.386014851293551,0.3759645821638453,0.599651967402353,0.3627173079210059,0.942292532700408,0.6204983596069608,0.8297858312344719,-0.02288038285933224,stable
2.2803310928266503,7.360522947376404,5.376498018633568,3.286779955618958,-1.7923411151923951,0.6451947181844973,0.4722311962813892,0.32738228980829254,0.1968973667389427,0.6050018579715949,0.17164829274562668,0.3058412719465803,-0.010636613910874778,stable
3.5041077429264345,5.68036452145749,2.4955409069070504,1.8382774107830497,1.8644408613312349,-0.4236236883780071,0.6574547694501183,1.021574368705242,0.7211059722857317,0.37330419617286087,0.963181576306447,0.7050921143568355,-0.03001769284042432,stable
4.078707492106485,1.9438687562763597,5.205746286465016,7.597343032165614,-0.7540590538184095,0.19701628533054016,-1.215389868160638,1.371294283503349,0.3800643898893072,0.11594912759305415,0.7341348475990281,0.45523575149245293,-0.011362756665335528,stable
5.194892455879329,6.244364720462408,5.7148365797490825,1.0905850614441035,-1.6324978618415633,1.7496584018175212,-1.2104983647076666,-0.7059972320252821,0.06188071285159775,0.7435243829733933,0.37538428471038116,0.18454032635410583,-0.011214951490610085,stable
4.988436732536539,2.0278945654074993,2.502826751995941,1.871518699787796,1.1077192853480908,-0.7706200125191516,1.6924418657785618,0.6592148203717003,0.2816512875995447,0.6120296495452904,0.06836955331300414,0.8261541263849118,-0.03046433120989432,stable
8.313428497033483,5.934601696002812,6.092474460702186,5.790158584680189,1.459237413649149,-0.3612761213017244,0.5534301064474509,-0.6651806014588004,0.5068865509165189,0.07206616747742565,0.7336482784477891,0.8443531446768368,0.004541887388453824,unstable
2.1453100531644047,3.7671505660820115,6.592854767734757,9.43815406497328,-0.7654982815923912,0.6280934004256209,-1.172095875759048,0.14425765413244607,0.6867206019016915,0.8019394110908661,0.4549724402903462,0.48870682447230795,-0.007303022758889928,stable
8.589116188981695,7.706234758572064,1.580257060704682,6.223231160733095,0.3942001659212697,0.31670010856559605,0.31918040832245786,-1.4865329897229222,0.46375705877829837,0.5326570095275364,0.4874561568229925,0.5010290611656508,0.0003226014910064374,unstable
8.945939794362392,5.188978264847825,8.339183300411818,8.59310018641369,-0.5465312288915065,1.8667956136236374,1.3938037020740732,-0.4888097334277588,0.9619281816226798,0.12815440766542216,0.2279813117305149,0.46241683801246203,0.01876560016993392,unstable
1.2174308378304275,8.327034463643663,4.959532731476438,7.038277380059834,1.3257472769127836,-1.184126422582668,1.3158816174185795,-0.2643434267098983,0.7460350514320332,0.9394968168349667,0.4146542116922859,0.11198927806647326,-0.007205188257602893,stable
0.5892085114012322,3.842506444175869,3.9356916007012868,9.069071360369028,-1.2336494978833406,-1.4811650051679295,-1.3852600651027327,-0.020908174757012787,0.9594509774638178,0.8628136481842338,0.20373811574039674,0.7238646845642278,-0.020158142338144842,stable
3.281153241785584,4.347081577716423,5.802234693567158,8.203367781981434,-0.6863034192423045,-1.138845432037217,-0.8401441131084919,-1.6457661596204352,0.3693339885541262,0.8302937384505698,0.6115053743000808,0.5646848017593383,-0.007794496277694076,stable
4.3070752937348615,3.0938938630315636,1.5961872328987685,7.6582420067114185,1.584270193231557,0.41967708444390306,0.23348668470988132,1.3653336042055377,0.5199239057486168,0.6263196809460928,0.3532300967674201,0.4929036145249757,-0.018323390498994,stable
9.719269364110817,7.090086670178974,5.23666099795265,2.058260973972446,1.235276459127673,-1.7340036260040819,0.7224179018488952,1.6247918528910499,0.926649498157005,0.8217208797667753,0.2521851190592513,0.38795976491690604,-0.0016818812939624703,stable
1.1783816720080864,9.313582524952611,1.5162378024362322,6.3736312324159625,-1.640257603648184,0.542963831130681,-1.905476876622315,-0.5207258715391458,0.3016969913999401,0.5003478506109593,0.708108048877694,0.44441636417876923,-0.013818263195804587,stable
7.922400019668863,1.1702717867768553,1.4524546388121284,7.576748725659376,0.2959057794270157,-0.3991437628640875,-1.4171264840432842,-1.7277105766338505,0.2584468561157654,0.6710177746177362,0.22339450913914582,0.39278423414171304,-0.012423528942778754,stable
5.016537059083423,6.047207064835637,9.006186697602885,7.93228067017439,0.5513333005981496,-0.08278088024349683,-0.28780589602878726,0.2288180994637421,0.43203006597548615,0.06978838816014533,0.4079205942973343,0.3489636767761887,0.013712015103195058,unstable
1.733798485344779,5.572912578009285,6.08523061344602,8.363466626001049,-1.873617153688786,0.34511538459706026,1.226109890844827,0.2434034258536193,0.8977741887461739,0.36529041283530606,0.5854702354177745,0.5772124213962853,-0.007740215534974872,stable
3.977762932371256,8.500371889597602,7.5341772472916135,5.449153061821568,1.9969244082779247,1.4233897208797321,0.7131071945788778,-0.4193046060813477,0.6778493088286707,0.5748626520486605,0.9193689250334388,0.6748466265567011,-0.0005809747346322593,stable
4.118563367268651,5.029609911788746,1.9188648406410698,3.4815653324365643,0.4480166972512869,-0.7514911148871466,-0.1562456110356738,-1.9977999338310646,0.2136581634758642,0.730807985941565,0.5479972316382067,0.7412529968864713,-0.024797073259372963,stable
2.8139387528703854,6.492658520290606,1.0464272725592854,3.7826872725890763,1.0080766219268646,0.6622318594254666,1.1461319937828143,0.16534519969765693,0.5310920543325587,0.8209192377420423,0.6745036928534639,0.9380962993014946,-0.029483776875374422,stable
3.296455696476858,3.331502046960521,4.883097373823068,6.5512737463996045,-1.4145827452441235,1.0941447996381326,0.0721532116149608,-1.5787452882772683,0.14612002052929463,0.4683806861293527,0.49885252465146046,0.39286052750525446,-0.01237524663492668,stable
4.489228896424462,6.359577012820848,3.4437275694421445,5.49072537856512,-1.1508141266281968,-1.9307505539503813,-1.5294608986926446,-0.003920111004565019,0.3422282223127761,0.7016135168367218,0.1634710754935858,0.9133940663056893,-0.011145387261612422,stable
9.641483251690165,8.296373502763823,1.2983610983960268,6.654401608362389,1.6199036461702665,-0.5142316948419379,-0.09888144750769312,-0.7623978492221606,0.6871358912358885,0.554019503863014,0.37597871956181234,0.9130926732339252,0.0020754147135578094,unstable
4.859175405325039,1.6277812469372404,2.1535539175134812,9.33229782215178,-0.8553267013718258,1.635954106775011,-1.9917584153458354,-0.8381901307325905,0.7273499216739656,0.8635979645628205,0.12744913779745712,0.08561980507724115,-0.014088063165738579,stable
9.526282615067016,6.880933241211029,6.115430450558948,9.796760373262705,-1.6212996454667397,-1.4108530672500152,1.8031064976152402,1.814734733007267,0.5229706537161155,0.6853512157719701,0.8087168020593676,0.40631481308990813,0.018681749277062436,unstable
0.7900546800437775,1.6141873412569852,1.2372502817473152,8.358768977783651,1.3597451784212278,-0.22266323233404295,-1.1858927559229748,-0.3271792150876549,0.5314946825376213,0.9229017967276387,0.554444057307298,0.5561878137619221,-0.03282448854959308,stable
1.1280474564455854,7.91754758674717,9.453434947410486,7.266018071453722,-1.008016995505761,-0.3735695090611868,-0.5932162678492445,-1.4537460976284513,0.6528432959478633,0.0715432144512251,0.8133759909699001,0.570380910422542,0.003871903096184749,unstable
0.764251108874058,5.457323180767193,0.6032721025188685,4.589488504710408,-1.7501949192877118,-0.5068317034279497,0.06697187197819598,1.4799146132495484,0.9447827660756276,0.18900289254311436,0.8767545529679304,0.7582828830639412,-0.03530827823107675,stable
6.826474063492365,6.274796967424379,3.9854207523529657,8.29518833297055,-0.5797558223842612,-0.4184869169901515,-1.882917325663057,-1.2706511678035697,0.5341229079499354,0.6018339585426608,0.12143037946047971,0.8324031680326032,0.0030057482206722608,unstable
2.592210565581054,4.288277664587527,4.378730095961002,3.889725524330782,-0.5747655607391446,-0.18026892453295806,1.118423614226053,1.1118309665797454,0.9217849223165528,0.5120259863680767,0.4220973683992939,0.9257728777854366,-0.026036046148195893,stable
5.975991722283961,5.074433582384718,2.3516429428375494,6.660320447640771,0.4300794250568756,0.9768923051219995,1.2461735350770784,-0.9544655998150029,0.5364121176954368,0.9662290895611034,0.8059818410688568,0.8936210720756612,-0.01585524886413779,stable
8.055978288251534,2.1851906938390204,7.239595089426539,9.118697810753027,0.9779658878307833,-0.2690849339360697,0.11099984001719188,-1.2883288058500324,0.9839317496087728,0.26174779149881733,0.40657399118629045,0.6283865216034841,0.0050954544361884735,unstable
3.6522322272557854,8.287506036360444,9.54455590293746,6.030092112349358,1.5792093284537323,1.7059565679423012,-1.0770278844939845,-1.4212857475021936,0.4920247224566124,0.5843933615644247,0.8324704320166053,0.6072008851629431,0.006205518691254686,unstable
2.8339361807363246,2.8425431569404096,3.6201061102110508,4.094637549083077,1.693431631882678,1.1185799332454578,-1.9885645597316195,0.9186682443578977,0.4024077946896435,0.4526404035184153,0.12318394359581875,0.09047605517732267,-0.021865483492478844,stable
7.391381577835461,6.222825855238417,1.2577952499763971,2.227030270426082,-1.3838167606114569,1.2888772261262953,1.070502664746658,1.5481379633336094,0.49678442149421337,0.9200831570975481,0.46710084663506235,0.17802795924981923,-0.017562399538692326,stable
5.021029036345919,7.009971231000135,3.3270548926082353,7.073772339340135,-1.215184386324991,-1.0367460188291862,1.1019850878491226,-0.039126460824297826,0.14023139339433283,0.3353508554349522,0.7857164616834303,0.1654037275674221,-0.0010539434421646373,stable
1.9174963874683557,3.309982308437263,1.7356298994486419,4.71474660776733,1.9715361393328554,-0.01828564533366306,0.0935950237954506,1.7160105419686178,0.759337802020341,0.7564515874820575,0.8076323408715012,0.22282545612236282,-0.033536597924677336,stable
1.330728615962042,1.6453975888870698,8.55748530770453,1.8470965538091195,1.849734342417666,-0.532852873100313,-1.9046299966160163,-1.1702316820085947,0.4883606334814431,0.6203447687782714,0.7592788339896088,0.7371297212710928,-0.02957379962169518,stable
7.503091260824496,2.010047800172595,3.22112795071204,4.247488831933911,-1.1886387669756386,-1.5031217448628817,0.06906135837996974,0.8010388295541397,0.6202721241975065,0.5837849339201062,0.5929257333379038,0.2251663471813219,-0.01765635608407659,stable
8.673917181349786,1.8541008145180344,6.211168291391768,8.666467064572561,1.5666057529181114,0.6027571751946259,-1.1962600018339593,-0.4002436832605971,0.10233300437277143,0.3600185062846006,0.9119752497894359,0.5236031229093673,0.004024483962799502,unstable
8.958439743693372,5.036510737555752,2.930594333593639,9.254662469949785,1.0595584113701615,1.2954898533286716,-1.465724628007445,1.3627015757787166,0.0937531330413583,0.46775178132954925,0.49557366393479985,0.8244954727032162,0.006042647956936754,unstable
5.345845571104685,3.764035293340307,0.8595807837649033,9.191835586064016,-0.7778171936670599,0.44194068374839723,-0.22431241417764758,1.0704012811526047,0.30986221497833705,0.33975889404706155,0.3300085697470514,0.20487935173734317,-0.008019302066864192,stable
1.957818380464148,1.9043390321147118,5.454613863588131,0.6075436264073175,0.49341201599683693,1.8983935755483747,-1.1926933343846162,0.39438906089452574,0.3123543562572827,0.8725789749971725,0.5356221361259734,0.35531841114978824,-0.03556858213621532,stable
2.643745416645541,8.983116664638263,7.7090606244899895,3.8032843504724534,0.13525405666292567,-1.1630412061214508,-0.3953516547774538,-0.06277868475254289,0.622366420633862,0.7384136821064541,0.589091768881536,0.7571847932601515,-0.005687265683794405,stable
4.808476945698883,2.9401363559200275,8.508041192137744,3.3200941019373076,-1.1311474953110765,0.4857185938760833,-0.42411153893565023,1.3764492606468064,0.42528857415788635,0.14903966683144443,0.9767170517815243,0.9130015954118628,-0.013378362951678685,stable
8.59264504925333,0.5031292033594493,3.3501164318390932,7.2691999301095445,-0.6927418569543309,0.6208244413748845,-0.9488213273390125,-1.8139201903406836,0.4807493523837876,0.14686361417027116,0.6562783496283052,0.48157019846192584,-0.009539581036817915,stable
6.676875478935052,3.492810921820211,1.195043817032035,2.26994401963462,-0.19251343337877236,1.6906665524019662,1.9721970060586953,-1.9440928680483864,0.6583367518804042,0.26560898789696974,0.19185018370831763,0.38994224938575406,-0.02344200527080243,stable
3.1049660910565797,2.948824729393481,3.000041447698746,2.501667999071965,-0.27427527526554796,-1.2185880161193303,0.3429364102211583,0.324324322880301,0.32401354982190345,0.7226199360561992,0.8305305567783733,0.9676158244189255,-0.03533514866732508,stable
7.681417094793204,4.2622878331940655,5.081939874397682,8.807193860381226,0.4778032987196359,0.8009951699579423,1.5882701754447717,-1.1630612884218836,0.8919132895195075,0.7265031421446867,0.2276962960935539,0.28765707029154325,0.0039132476666689855,unstable
4.6366816655457965,2.7479642010905665,9.017202898886447,5.098010396395222,-0.35031469271720006,1.1251137915528182,1.9642099020308352,1.1814750795670381,0.08504639546165188,0.5346906449353453,0.5285700868054752,0.7408073995671755,-0.00569592472905316,stable
9.836257479344571,3.7116617615727385,8.370240583619829,7.9618106266700295,1.4471712098546705,1.9772483048253564,0.976426177017601,-0.44798194191086926,0.5795488439505613,0.4932745707818587,0.4773376362971274,0.3533652906875999,0.015182294419432175,unstable
4.5729078061056505,5.78500134744437,2.241182318436807,6.882907043895127,-1.4110043935063574,-1.9060280922841093,-1.4841684098731518,-0.9947657203085578,0.5937114074542964,0.21512490835786974,0.17683350166613981,0.44775881925880945,-0.008462146893980694,stable
8.453365314583689,1.140128975395318,5.702708123581416,4.084923968342298,-0.7948713695857164,-0.9247340743892947,-1.0524695891377034,-0.976208611083242,0.8258353398295434,0.43400373328093494,0.8491850680542905,0.8544016195801419,-0.01636431284896775,stable
0.6381454979296841,1.14855101664305,5.8073745809660045,8.733496857475291,-0.23780743732415788,1.6977722916391165,1.0418875991977683,-1.7763580158978822,0.3037708880688594,0.2893185415966511,0.11781142852488709,0.6929927779493837,-0.016200548298163836,stable
7.3231020183850974,2.921230705017517,4.143371957809782,9.052252747277649,-1.0248282449436048,-0.029303038389577374,0.9678881657519018,1.740317860768298,0.20887674987842814,0.6124715923627001,0.5645571411941844,0.8116501948065606,-0.0023878848199842557,stable
4.285545206456664,4.687014743727424,6.007741605138111,9.496113659754622,-0.5618868399009775,0.44041679564401814,-1.6292375562866734,-0.01927858342847788,0.9524755946466088,0.7787999024088156,0.8461798406628014,0.8325427560201988,-0.005858952431000073,stable
5.2405884259034305,5.50671015518656,9.34954417343088,3.8381985012815885,-1.9355937061796618,1.5431065149602952,-1.9024830189089195,-0.7190535586075275,0.07803784628539352,0.3494975630338701,0.8986586661338811,0.5037144424947895,0.0006880605497664796,unstable
2.388845103472999,3.389159627787142,1.5163795821480879,9.676956519558697,1.7819340168285032,-1.5241794840633949,0.9328219173173751,-0.8779178594293038,0.9033090332139871,0.6798278617498592,0.9713309632327933,0.4770267778037084,-0.022729121097584425,stable
9.330359380406394,0.773824158158451,9.421188160841655,5.549377368078292,-0.8762109441585539,1.924532348227709,-0.7747603100775029,-1.6678075475739291,0.4171867089495736,0.9550640095461227,0.07371521176291664,0.7496830916103856,0.001708627559366984,unstable
2.3966276271212807,8.912496706840777,5.601300994523534,0.9863420884086387,0.20392549991247,-0.013845107143491298,-1.1704307109702103,1.1069099265111007,0.6658609632908583,0.5166779955800832,0.9297136732854612,0.8256574898896125,-0.019947632067994506,stable
5.835073688713862,3.2086444546873425,7.376257596194266,4.3448317725626815,1.09467245002023,-0.3894493930042513,1.8254996402770196,1.5638996653435462,0.6363143521664,0.5461605191973977,0.9940925234327347,0.9153886227630581,-0.01354776130740257,stable
6.17478342397963,5.256046856508084,3.8358589683375244,8.759696925388887,1.634506930136788,1.0048636807104492,-1.0110702509006906,1.040150513386986,0.9360694157233425,0.7675466112057225,0.21871798203269877,0.8415570148554469,-0.003753489683550741,stable
8.65521255934536,1.417830069913612,0.9627023617355353,5.351468702611864,0.8433643318118187,0.18676782786580937,-0.8229435392123601,0.4474682930267808,0.5483944428920999,0.342686973502405,0.08060342041558431,0.854990560467094,-0.018165342752369994,stable
4.933332127013294,1.8568090299561113,2.427357822476045,1.5163682522863637,1.323786501991163,-0.21787012122530847,0.3710717404655135,-1.6760804955854711,0.06642397777853357,0.6480214505699832,0.5158563848883135,0.3055044657621477,-0.030844363315665358,stable
8.383967171029013,6.904371935561666,2.2572937305391783,5.851504801510936,-0.11580589175605294,-1.8675798749423618,-1.2040537597637413,0.05566631913418574,0.6241000696878648,0.5288221825221852,0.9859429080477676,0.616948247225447,-0.0052862229408143415,stable
5.477017360155594,2.7645113693715744,5.112804422506441,4.137193063707044,-0.2882207827651424,-0.06568772873131845,-0.9358016596579541,-1.538019001746818,0.6543462096574537,0.5780402870350758,0.8487778171043211,0.38715801864365795,-0.018612796122850918,stable
9.58517926451488,6.309972369066204,5.093904961965546,8.203104540493833,0.17779991558595265,0.7284918323215539,1.8379729821671882,-1.0279882919296504,0.8509953348440822,0.212891487902782,0.401765981458077,0.9378947028901261,0.010962665304625818,unstable
7.3077744204565525,5.488805693928664,6.350396597871652,3.9753472477296543,-0.2353802609217035,-0.213240024006204,-0.420885220559053,0.8777459334365423,0.138979554415,0.7891034575589677,0.21761040364495243,0.4909558640183267,-0.00037743649821992895,stable
9.164999979348146,5.551116950712933,5.651775833219645,6.717538552087991,-0.37253803979937583,-1.409884793123171,0.7980622588661697,0.8945863568068875,0.24890700308342512,0.7557627842167831,0.2127243912076648,0.37047620023210354,0.009774226394721896,unstable
9.452425056932217,9.049349160286743,9.03021048562548,2.8639539406307573,1.2667630541561041,0.025906184740898563,-0.5480290062511197,0.017686124300202444,0.37125477315730715,0.122393349452653,0.23935479390827108,0.0982544226640206,0.02183355991277674,unstable
8.121338485021557,4.992994526885669,8.327255735041327,2.882152080588122,0.8109656103555629,-1.535772106088873,-0.9436679533527901,1.7841009249748718,0.538750233050494,0.8870624679318435,0.6282602573726898,0.287708414942805,-0.0008995547976474779,stable
1.6624916926573141,9.180855419135009,8.427298510310843,1.049353067863644,1.4506931525548001,1.4367668168334258,0.051696857203769486,1.2150227499752604,0.5139378611493961,0.7536679323703928,0.3835403091453079,0.6409879260480531,-0.010660673418648724,stable
1.6820716832263192,6.212701856588418,6.528010207212716,1.2976801340859834,0.6673040792991976,-1.6232907640477747,0.0210538152401738,-0.5907548382545302,0.7567762797855068,0.21158817384685363,0.5301990499312843,0.8498601364940838,-0.022440958497505055,stable
6.354296627821986,7.551728224905969,9.699808042742712,2.0824438716324702,-0.1138952622171101,-1.2256786125589572,0.7131095681759976,0.4742396269008209,0.5508452103916768,0.24710122899904424,0.8846259326148237,0.09098110647488664,0.005352924525355693,unstable
3.0764634862386764,4.974423875249226,9.927191718885151,1.3325881331529998,-0.7437503624020119,-1.691447790864629,1.0452470167007957,-0.16466676849980377,0.4801351664237317,0.5523524800780696,0.8979437605638309,0.9188331658720541,-0.0159696548308733,stable
4.158947080149588,6.526009869766063,0.5184767510877453,3.7872175712304146,1.147399364117316,0.9979947369303139,1.3912553316022769,-0.6292433434471727,0.6673444788312505,0.698921725433932,0.3276502897379798,0.6429737556943937,-0.024207823067903263,stable
2.15136767792446,9.041024133551534,5.25682334845213,7.711023452514069,-1.5398062230581209,1.3115860058547693,1.3514488352784122,-0.6008149107882659,0.8523311031995998,0.6023598830711636,0.2759278149297497,0.6227042573305959,-0.0013660187615500696,stable
7.740630799073682,6.104694943741944,2.1907314745358537,2.4750288030435907,-0.83107658005494,-0.6708933637495416,-0.1110973160143085,1.7483169350103451,0.25405615610755017,0.14436365807022158,0.5513471213351294,0.8551919453243588,-0.012747079353198626,stable
8.617728184632698,7.128115289883195,9.273131188233542,8.349992922981592,0.6116838368716748,0.8766666290994092,0.06515769813008498,-1.0591119112785385,0.8580703313352273,0.913553745688637,0.192969810382427,0.2268655136393095,0.022465121959099568,unstable
1.7616439571107378,2.342576059174571,2.8979748706804966,2.291638979472038,-0.656046806732137,1.9286307719893325,0.044805401102994136,1.9523423780340177,0.17537910858303318,0.5263450843876254,0.21290022496102617,0.5082854030368451,-0.03387996443874804,stable
5.409931899258329,1.2466531565733867,8.404244721760454,5.426222553321232,-1.3094544911415977,1.7122811354454845,0.1689803151034046,-1.564375058051798,0.09296682805832465,0.4887109160537483,0.7135662728063673,0.3013929016007455,-0.006765553765312434,stable
4.2526228349770765,9.552350208675511,4.247355313196642,2.1402303022868727,-1.8593896976689086,1.8629233424658,-0.199027092121848,1.59825819177327,0.17982793850622858,0.7691743116458707,0.5066493632894213,0.8318065210319907,-0.010955894024527301,stable
8.0051455208176,2.240010545768122,1.1620287508558096,4.705779225251979,1.9842360501772491,-1.0938320121258047,-0.2633252584521393,1.1622417960408846,0.9926238018736594,0.7982197995913818,0.7736816229917246,0.7163187387055108,-0.026121809709077612,stable
4.917426851667034,3.477275452315164,4.681424244428922,0.9561340595622496,0.7293492883474264,0.23844422001188503,1.8754821067063463,0.3608233561001919,0.23141333671413877,0.7683108015777916,0.5983820069567721,0.6636165257583422,-0.026227961835101798,stable
7.442685966907642,4.37205324630115,6.8356777358955,2.5855349403665846,-1.875000504696441,0.4587887712538352,-0.40348549295143155,1.0619460827235625,0.437881087256059,0.5524757358505412,0.9835182284758655,0.4825550604943853,-0.00919227083670707,stable
5.877986827504365,8.261838394014344,6.4382641361896935,9.95041156234582,-1.8997089876701456,-0.9953102239233154,0.6664287221696936,1.3342260371806498,0.8732046798319768,0.8371154921330112,0.9041086968325401,0.6279818490625573,0.010109198710835134,unstable
9.793357083185704,3.318226122108299,5.284778233029331,5.853241123219436,-1.81525320562038,-1.6766902766782725,1.5546706547478508,1.0074384286761067,0.36196743581633634,0.35153428319889996,0.3874221137410211,0.05264301139465706,0.00485617218310236,unstable
4.486514221505497,1.9932267061425641,2.097252410184619,9.022939562568608,1.289455809163028,-0.24998300636805126,1.419971048764153,-0.3864801429470126,0.8768051868459596,0.5487174092509406,0.8777390109156021,0.11363686917956214,-0.01808466012995711,stable
9.882873261770692,4.560922998333396,9.904101133758022,4.062253007992178,0.10336673542819419,1.6399498374651436,1.0838220666049008,-0.3839734595184514,0.2296049233619818,0.3167982710107318,0.1282071244147648,0.9970731387704295,0.012666958716846182,unstable
4.446666541284781,8.339157497907868,6.916705017347371,3.8737022621261756,1.976236253780304,-1.730745110593174,-1.140047465464939,-0.30924141122479876,0.5051609237223298,0.3612825266198891,0.2797746506667668,0.8138260672978044,-0.0008596425448684619,stable
2.2353521882126834,0.9183630366989597,6.939115505814368,3.2986034172987164,-1.9170586428956833,0.12180290137495797,1.7419324085167278,-0.7121136693291397,0.7307406314527897,0.9824508985384894,0.27712344305531683,0.6303837258841013,-0.02962490812459167,stable
7.929770074155395,5.569273522466104,2.029541561017174,0.8747751443686489,1.6488978753685966,1.0069329922314023,-0.7672513651285242,-1.920701090036756,0.7921079614205494,0.7909278998590695,0.1825851056177255,0.1949862509182318,-0.01879463533405958,stable
3.081330522355009,7.188383595648636,8.779976161816615,5.270308201599289,1.1820938907795124,0.9829415201372247,1.8114550809576904,0.8255038956305243,0.9328040620414999,0.7739509679847557,0.8660264828569563,0.3776675080030753,-0.003952248900882565,stable
5.874669942933031,4.931861073256934,2.655912983969714,7.240576874308007,-0.34480276231133766,1.5789740444614853,-0.6786162530918021,-0.2363212759700648,0.27556773805701074,0.7386389933953034,0.8608643533229279,0.17851704143778496,-0.00851038844489592,stable
6.637143258967603,8.789072708472155,5.413091995319558,6.216923243450872,0.18484695021702713,-0.9760625784502128,0.11877212133939352,1.6614900736810831,0.7446842111432828,0.7171532046956511,0.6077548542879431,0.09340500912806549,0.006825591619250747,unstable
2.3969339524535935,4.121779670007376,1.078483894268512,4.611697093128429,0.27570523043748185,-0.5365478186011092,-0.49490995059012866,-0.4632712558663039,0.10530680754186385,0.5342201830011741,0.494222151279496,0.5449430676115717,-0.027871224522525755,stable
0.8268658889412333,7.2161677158906095,6.47272662738068,2.352074872157038,-1.6183574404913168,-1.131185251398596,0.5785966891122611,1.5073616526897013,0.6042934206962937,0.9476336789505835,0.4283414410532341,0.8086636629693195,-0.021775073257423255,stable
9.876816763819596,2.1033149887800224,6.891330945062049,7.496383365556341,0.3968872173547777,1.675018709140652,1.744622919168446,0.4994102211618072,0.306180427992856,0.5276175312171288,0.6576273426755092,0.5970534327981328,0.005477221484626886,unstable
8.26520635924011,1.795060140893151,8.947151047784516,7.149179832215956,0.532767367325004,0.14680891462515655,0.6046581811889298,-0.151838362542152,0.8838908684407054,0.4984606646435221,0.44337172845100525,0.2212574398493773,0.005156589943411281,unstable
1.675199922115032,6.523240617395136,7.18588398934507,4.395087123218792,-1.2578633208587977,0.7225617683794372,-1.130854500863764,-1.0598515275458387,0.8727330392088263,0.08444949644955718,0.15364106980155504,0.8810236626345046,-0.010510707210287134,stable
8.555709586170005,4.585542108634464,8.431793848255442,2.0272933512819034,-1.6892800978485631,-0.571065584265722,-1.267850023917453,-0.5186846017120312,0.32304083854532273,0.9629448611752336,0.17384286633619328,0.9826706855286352,-0.003211649022072381,stable
2.952236916640285,5.629475286540671,3.568010775664545,8.068566447875977,-1.8790668193841968,1.8569490207095458,1.7232874841796937,1.5912456557128953,0.47031070711860207,0.8936389111433856,0.863229644906102,0.38812495332606145,-0.012530797515667064,stable
2.8492050336890973,6.35780408579932,9.402225682849666,9.084826889835785,1.9121614299259715,-1.7396619229726005,-0.8430510588767968,0.6111542819967561,0.47410592011470765,0.7751182189149781,0.2512993214371006,0.05237144255735333,0.011470679715313976,unstable
7.839855328640043,3.1721838351080245,2.3574112570571244,6.700844775191947,0.18526041969430285,-1.8066400597186267,0.16400026175614846,0.6410539079109507,0.37965958206542677,0.11093883262289649,0.8500073433497194,0.7809138460920962,-0.010431860030657849,stable
7.69493911739266,5.1427018516451435,0.702693068332795,4.993195062534021,-0.08140989192012249,0.11280173736075794,-0.4815060709721126,1.2079303276244908,0.22720173655899184,0.9618103275064609,0.45442936512114634,0.05247200425922552,-0.012145744417467578,stable
8.536594767354387,8.489702264279348,7.485222079036079,9.058215234827212,-1.2939737412839234,0.9229408945752842,-0.5296094801808544,0.49746871614180854,0.2888731723207312,0.5344953098645766,0.19720991940864802,0.2115410729496482,0.027763738491024544,unstable
1.7981940749232583,1.3600327691428697,8.129423975177597,3.3827141120763877,0.6675244030483474,-0.7862479181058175,1.374802560397129,0.09919363356191457,0.2348536641030488,0.549456555145367,0.9923376031208487,0.8547588676173509,-0.026481121121632797,stable
7.602068664638313,5.9266500437537415,8.570756435541396,5.141036587402002,-1.0942065870267235,-0.32458509617382214,0.9821838758356631,-0.7645829669595323,0.956584932213946,0.5947214732745194,0.4143329755449091,0.15076877742120537,0.007519238536065733,unstable
4.963326805595458,8.368186421322857,2.3413962615185007,9.99770764560427,-0.09931525933235053,1.4884732233527003,0.7137440547686307,0.1871258916118097,0.24686344507922015,0.26637980584518567,0.37059839722375054,0.636922347595992,0.006572722856381981,unstable
3.595892377210162,0.6969216944810238,9.081165729526637,2.2763317667412646,1.1564601419966696,-0.27503887084087486,-1.8192419807328393,0.9147503246462154,0.2049453371648245,0.1460489214844658,0.8763602177637657,0.34767913571817183,-0.01874938914075843,stable
7.47587733671462,7.296874999539081,6.540925520055462,7.028921164059785,0.619503645062462,-0.5269292793902824,-1.3348102953512133,1.6854499243763086,0.2778591406631761,0.988493207264281,0.10589378457359137,0.12797125481154178,0.013355410614359414,unstable
8.528859269102913,2.4174656465429245,1.1597278960030564,4.9062300408087784,-0.448698134399375,1.0337029968324485,-0.5612055488960777,0.15269861241703486,0.2697578801780946,0.1274269260487224,0.28594320903841025,0.2630166883377509,-0.012200016386870707,stable
3.5633771968501398,3.6570782051318336,9.470866745203885,7.8594825623363755,-1.9193241329582444,1.4792073415963283,-0.5580354959044636,0.7295729880155251,0.21741556024200404,0.19330551452445166,0.5787070510334282,0.6667226457761508,0.0030962579159254065,unstable
1.9707097882743887,0.5357392696451941,3.8109412855630502,9.95605472728807,-0.7532842359466785,-0.6234374877899937,-0.4485832969065915,-0.5762060247885357,0.6190713044498986,0.27014410908200176,0.7953439137666056,0.5533551190293422,-0.02050595955471249,stable
9.921004824171936,3.7407700419380583,2.277018906329267,6.038443918098091,-1.7605696796134822,1.2706433731027187,0.4963156244727398,-1.283519302270454,0.07685285782109155,0.8831978174794639,0.45833913583535446,0.2194292933255933,-0.0032460012959641387,stable
9.232304897760033,8.434773806113856,4.211350565741725,7.49833915536255,1.0743563948616957,0.03713609367794435,1.7508169719659925,0.8297517749497527,0.7406993407277677,0.5751865739585714,0.5930697246164675,0.1458544563138081,0.013167870584362341,unstable
3.253490923252355,1.2617454202797167,7.498961078544872,4.117168016215777,1.0381388389198878,0.7814811168419276,1.2229404956677605,-1.9765634910198302,0.9265534424658122,0.6392848776015457,0.2216288471906976,0.13754667121201544,-0.01929665559661856,stable
8.236935925996818,9.210099996403224,5.939892471346828,2.9304473858585856,-0.22799488444904847,1.645332861780148,-1.8753409143313995,0.41508889296664764,0.5069563502787371,0.6086283303695337,0.8604743453294743,0.3588612321996861,0.004118838158126468,unstable
1.352085611055672,4.585700285217338,8.288401002606866,6.474246408149123,-1.882191042018527,-0.3369632829236,-0.07637939716048603,1.9586079746416578,0.17954538310806167,0.7449035305266499,0.2345218662712078,0.447701446008366,-0.006282277861998935,stable
9.16918612080972,5.197401323739848,5.962373189555,2.3615373252449245,-1.6255662235189723,-1.751039349264972,-0.7509752604881532,-0.8592389437271089,0.11586618898978732,0.49659390914068324,0.8745994712952556,0.49486215751432594,-0.003183363736326531,stable
7.859196235017536,3.2081845210887723,8.834306288282049,7.128230107237684,-1.4415249214291244,1.2148375188462217,-1.8575130985178823,-0.9608756492119572,0.6000413635071126,0.16708847895181297,0.4974787745221342,0.43805115041657355,0.009061494042076937,unstable
2.370199590225002,9.385997493344497,2.736890945288428,4.829382305358008,-0.8768089144183473,-1.7036123314587641,0.6081576588130755,-1.150448138086975,0.46856847581104855,0.26704612598187744,0.2871664542601989,0.30055238723295213,-0.008310491380890548,stable
3.3090288464781423,2.3805706001708833,4.659612571585575,0.9595499064054076,-1.8163721075702268,-0.1494867182386379,-1.5625412634793836,1.9728722510753824,0.7574565236946079,0.6704959188397112,0.5054489922714583,0.11238991940676127,-0.031957051959462676,stable
6.157771120989493,7.901337085871081,5.490862637704032,3.3404924075314213,-1.0290542529678768,1.58441656092003,0.9541995424848895,1.4035914820469122,0.8980180043835249,0.2314046569897556,0.07522343832170193,0.42979185893389055,-0.0009460316629042991,stable
3.8796978101982336,5.500359628490509,1.5740351597490423,9.222516989021983,-0.9511925829590262,-1.158074106945326,-1.7231151186846483,1.0248604952750004,0.5194977490127584,0.10810802415685596,0.943244722003453,0.16831774305722286,-0.008254317222502028,stable
7.494221251500818,3.4947442762617493,7.141508816043086,9.161742358767981,-0.3932782891283497,-0.5327288663932928,0.02735071284015511,1.6400848985411107,0.8261465018683343,0.8640352868437954,0.694388197559488,0.35783585299491105,0.00451851256010144,unstable
6.12744725876794,6.944364895541877,6.852964428161169,6.128835363522095,0.3907851199526813,0.5522364602544685,0.35309067689019624,-0.6942247699071906,0.7024514222410346,0.625666262843625,0.9557864158027722,0.4673723744767541,0.0013776474881617724,unstable
2.4667721993959013,8.032577852953668,3.3484162065827165,4.085558750663828,0.6086567400214165,0.5110297066190737,0.40303060531108637,0.920118895191377,0.64970684688467,0.43671274823684936,0.48972931792198404,0.7530963791614368,-0.016812913937034414,stable
6.296040343897769,8.847060111364646,5.005058919609239,6.994860109135421,0.2822088352604877,1.9279196741133484,0.9957974507382366,-1.7832250755904933,0.701623163522023,0.3736500087241881,0.47851289154393317,0.7381883120257857,0.006397676830938033,unstable
0.6335613089146626,1.08940324461422,9.674001584621104,0.7774982256010246,-0.21460047086786238,-0.2291434676318982,0.1301993895665836,1.2715776337011682,0.564438188495747,0.5034207072167021,0.8703955708804942,0.3803008031174732,-0.031156615439174563,stable
1.5616042453789203,0.6754012826990945,7.002799211512928,7.259937300753499,1.8569515420391793,-1.355838305534121,0.9608774954705019,0.5273072143686766,0.3047184100031797,0.40221159521276384,0.783994352150673,0.15166968727581426,-0.016963615122351044,stable
2.031474262513191,3.0793951430908466,6.467912549080221,5.583842325619315,-0.2520638849812378,0.5971946362296863,1.0538973741405524,-1.732708848244123,0.7431962522092154,0.24398527259956732,0.3026978471905088,0.22545330854572276,-0.014670102701966135,stable
3.859938264184432,3.6256387489807103,4.321834409002117,7.417525014296132,0.727865287150844,-0.5954736438111858,1.8784974245350723,-1.7691393360768028,0.5975856822098089,0.17075611202072283,0.33218681628864305,0.7443021234272865,-0.011161812578573831,stable
0.6131425142396694,3.047914607453137,5.30709339311487,9.885717835756488,1.9264411024017258,1.2731471292617225,-0.6764855815173414,-0.370270889977212,0.8900333171632588,0.5275415740089772,0.5755708334415782,0.5113075228649078,-0.015387595360983207,stable
9.334121474804943,2.294217313443153,9.282384638846992,7.015962040490369,0.17445728083876677,-1.5619471105475213,0.0643682260496723,0.6348293017348943,0.3903610296481669,0.256261488158576,0.9622820562534404,0.9453812219096835,0.007045284689114313,unstable
2.775335076986483,3.1702105357330197,6.730767869344136,9.091174173508364,-1.976548725328192,1.9561862322884402,-1.6615316414061878,1.938507537454572,0.39721394396118664,0.8203724923380715,0.4104771578093508,0.1555051269797797,-0.004499124466511937,stable
3.0710662292280397,7.444473753496455,8.173620984436528,4.351035005224886,-0.7960096865610211,-0.9751572388559251,-0.553294997401411,-0.9944244299799845,0.9053312353914128,0.7841135917736901,0.400541478746256,0.2832381090608803,-0.004265632143896424,stable
4.068602094199914,3.9118654596637525,6.786952310251966,9.491616904648888,-1.505021737050511,-1.7519518501152072,-0.5880450537607644,-1.800836845075561,0.1671042307661353,0.7359265470931189,0.8400273338209467,0.5477275627846937,-0.0008063364504131715,stable
9.437017799420198,6.075323267776619,1.1479356151839064,9.915866757240364,-0.9248106667342877,1.3391930986014948,-1.7657582620351788,0.6489759274669096,0.7714253923071357,0.5037834977511968,0.7422949082052457,0.9142186845057396,0.0017817461852061359,unstable
3.8422836269063616,5.737546200750723,2.09770311439092,8.987017547097096,-0.18565570224507955,0.9956410818296186,-0.5514638768908076,1.8105563251375432,0.2729793484670481,0.6591226980829741,0.3142750434330478,0.10551725471090101,-0.0050980955006071065,stable
4.5957621339436745,8.251832712013236,1.0283830313352602,1.2701168296104322,1.2765794251774496,-1.2122996115238394,-1.5611956189822576,1.9567206167848408,0.3730176903688397,0.3039933620838563,0.38749194038427653,0.18100309992216895,-0.018362293696539207,stable
3.3358190887732593,6.831146932203347,2.5644094708506513,1.2249347174114762,-1.061247802171851,-1.9642843929277287,0.4939888701128843,0.29150370879780896,0.1825946057175996,0.5719987006789626,0.4190188609057635,0.47493140598471617,-0.02335194234333838,stable
9.774327832992041,8.306944093976103,1.0343236385024157,8.488934794352595,-0.55958481145184,1.9972174733119141,-0.7138899370885929,-1.0651998022317133,0.979851515976693,0.6398868043624135,0.9308924088048294,0.7434625825778421,0.0025408593409489907,unstable
3.9661436362388782,5.751604256685782,8.112356350547243,8.03544393450585,-1.904770055811655,-0.9353125062571155,1.4374109041751582,0.8855197501019045,0.7276039552172707,0.9589043952264477,0.7761704706267343,0.6421245440537191,-0.0008601463806764929,stable
1.293605499401502,0.9711609413767011,9.504954971194616,1.0412899632969435,-0.01293466503782792,1.8730848199286183,-0.09909362750651463,-0.005736114976258033,0.4091336039670993,0.16419616016931993,0.2671082537539064,0.7466641057604995,-0.025907982180079725,stable
6.750832745271229,3.9470904870924493,2.67890287412022,1.1622788095005063,0.04162490258512275,-0.00773924516089286,1.8210024027973803,-1.2529094733636956,0.7852932940820386,0.38612720259671185,0.12746182354949223,0.4945661724630114,-0.022619480173495264,stable
7.307746746797025,3.11931275415441,1.6095757624287899,8.168024690431128,-1.8068319571514766,1.2994167180391072,1.8469837901394102,-0.6847374828876882,0.6962765164099589,0.10795693386958079,0.5276632712653032,0.4391702127844531,-0.008343684787118102,stable
4.03628972985268,2.477036860701922,4.556138362756785,3.486130453468129,0.9993071743377624,1.5273548225493827,1.1718118877633446,-1.8361679778872353,0.8290031113284051,0.3767697011847666,0.373863825038507,0.5506279861665293,-0.02426233460164225,stable
2.508158976773931,6.674119133786672,5.153629853042164,3.934553454525178,0.4830328960328596,-1.4138067540596415,-0.17347264967566778,-1.7207822908821977,0.15304809313877715,0.3983355015149418,0.9312528985794715,0.48724069547463766,-0.01417323239821928,stable
4.387888786243992,8.369862044560357,7.9560809467858835,4.212679000926117,-0.12056651665582985,0.5005886693101642,1.4491400107161136,-0.7649197098118115,0.8590852203053342,0.8394699874090096,0.8107506942990483,0.5154088336571486,-0.002807296732061846,stable
4.671147999867456,7.856877437006214,4.295747971049892,0.690533277039683,0.9660515133286673,0.0036113415065677223,-0.04143399988625207,-1.3737573410448087,0.7652992952414454,0.8287759040146041,0.08296401106331075,0.10615319563314947,-0.015130195317354437,stable
9.95534813218468,3.408733814633885,8.490605251625187,5.6909398449631325,-1.3837200241959318,-1.3479968245423728,0.6334786835901824,-1.3177475572210917,0.865575401756139,0.6111657168535735,0.6598539121724893,0.16803734442053114,0.007340905732503544,unstable
8.655135592764779,4.812441802322926,9.61922550589772,1.605011758021149,-0.6778803933104771,1.3778334672926893,-0.8211691449316709,-1.6101320279002977,0.28608236485928185,0.12009428931709326,0.281048121304946,0.20192343462527462,0.007283795596983457,unstable
6.3986345349895375,3.2977430191058823,4.115149788984214,6.633361111071839,-1.3616977636852576,0.679567010985191,1.2761285151412296,0.985705492949235,0.7070911351232484,0.12642808840546294,0.750756077485732,0.385578389866231,-0.008737047319024688,stable
2.3422205047484193,3.9840134069673647,9.515154070841408,1.4160947393089596,1.1030272635598624,-0.10487963786297527,-0.30110991634161444,-0.0657990380666944,0.6764949705885689,0.727193194449132,0.8138662956350344,0.4509463311456644,-0.020198797154426622,stable
7.035187953195822,4.769558280581392,4.318980928635271,9.590109096399875,-1.7373118333516029,-0.6457238915024841,1.9905916621040385,-0.583405287198564,0.7342427960980782,0.8794162392950954,0.3415960138151795,0.8601855768246979,0.00020738751686564562,unstable
7.710490521679604,9.897570897676712,7.712684848938186,8.524914707255967,-1.8536131500182478,1.7705538802267333,-1.4003027718886987,-0.7956121569635126,0.7641046473982931,0.4703817326260997,0.614434813319054,0.9394914563745752,0.020672089190286055,unstable
1.2161930175963032,1.2668836605129536,7.185310738250968,7.491047812610447,1.6826364515657177,0.4412558209754236,-1.1909640267890103,0.9864161417424158,0.9028568967346254,0.7297863399731404,0.5936305534138978,0.19243471260416423,-0.019194954441202457,stable
4.105121908670492,4.382594985015852,3.0975368962761367,0.7746747344932348,-1.6674439716854743,-0.9474083796215123,-0.54690637451495,0.7861710419877341,0.31487846287217663,0.3520851064091451,0.08282504443661146,0.16862550273649454,-0.023692249271132858,stable
3.605054076685184,9.20042205243893,0.8767999645681559,5.05738460831993,0.7026108012965526,-0.6893832999491387,0.20992452753390678,1.241781283812064,0.3689954605037531,0.49636247291658947,0.8321567890264703,0.37190742370550883,-0.013497958975731117,stable
5.919097564808934,5.994764362085791,3.252039164597706,2.6929606573509517,0.30386590584764184,0.13855744681570847,-0.98803165637969,-0.3288358250877308,0.391562785715745,0.6254960715548011,0.0784756515052777,0.8727164615695415,-0.015194100479618373,stable
6.704005574498736,3.908911446255351,1.5623570269623437,4.115273816155684,-1.8284141222946912,-1.3646163316180888,-0.876817960320504,-1.1183468252883664,0.4437799873463884,0.24546439935212133,0.603076063270617,0.3989501434113833,-0.017729983307222266,stable
2.2231839896894328,7.69130186950712,6.078807136766761,5.7923601392431125,1.023202557196905,-0.07934376821098121,-1.9860756509549535,-0.6586998049600292,0.1292978555881402,0.9755407651311468,0.8248637531816256,0.5663326669046519,-0.008016042366011755,stable
4.9617646430802855,9.820211531448445,0.6656044487785246,7.396345594303163,1.4798320752234706,-1.711356016528375,-1.9603309260558315,-0.7196588966500799,0.44347463986190017,0.4024533024993145,0.08391616260618856,0.7168692186455441,-0.0011237510740386997,stable
9.925594922091,7.625800692598854,7.152816004860911,6.049102877206616,-1.344659866453778,-1.8110984344527465,0.6857281742672638,0.08138248825984373,0.4201400345656123,0.5239935384990153,0.8741306113616725,0.8698274273576773,0.013442828182973555,unstable
0.6506000726600542,9.157134366616235,5.841241742690037,2.1265978589675383,-0.271052675739313,-1.064818955901329,0.9678729685066774,0.5704890425757658,0.426722752793678,0.8640213363286413,0.6857861959492008,0.6556060529105554,-0.018721746587575718,stable
4.024439312375851,5.859105137999652,4.908076772159217,2.1931558729556517,1.773508499785613,-0.4832293025297023,-1.0535453859810828,-0.0005407181605838751,0.9042780074881228,0.24157990771315896,0.7234903733459792,0.9111643495813546,-0.02144062045191715,stable
3.675968406634896,3.359140700432608,9.73675593658616,5.902990669154883,-0.5656116657394388,-1.6702659233433503,1.0497542502420028,-1.0166272735446489,0.700111209172735,0.883840963668054,0.49006888299510326,0.3948116387194743,-0.005657024190755474,stable
4.35303869021422,1.7824142104470129,8.259801640573366,3.0063941164478725,-0.17871168807538895,-1.5079680418025405,-1.9146769252360096,-1.5574265769027225,0.6584741661585862,0.10068494422627604,0.3754487556875668,0.3187208330694303,-0.013762521851503118,stable
8.757340297484474,9.454926773954035,0.6051440088888073,6.480115904534238,1.6539737957927283,-1.615110702454349,-1.2665600007657853,-1.1173182379401392,0.1678180016321802,0.2077710040857358,0.8785954098298753,0.10915097216903083,0.006427140523569778,unstable
4.663897863845002,2.346210477362668,1.0079504380902289,2.168141297630304,0.37563188412584925,0.498120537637329,0.5750711095084591,-0.5771284565143402,0.4650043798005713,0.21039051108844364,0.321443875910255,0.4932839339103062,-0.03198511331122738,stable
8.889241014211978,8.056864128946291,6.3835677058583835,8.488834028636273,-1.334831172141171,0.9983904714035132,1.3378624575152007,-1.1062126596070687,0.9392604402343608,0.8022085671909015,0.745568797636773,0.32058392786385004,0.01550815852950288,unstable
5.967628508787267,6.141913272153168,7.460841315483351,5.206409275950313,0.386731508769663,1.837867542672484,-0.6141377281507108,0.8811070811361001,0.28498929258257405,0.16453546967818106,0.11257655490661594,0.6795091285972851,0.00573392870211197,unstable
4.533868101879017,4.364574848084009,6.910412740465907,5.60415316403942,1.7828370862072118,-0.8940015531637968,0.5163267755323901,0.1973215708364875,0.6340154044840939,0.7465045362577468,0.27507114696805907,0.6174573930540878,-0.007832720267649054,stable
2.896879332748585,3.4172517054903015,1.6412595295699473,7.415694969717379,-1.5043311909043267,1.9681695746943686,-1.189066260506216,0.24211081190329198,0.804721730067363,0.2773607998401668,0.5821951678353051,0.4585907229254605,-0.022186628259525946,stable
8.324331625555489,0.654467246232638,7.366262901790453,6.273533564723728,-1.8372561510017547,-1.3920408478049984,-0.703356580389781,0.5393892252700985,0.195318950310223,0.611138084921319,0.9100244759723358,0.725718235278231,-0.005664510386654782,stable
6.619904921031112,9.105053479077998,8.41191642995933,8.426441445209772,-0.5276448448367179,0.7026202962869537,-0.886580410187058,0.9999298152169778,0.7788394385270887,0.8421096661307775,0.6362143346237127,0.4710154948903366,0.017767396017335957,unstable
2.5161476638805134,5.8486401886742865,6.50537533686181,2.4892427531534524,0.6214171453016242,-1.137283205397579,0.8251571701214555,-1.7423907010420514,0.5075014249008067,0.9791194616396097,0.9957135216321693,0.4994002562331427,-0.021510158465603488,stable
1.7356696878232931,7.7998895385237255,7.786579117652713,8.126483032913173,-0.35301883015335145,0.9488070886677842,1.2894824135033107,-1.7643930051307875,0.7999776230130167,0.45885745608588824,0.13109107952043997,0.636932777679372,0.003487258760788677,unstable
1.6915976222049534,6.764113394823096,4.375115364123333,7.968787892333445,1.249720757983107,-0.2833668422142286,1.6998374850022842,1.5854894464899107,0.8235276568125989,0.3469053620693508,0.26589501604177207,0.8300595966735244,-0.00933290247427416,stable
9.1361836470684,8.974518325092186,2.216286815456421,2.4788170405890715,0.21490458918935174,-0.5332516554602327,1.0776782128123887,-0.04799435723076817,0.8551265802449782,0.15403400813336826,0.9344336558344295,0.8329455840271043,-0.006868184570684211,stable
4.332219607162553,1.481851515049188,7.8688305097054,1.0679887154667314,0.08306798522738301,1.7461591011523914,-1.476453916239569,-0.6187666472180204,0.5939141883844274,0.45430703370828623,0.7879667414626084,0.06672206326181453,-0.022637324265626008,stable
8.29292404642908,7.076115389510464,1.4494966489154213,1.7064028908348363,1.205449958128746,-0.7612950200573678,-0.0722907148440588,-0.9170942433244833,0.6832818558262009,0.353938526149383,0.7888795961759034,0.745220308504005,-0.016544253994052956,stable
9.00593988121788,7.182455489305408,1.695776272643854,4.75518293955285,0.2531274703617794,1.2768928074868442,-0.3720804993516311,-0.6691815439582385,0.9732350460427716,0.7811948563371807,0.8511964479278347,0.8207806971889239,-0.010533648780683576,stable
2.6501639540457,4.97326795993408,7.879137388107069,5.754030796138575,0.3662329508135569,1.984830190972867,0.941537195371204,-1.810621847543024,0.9863073904923404,0.7846031807691952,0.5361719450825807,0.8497443686304321,-0.012642634179309189,stable
0.8094373232388044,2.3328994892117065,0.6922040806036361,2.700651534479917,-0.7558618532275299,-1.9193384101659623,-1.9942249485575556,-1.9005807148083385,0.05245458318124383,0.5460963894427687,0.11098066287956602,0.16430779815535185,-0.038031216099459496,stable
2.2131928221839865,4.681410727041216,2.108178035188953,5.059947911986705,1.639750355433136,1.7519833890307637,-1.8932956489255153,-0.7242190648480853,0.9956782159703909,0.30619571526607064,0.7736850268608736,0.4458827422106121,-0.027450384760537593,stable
7.843297703780508,0.682417186656922,6.635496403771811,4.531469007040511,0.46676479614116007,-1.5339521771830316,-1.842273338553475,1.1099563910325752,0.7664184033658145,0.8935342870421702,0.05544604641029573,0.8287447766833573,-0.013489016814383813,stable
0.646425173151039,7.331123025945714,5.434572523404138,6.678300791960525,-1.9540354435857714,1.2421711770588226,-1.2603192644318923,-0.7722710694106141,0.43029669885501987,0.0671399684327301,0.1150729568604208,0.33956550024429094,-0.004534321835808774,stable
5.859254570169672,9.879922441552795,7.317046674299299,8.165129968477233,1.179275786658847,-1.4552084837310093,1.6345588850935764,0.5166867713598702,0.5542473983424259,0.053281687246591755,0.8079396770853275,0.06967880396092112,0.02062764630307117,unstable
2.3170342730864446,8.570970666340642,3.44456981128866,1.600423602982347,-1.7965122548210037,-0.1738568370718414,0.1657475317225372,1.0261178100325736,0.2577082594978163,0.5414950240736579,0.45588221516617156,0.9177596711826153,-0.021031729965356072,stable
7.7832764826122265,5.203741861357427,8.216610833356729,9.957129773054348,-0.014054874724990452,0.6107826603273478,1.4576929951094355,0.12428932944096305,0.3537259818471665,0.9004165156025726,0.38778558243992234,0.5223020800571315,0.01708074657621787,unstable
5.0540691160798215,7.283131051882618,7.248167595786163,3.4365192161852334,1.7706725200813471,1.6926339897799076,-1.0955235736099094,-0.2878915313656387,0.48012063223790163,0.6735465731096077,0.4349995594218578,0.050425199603612955,-0.0006407423720303125,stable
5.716259421229289,3.5487700955028614,5.636547369667947,1.1256902780381188,0.873406266950433,-0.027416787351618677,-0.16237885171937894,-0.733220255036338,0.6492147979718206,0.39524486645781604,0.6702799799979362,0.3538876433536033,-0.02027496852781035,stable
3.2873784405526933,3.7774028233895702,2.223322762853213,5.726421177816439,0.5635315357101152,-0.7187246213219844,1.8418877083547818,0.27303418089808096,0.7925325355132458,0.6116929882053338,0.40761333313521547,0.20326815574896795,-0.022539222051484023,stable
4.837495785132304,4.134520923369767,3.8360877509332294,2.1179469042712884,0.9650384585248029,0.7622812264528744,-0.6134754241650877,-0.06257446654207355,0.20855361886622392,0.2627604763431634,0.4279589821406518,0.18081516401845138,-0.018085312797575977,stable
0.9342697279850836,7.90079089651768,2.4040604316874594,7.664605854597495,0.6645680046328701,0.1118552527083696,1.3851825771155681,-0.11697349872837393,0.7327810194544815,0.3079603560901967,0.7793722309183129,0.7121276747491113,-0.015401889129091219,stable
8.190436647164242,3.8635215618906957,6.3358816305958,1.6509740111489122,0.6574591794287179,-0.22147412220471363,1.7747686403754899,0.7368426376795552,0.2759427714396557,0.8799303339226592,0.9205290774758125,0.22960594660689732,-0.011428006020225995,stable
9.121239772073274,6.222168619696693,8.304545554558302,2.7391276798054127,0.93155299606184,1.5493425866753636,-0.6683627664007235,1.0304580636592355,0.8816136835565572,0.11280424453375187,0.18924561805176515,0.17209497909318433,0.009188911439157916,unstable
7.650151437324481,8.042570058561022,2.8866032785541145,7.717158636441802,1.761931765350404,-0.4910489077528295,-1.5954870522126074,0.41383000820110727,0.8207556670944239,0.6588437640554248,0.8910575671938361,0.5314588445693461,0.0012306293126383983,unstable
5.208411588254589,9.336620026036389,9.27894622476693,9.314712020828917,1.4434988219553233,-1.7274667423960715,-1.1212515635794196,-0.47918323174003774,0.30066115580526315,0.32635420697975587,0.4892542631700485,0.9888141314537526,0.022321305862672964,unstable
8.515951319718255,7.1387242276099965,6.141099733895204,4.167812993825876,1.5483953907711752,1.6777405919713786,-1.2935246086153511,-0.9471438272571544,0.4085664811477699,0.41846765834230715,0.3435547180615116,0.6696943881561939,0.005707554459084413,unstable
0.5362983200919906,5.6117051735065475,8.236444884678301,7.964318090275919,-1.7229535718097586,-0.01189313861708241,1.400792891779668,1.9298603719067509,0.21572676519929734,0.11554046213281029,0.20540513177491165,0.7905973158884814,-0.0007644322035956037,stable
6.826595366388003,8.248564776103995,6.6399625336475525,7.170725060229728,0.7585874674031907,-1.6249057137726366,-0.7564443853836997,1.9409430212735201,0.6066007585843836,0.9234955328813722,0.23177954832570763,0.6998548125858756,0.009905966079036502,unstable
7.790166214497726,4.203862505473127,3.100507652251031,6.205576330844305,1.8463779455898353,-1.7624946405683475,-0.6640664769528248,1.4948767938567267,0.8307448469246668,0.6925071932232275,0.8665308550461664,0.15853487337710206,-0.009491307085190347,stable
3.603234253326566,4.9336867516938625,9.324075590029107,5.516325809660257,1.1211415797746063,-0.08808645719611707,1.6044300426614013,-0.20802490303152155,0.37015582331435265,0.46319649443289923,0.906533937201812,0.33657090927262623,-0.0019389798093339683,stable
8.63743106396779,8.623184994356631,9.224555415542492,1.16421341653028,0.15763047888560555,-1.475835822246991,0.7428295415525992,-0.7144683678732626,0.9130478722921556,0.46184486221252685,0.9851761434324255,0.34170072684127023,0.0056146142021010915,unstable
0.5018050152697633,1.050515636730621,4.437321092544177,7.134624006500965,1.9102356321654397,-0.9284323233554392,-1.153426487668567,-0.08870818595252183,0.5517974967567265,0.8141168933757159,0.5316263721060015,0.8534396746346052,-0.030944237806751436,stable
6.505142008667055,8.45793184002051,7.706325825841282,9.081290794566378,-0.24722306154722107,0.7029095980938522,-0.20475907393407233,0.761700421686581,0.8245183938555862,0.9058546205162896,0.9791703994426806,0.5782003101426517,0.012938007552952026,unstable
3.359727819315848,7.922071409724194,8.090578480037731,2.258965021124407,1.0253920766533628,-0.7677355413699747,-0.21979865215546113,1.3437611215398815,0.11948181880088019,0.9817874336181952,0.7609018245585653,0.2203639294914821,-0.0063343182068401616,stable
6.471965275721448,9.724705742958482,6.0254986060781714,4.098073211133988,0.39089618483951005,0.3577601294909356,-0.0594782516978678,0.5479648359763138,0.38907014023173203,0.062308097296198024,0.7987329335323733,0.4882416886358515,0.007108842791249445,unstable
2.8879072657277867,3.246938683823897,5.29868846020551,3.1115177630997235,-0.5172146684478491,0.7895320710309472,-1.9017964945404287,1.754299497787199,0.3935919495142567,0.19467355027266775,0.09925747206426834,0.22197719392059123,-0.01818487039671663,stable
2.492908765826013,6.123011693412941,4.33004275329834,3.273808037714427,1.7996271423173114,-0.47314968550327574,1.1127602001729793,0.41205129339417246,0.9656141487221552,0.4414424430370493,0.6740445512076397,0.9389520787302159,-0.024550837982856004,stable
6.4485236746525825,8.987817923168755,5.743473052390032,6.538489543245371,-0.08670857378771268,-0.40005943037200176,0.0888883471799442,-0.03640843745894218,0.9031693108126916,0.8080212615612408,0.7702547387320351,0.7386039067954522,0.003195514394134742,unstable
5.220880795853709,0.7193325043837662,3.416599948878797,2.6253531768722773,-1.0111864122104621,-1.7769188954510446,-0.1399654145220408,-0.8739114058735065,0.8795396497667104,0.13343043243850294,0.7503409520704991,0.6456216163632433,-0.03208924718822341,stable
2.2791665389358027,8.32054175517277,2.568214576733638,5.446833410815176,-1.0839901905268934,-0.7864547682279572,-0.11378938294549723,1.446553815971643,0.6782277253887912,0.29003231694107845,0.9243858238359519,0.8667535292707901,-0.0172601062730396,stable
8.91866183416686,8.249093537987665,6.095827729624907,9.524036073150503,0.28299274020263177,1.6069345162819086,-1.7886121588954271,0.8623006026523266,0.7608438674752603,0.4018167495566418,0.19138879995589891,0.61526967593941,0.022122452472688785,unstable
8.882673288879918,6.681167015007562,0.9150963235288023,1.8600456887243084,-0.28394871918974607,1.943530742942662,-1.855573309436759,-0.058163068662199446,0.20004878873822624,0.837105529535534,0.4102245027134478,0.1305062627029231,-0.012041969628099176,stable
5.7208998477801005,5.993192047175338,5.330854253291433,7.13694128480373,-0.7766425889950446,0.5933031671544851,-0.19820403357879846,-1.3294985099430936,0.5888923227354335,0.7463073768218613,0.32224318045399125,0.7749585471486561,-0.0017072885531732064,stable
7.20791226160206,9.5908934149292,8.457825504078304,2.308409293976487,-0.664652135076397,1.2258637387387417,-1.4261257331721127,-1.370951213084909,0.33626535696749077,0.3308843775475477,0.5121366915048096,0.6429406034887829,0.009801466038921968,unstable
4.788173983008593,4.255501233535457,0.7789811643888678,2.7195923029706974,1.1676579422518403,-0.5434842304702707,1.1052312589168634,-1.6076526898881953,0.8732260932499378,0.32447569653850056,0.7597344035714174,0.6577826160467413,-0.031720472337273944,stable
8.113711961523245,4.215108013389139,8.433266859210871,0.9761423892748015,0.4404842390210679,-1.3489447081883497,0.35498299167119196,-0.21935433803447602,0.16393198545609416,0.14358376055994793,0.28254170377613563,0.6602598204727069,-0.0019060132928292789,stable
8.421634339669732,3.9543663266094984,9.629378788197187,7.995163734520616,0.6971610200676412,-0.3254263284737693,-1.5867854633623422,-1.9398332691923672,0.11831015759319811,0.05506125873754079,0.5387680838855198,0.847672413361158,0.017202298404605507,unstable
7.7595171431967405,5.285445799175687,1.4126034143392785,0.939183939064931,-0.7970075307193283,-1.8116804382301104,0.40761807581339893,1.9884216740619514,0.6381868767118192,0.5051148203270157,0.22784739775317442,0.4622300753258248,-0.02067502011114758,stable
2.809913973173791,7.195211855097257,1.1897159934567758,4.712154629834317,1.726282932687056,-0.09548776088901034,0.6876608699490401,0.20388276207002676,0.9749665468111627,0.8279681868198695,0.2922636821297263,0.6594487610816918,-0.024005744755306903,stable
0.7326403718808396,4.673963343646438,0.7878673039174888,6.17177252010848,1.358947618523639,-0.12735139703448572,-0.7734805614677338,0.5237708342591922,0.6307642914703536,0.18585283249352758,0.10688168102609222,0.4708855083396027,-0.02605631271776477,stable
6.753404243767452,4.614787833285689,6.027775572636198,7.589881960138145,-1.4566449006673383,-1.576253880154061,0.02466581130447576,1.0713920186487496,0.1452741342269489,0.736999636078985,0.2946492610487525,0.32960766403003156,0.004931970547645118,unstable
4.406948097592567,2.2883411835091447,4.350686152457089,3.925581064505386,-1.3478017427242914,-0.31642443146299204,0.6268305177935813,-0.6163954956198303,0.6190994345314987,0.5537320855269047,0.4301238334452283,0.65493410214742,-0.02386055603309479,stable
8.995478028582095,5.720556238795557,6.898629540869453,8.15930367567126,-0.4128264268048758,-1.591799091026651,-1.0132015641246204,-1.7833461658667469,0.8654089276014469,0.08357867216447465,0.11011957713788895,0.30460373481268266,0.01761636415121345,unstable
8.668551511693734,2.526069099105048,2.240602899999791,1.6537132023187917,-1.9793098248262138,0.6582132121600783,0.640459411855518,0.11439452260772365,0.5430615243437832,0.17566004191339818,0.4012966274045523,0.6086205889416864,-0.020920852130223697,stable
5.570644892954761,6.410894406242905,7.143880642364773,3.596213253553105,0.3485473985616241,-0.9881061488000284,-1.2904286661767528,0.7012001706592579,0.626315548482596,0.11765594603501538,0.7722283939724235,0.2133247490373118,-0.001843540199847865,stable
4.0857194312273695,9.808509541753635,4.529342584209433,1.1239837545985583,1.8217209382283164,1.8696483547885903,-0.3909633493293416,1.0484783295633657,0.32360141782131174,0.265218349420141,0.23017713324338562,0.43199022405661885,-0.007386047343234803,stable
7.273400638790876,4.731989421337966,9.518257886641694,1.220751793901718,-1.84685181513121,-1.5020565801844357,1.9197925177166972,0.44410314410975316,0.06072099887493901,0.6782991190854679,0.43960624651717517,0.6985152198347832,-0.0025247085698811827,stable
7.239012107367838,1.9463353405158828,7.052325114896411,5.725669753657722,1.1274434567039568,0.3638574874487457,1.3174117727821035,-0.12246948907018629,0.15653432818326676,0.9325242437463964,0.8578806804062186,0.6995240330259509,-0.008323960635714526,stable
6.981687484811137,9.929230121197348,6.056493212598985,3.488704028823462,1.6608594735378968,-1.566485445963544,-1.0247023431540758,0.9421195274615743,0.4799467587070015,0.6218796084847772,0.2962458009993104,0.802809195858084,0.005135880298331468,unstable
8.503028516233188,4.206030034487438,5.555738890412759,4.764055700146307,1.061117365035774,-0.434211314294469,-0.2792979045880615,-1.3949799061692114,0.0767272525775312,0.7300424840993098,0.38516845467100813,0.8711872218660669,-0.0027434942128703507,stable
5.984526559825854,5.2482384515063645,4.437665496060624,5.939692959603606,0.9865083161300547,0.7634030748250846,-0.571758680071695,-0.5187981472535341,0.16100205493405711,0.3955789464646108,0.1098251833034492,0.12318881920814624,7.733364793979965e-05,unstable
5.40241305848195,8.798502938608921,1.5438482361233452,1.0114775853694964,1.0447104945981498,0.13010556554455865,1.0512346736207085,1.5272728260014117,0.8307928188899327,0.14192717007675054,0.7026749126925721,0.2539404617830038,-0.017756072270752016,stable
5.410627269270315,7.230014629852308,8.12855785845424,2.8381285845248376,1.6786442241653527,-0.3266916735806715,-0.525695323186643,1.237302724721641,0.42142344755470157,0.8372309950107157,0.9587828991950199,0.29934187826560404,-0.0035655752448759525,stable
8.945316251183792,4.920733850960388,6.654501707751641,9.392809322481224,1.973596535977019,1.5265356815783724,-1.1974205786160739,-0.7510499322653987,0.11314935884777541,0.3365334617599115,0.35214215504494595,0.4306688711819478,0.018620933596769713,unstable
3.984135767562467,8.697999306851058,2.4477292325956013,1.7537386545751767,0.20155326839310295,-0.4965324132113329,0.39313401298682926,-0.7014230425967192,0.3341544263130341,0.3795520303062717,0.4968287684740951,0.8727048419460915,-0.018207192931236713,stable
8.498200668198846,2.860004638090171,0.8694113883030838,6.215755001603555,0.9947009913320994,1.6263849232692098,-0.7326328331330769,1.602119265937112,0.5511617906593682,0.7669749191841806,0.11088418221043526,0.08638938987098235,-0.0114686221691357,stable
5.2964508557027035,2.226073916492743,1.505598556309381,4.437877948307988,-0.9303845859400157,0.09338370590615241,1.7252732156104784,-1.6501163125226475,0.499531072073349,0.8397600121104173,0.461309301046847,0.07401693907352314,-0.025708083429488653,stable
1.3107200323086041,6.6932693861402495,0.6401240399799544,3.0784009841881312,0.5994967423381738,-1.1424687021269233,-0.30055395820822994,-0.03169668709706608,0.061776908379331696,0.43287919175708217,0.3030998711107838,0.9155452663033007,-0.02926022008121015,stable
4.765328879469665,4.1297133846613985,9.670577683232578,4.087550505687236,1.9171548984069475,-0.29016202021580506,-1.8492931008273636,-0.6108691529956727,0.2508759814045018,0.6135237015648697,0.21294097992648686,0.5152016782519706,-0.001329785573111945,stable
3.2663657776357935,5.581049431007445,6.083664582542169,9.027038688647874,-0.7755885717988051,-0.8875380774606909,0.6185804958040917,-0.2895791024440859,0.4840573690108529,0.9541485125768285,0.6696486731208353,0.7251123709276914,-0.004269538428597841,stable
5.514907924306482,7.636941456445532,4.4482530389074695,7.151178016730138,-1.7697945953987229,0.06730747560729622,1.9096121945410194,0.5231382270406963,0.16034946729825186,0.5933352239736944,0.43525719343953717,0.6206401994348418,0.0028302906702424337,unstable
8.606443625686248,4.984748117216936,4.0381337466820915,8.312296772621615,1.2731381560171497,-1.7595473655340457,-1.6254644256519661,-1.1923296918691024,0.5383510283663442,0.3813675433128903,0.9694957014082866,0.3343196472191516,0.0037363860539838673,unstable
2.2048275085943443,9.427850286264349,8.294299033729878,4.311632691200634,0.8683059734053677,-0.02398389506418175,-0.33665891706859385,-1.6741846393477213,0.3820761014112076,0.9969677453655905,0.4210981865733459,0.39195518544441443,-0.00036396229449977245,stable
5.014633930774225,1.897108226365904,4.917689155457403,1.240401701887103,-0.3101432998498752,0.039508968290461244,1.9341034035330051,0.41069431103427867,0.622915464828189,0.3480536122037396,0.6237694123310971,0.10289261721155166,-0.025813572996661302,stable
6.033771391484316,8.470589948211675,9.341535246618816,3.541434598137535,0.6345611116989875,1.0116187765700437,-0.4590240048506016,1.7204532568587099,0.7914745563873529,0.5364560909417628,0.13748396005387015,0.6473527550414074,0.007904491149008895,unstable
7.813292959257781,7.995113706531362,6.7003460004261,7.704478471807041,-0.9910247559254834,-1.6864251328773041,1.7053827658614762,-0.15645124900954865,0.42563870478460686,0.8503470730903362,0.5949845330620047,0.1050087741608475,0.015653182419566744,unstable
9.43928114376306,1.6213647138911509,2.5329972509692933,5.617104941017327,-0.7622232612749813,0.7588872572185323,1.5370659893556269,0.41384469298261184,0.9216143831935271,0.23693781115110374,0.507015898236797,0.9572320412191783,-0.015087130544900958,stable
5.730774871733229,5.736764893096327,8.894783182868702,7.913868515903232,0.5677872821604022,-1.1864797929788726,-0.8923690418209373,-1.9529739968349071,0.27928908342021547,0.26577537795192285,0.08747324959890646,0.1813985243668776,0.016620797482314112,unstable
9.2553711791926,7.947516899992578,7.523693034836803,2.379547592087425,-0.9268254862136889,-0.47122660399857796,0.22421666066918267,-0.3678750281210261,0.46983436821312174,0.791528932771673,0.5531104201096758,0.9723542378756572,0.0038311819704228874,unstable
3.697310142282635,4.440601507440903,2.4720555278831045,7.810842235438975,-1.557490328092566,0.02121430391534096,-1.7690141008240396,1.0192317485068911,0.8604236596399986,0.9083004127131786,0.7771737770418816,0.9078885380899154,-0.021216908404810827,stable
7.761037827517771,5.109439229024287,6.31819662620777,2.4414237211337406,-0.8602850054120119,0.4061633529228432,0.7778651318992575,1.2143276224708095,0.26231319834690847,0.3617461026327519,0.5506496141176095,0.6643868603487378,-0.0051202353675211185,stable
7.755391854018477,7.582186461141204,5.499017362406304,7.557754152832531,-1.1083882767525877,0.24472673153513647,-0.5020508309464153,0.9145826338050767,0.06139299277601586,0.5908619033315853,0.9680575627713303,0.1904876177070346,0.011931874193066464,unstable
5.737150317327136,8.684784317076808,2.1246572641503008,6.42150092577597,-0.9578151431292361,1.957326029215177,-0.945614735987514,1.32561904228365,0.32630251358934265,0.06012441583233846,0.5520580289547288,0.6017000912189321,-0.00028069318715117936,stable
2.150992827911165,4.2392381110556565,5.343524307023633,1.0436796199258684,-1.64542852619834,-1.5036892388641392,1.8063502130244298,-0.5195914912562647,0.46054129572110314,0.47792070170234896,0.16038483799963035,0.4516942376497332,-0.025809118200573272,stable
4.1689408087726125,8.452606870180194,8.950811527750133,9.427735764741485,-0.4835297343768401,-1.0430576107351253,1.3167285636864903,1.101440313253704,0.5686322261136428,0.32520747150865176,0.08466104626935542,0.8748114979649839,0.01823367621932789,unstable
3.2630761232726533,8.217171979620336,8.273982099162723,9.222423072356765,0.8449716552744513,1.665560194091173,1.9909187243657924,0.8648818271228045,0.3749706389150603,0.886640809993583,0.979019286571193,0.32354345150111746,0.009620762251126427,unstable
9.685346883018303,1.6269174914372084,8.874607629083856,4.556521995235387,-0.2247051712935857,-0.0369896311444573,-0.5583784698065575,-0.12271215648609779,0.29520863761094257,0.9734674091945807,0.5601096004342648,0.5095388683106279,0.0001668624191848017,unstable
6.623913379266878,6.85395983502526,9.783108440675822,1.6921710447445981,0.8222657222283982,0.2678381246340207,-0.566931622642806,-0.22452675949595235,0.4993420232973309,0.1819049259768562,0.5455366197002354,0.8857686448560854,0.0018201206801288523,unstable
9.135859449238922,8.325862537983573,9.977644497416877,3.930069788882166,-0.9766269562460792,-1.4477650666765287,-1.4811950772402773,1.4974547531893458,0.3191296570795969,0.0535598575792905,0.9401037367256043,0.1629772290996524,0.021044738281383125,unstable
3.3135178115266792,8.45191915898052,7.704907803937438,4.3580054791405995,1.3935697855092668,1.9326787920516741,-1.8777688236185481,-0.18782237808406155,0.752604886442772,0.36841637074099287,0.7537096823435931,0.5667491370470796,-0.002636524748909106,stable
4.57493055656499,4.472474657668614,9.827991973199202,2.798760588035547,1.0848238962474088,0.7452064400435146,-0.5306666766220185,-0.00042947281743188626,0.9003143887240865,0.9752705926114308,0.9942327590417179,0.13635986159061067,-0.01084549357116835,stable
5.890037094136347,2.547412382871917,1.8279766103205468,3.9292812434815287,1.2751657146327142,0.7362812323801253,0.001932602563764263,1.3641798867281056,0.344950926792305,0.6955124734111265,0.6427162559339039,0.8856322587629863,-0.02735729124747576,stable
3.8699177422079387,2.122521552494578,4.772911957545168,8.201950347338359,1.5300348676909965,0.7235279929521994,-1.3803916997114833,-0.7320700984502233,0.11972210908892959,0.30865936300887126,0.5265430600016929,0.2635953906994447,-0.008674345615029583,stable
4.836746457962513,8.599531987993709,1.7102846997244818,6.167002759301453,-1.4584551633037264,-1.504696736939589,-1.2974540669540895,1.1836238206252645,0.44338683580130384,0.8363332122638846,0.7973171472010357,0.9192783473033137,-0.011697662950392294,stable
6.1934170434107445,3.66846775784604,4.714480126883874,5.727996052705229,1.0461818068806612,0.7498653597944269,-0.43750206372706124,-0.96295037629194,0.2554717877120935,0.22667321799403312,0.9271597086891996,0.9596965289714078,-0.011084103764718948,stable
0.7687167563304846,8.155268939511949,0.9723233691553159,3.465192538869784,1.4349643304163542,-1.294466309129513,-1.4272804162132102,-1.1127700255914061,0.6401795919926754,0.31979821116676527,0.9116294288394421,0.7668466952355174,-0.029788515626503174,stable
3.728205971523159,6.278225541845408,0.6883506120456171,7.543433711269724,-0.2538297444068234,0.4355363579307072,1.4663388703766724,1.069052773570251,0.21340189328878162,0.47028393260727297,0.9548443187688435,0.9644161189676408,-0.01741919172645293,stable
0.5021061472478326,2.5642108012035583,5.283180735569243,1.7938794034598802,-0.12676567022209762,-0.6632702875092926,0.9086723066014728,-1.201998086772209,0.6427467003860635,0.6138244671466021,0.6579602723201833,0.8320192623459225,-0.03837431079229258,stable
5.084107409015893,4.487096053702269,4.436787778733171,2.305301612653553,1.219114523153416,-1.4516774364739051,-0.7000860518381335,-1.48748370272209,0.3388820280283025,0.718098220820898,0.9364332417401011,0.5436953386508171,-0.021902312010938375,stable
6.276006318264183,8.164136380629909,7.906649455906502,5.509108853437283,-1.921412571643582,-1.8071889030882975,0.7051619643621021,0.14872734258833598,0.47066938405582476,0.2868244358208333,0.2929151702948221,0.9535092625173001,0.009620161257150801,unstable
1.383409370623842,8.766155229252266,2.38760056654061,4.578978881708047,-0.39178836566928066,1.1574495403933502,1.4394952917050086,1.3096589249677812,0.8531207937668772,0.3130848706427842,0.8425926421215538,0.33695996537411166,-0.01893843123921473,stable
2.7998968203755688,3.8512741786624476,1.7465566351658397,7.703270418254485,1.1538858028847288,-1.9512061004157482,-0.4913906734474365,0.9580224413855349,0.6431391684453999,0.30364676718850847,0.7369913234000952,0.2980912916892435,-0.01965684762247039,stable
8.13792230006063,7.914491872282872,1.705865623194652,8.922320622632371,-0.325740738368026,-0.8070952083319023,1.4108400837015695,-1.3622165603674525,0.44890022152819725,0.7797542172029311,0.4363161195175416,0.3667856895111392,0.006542719806627276,unstable
8.482674818571178,1.0438937346883923,6.7517073310343205,4.81050910802456,-1.461646542905553,-0.9594828891886964,1.847756490145799,-0.25959661573232706,0.13900593283109441,0.6974029084051071,0.36693395629087683,0.6059370944753036,-0.006324436979215782,stable
4.183465915568464,5.523275809154135,2.1961307752113655,0.968773173836537,-0.23390334083517184,-0.9096538257965165,-0.5842667511224584,-1.8070606680533419,0.6140061665371936,0.692074469354396,0.8645328746464781,0.5561026970944061,-0.031454466853736124,stable
8.235125440141655,1.8148777704383305,3.1521585196240607,0.8410585798705763,-0.37142724277494343,-1.1483007709331838,-0.6390869698163084,-0.3309417622081874,0.6716436354497753,0.8674244905607413,0.8447720449212622,0.6838087272231976,-0.03023019371558832,stable
3.132832403805356,9.643344733798509,6.993316333510052,9.003236666780147,1.4598857988827465,0.31318579924893797,0.5293377614272381,-0.8978113358843789,0.09573253141398019,0.6300768574992491,0.49075823839469723,0.6496188791767018,0.012600892812312017,unstable
7.208028111978076,7.1345183914022465,5.128505323278446,4.769895537792785,-0.9016666586921898,-0.14192879291590765,-1.2429145790777678,1.619237787058461,0.4660097435812471,0.4157823716983399,0.3113600022783281,0.3102498437301841,0.003085358604688385,unstable
5.681837924742587,3.8677101621154875,3.069535066082658,2.278650436576021,-1.0896789715859208,-1.7776124928975472,-1.6575882286857664,0.3330326411639253,0.20149311067714365,0.2685725631080912,0.3806911149485113,0.6584128296425587,-0.020301514118089642,stable
4.680941249575293,9.633184902697637,5.385172979615845,3.2511775680565553,-0.5805475116895575,0.2876381799938059,1.1112230478722318,1.0783084804154415,0.6738587834980123,0.7599811604272263,0.974280476067209,0.29523424274863475,-0.006140581563842092,stable
6.736201623650878,1.4518340449595355,1.9230110297577987,2.8481242411540215,1.2870554828153704,-0.8717797944985368,0.6045098025754876,0.3500197066265547,0.23595508060143333,0.3738005554214561,0.9883416206801164,0.8876276729101441,-0.030030697299260167,stable
0.6272114514233045,4.7671298286224895,3.531438805692444,5.578570315217429,0.433955270295145,-0.8540820697589311,-1.2121753484574094,-1.6197763194653092,0.167605487982843,0.3524614498803541,0.14022453988921707,0.36201442473518036,-0.018850653510048814,stable
2.0432127057293754,3.431381917417266,8.228181888419787,2.7598476343691027,0.33052240093144736,-1.1429868746079412,-0.9723519254857682,-0.12708452058317032,0.6907052427071632,0.6365853474968691,0.17261434401252918,0.6585078834904946,-0.019635503723696456,stable
3.2913229116855867,9.928094979569586,8.893036736320962,7.61751055290754,0.7871232186796604,0.575712220040761,-1.745119762141849,1.8997793670496583,0.47808668186614983,0.21936682610797037,0.7096334650028723,0.12454267542911687,0.01666676470917864,unstable
6.965344792811182,1.3404172754498374,9.517385537348604,9.7239820611486,-1.6867516015430883,1.887503516219315,1.0492513670109864,-1.07601916526286,0.4661926956953698,0.41898597957154315,0.2611951059430202,0.4818744780229988,0.010726582870730897,unstable
7.209235476933055,5.512168955889489,4.029752202955699,7.447152840929438,0.2042896010873454,-0.33991260204376816,1.058313835016615,0.6716170841227105,0.5875743798880343,0.9969579347015113,0.6706020526007229,0.17870469421270363,-0.001673421615245656,stable
6.967227829767253,2.6169290794536346,3.0402449715340696,8.840680751598068,-1.2530938323071217,0.624031606334889,-0.25527933906120026,-1.2873582677825612,0.5590707065218415,0.4792776643379877,0.39553475449020575,0.9625028063622666,-0.008319223077678949,stable
7.792362512355552,7.10697486709235,0.8421292742618167,7.2059724403639,-0.1345104760534026,-1.1355651266819482,-1.3708054977477917,-1.8322038613651737,0.6391873435095535,0.11246535749802977,0.6431110311293029,0.7929543235591229,-0.003569992543296001,stable
1.255739829630479,4.97110942820093,6.408058726050977,1.6572514462175878,-1.670803348047722,-1.2430705712977743,-1.5902430085117998,1.1769985564571774,0.22757487439170293,0.13490062169411143,0.7540006205183634,0.244242722836226,-0.021073195621952086,stable
1.5059446299458696,8.602899703195996,3.6497796584289888,9.973587010119694,0.38905712872850895,1.1952356131306563,1.9423647860524098,1.415073245424293,0.13802272213233166,0.6171668002284354,0.9313172582197864,0.275715070332744,-0.00048058175034012066,stable
8.625836022490082,7.303137700968315,0.9163496445449999,8.443271484041206,1.7757441554135256,1.4157303612384804,-0.09138546457870023,-1.9478123427282514,0.5385909769760823,0.9211425134725167,0.8353759052535304,0.9046758690357544,-0.0027774391935779102,stable
3.889958653130777,7.732202793060147,5.600431037017861,9.369146175176864,-0.8837609378719589,0.5383223187185471,0.7530818727839845,-0.32852132690905167,0.8481303154944184,0.08139446839190999,0.9421764507371525,0.6599185144987154,0.003821247900353139,unstable
5.899527259593342,3.489795224393467,2.126905855146934,9.306389654774021,-1.393459169129343,-1.0684893850737631,1.3952690311848546,-1.2511417059005372,0.20866278186625814,0.5125215445292952,0.8976258793421792,0.9858119285846291,-0.010966565686842403,stable
5.283276654467435,1.9850009544544946,2.0099657738662753,3.441242007406948,1.8857824146730904,-1.3780099274832223,-1.2311118006278763,0.5274172884476305,0.2676053767422806,0.6486493692665397,0.7128200244088463,0.4001318598580147,-0.028347319675890527,stable
6.453294427707434,4.170005444750574,0.9636580653383752,7.212111930975102,0.7126369571244493,0.11952963250464732,-0.07342426125477175,-1.3482305059739708,0.26314715155111157,0.8825693373259073,0.8750055564237513,0.29002580231941594,-0.014556064566172224,stable
1.2309937566655464,0.8557078655958983,9.140630149913523,8.080269641814489,1.603816122258269,0.6739619159177805,-0.2883421755544324,1.5565034948846606,0.5313129262443971,0.5783713929397154,0.17130768898985477,0.1908600568554072,-0.009090256790173236,stable
7.813007150480937,2.8130498739716963,5.685812044624881,7.3892296173914005,-0.5217998431066113,-0.19809876748725985,-0.9332006646289113,0.36201152060892383,0.2044524637116547,0.29381366276947046,0.5003414084607438,0.2825207049899428,0.002847105516513221,unstable
1.6723221175499599,6.335743040573396,1.7026279178237982,9.912920218342697,1.0979360984180309,-1.0993788383265835,-1.6926638319080003,0.6350046168433585,0.13274753827676683,0.4599635431330881,0.38690244268931523,0.600888791947022,-0.008843478344506328,stable
6.973057387423334,2.4172487538989684,1.8988000008053945,1.7543677460698914,0.1857786169886384,1.6733647505485556,0.6673944928325182,1.9030977507905265,0.2768253882056248,0.8544187292644927,0.07489506769470991,0.8133674340342829,-0.027488848375501578,stable
4.320349941931752,0.8672959562881302,9.409619772232666,2.788470262779468,0.7500007686777912,-0.5141759156741741,-1.9730465339780623,-0.8807698211955586,0.17137729590187545,0.9421925111533912,0.6796245381617806,0.08944208547410766,-0.015948842320375738,stable
5.1764855425903145,5.852056648609484,1.2184167635364669,0.7305434204796133,-1.7484373823821908,0.9059425945987178,-0.4740860784710881,-1.2141444493962612,0.8035885934351402,0.7099776518663664,0.0720885826090826,0.9596474123621146,-0.03028275526332383,stable
6.881090476427073,7.914828960435991,6.3662408010124905,3.5229885964185645,-0.902261371736691,-1.9807554274973755,1.6365562837678191,0.42274291659438257,0.14290711462240252,0.6488709428186454,0.2965640450956193,0.31600318018151247,0.004691145672144395,unstable
4.02452613160855,2.29689303604068,0.784042887694637,6.351409517741858,0.07891820713227116,-0.4464998887013829,-0.23604373049867577,-0.4083714354477248,0.7401395679792262,0.20971494406784508,0.09641625328966302,0.5944857556223726,-0.024561603672081225,stable
0.9373559778389857,9.269791356891647,4.125939103283566,3.800140205767497,0.7165643023356827,1.339991623901894,1.973415112470378,0.299236807610348,0.6924515596516501,0.2738517718415922,0.9745115026767021,0.31987655313989977,-0.015970390327094984,stable
9.660009741355253,3.7464362851462125,9.452655168896444,6.79749743131697,-1.4780251748450541,1.1927174583370697,1.9450062774318346,-1.6014017761234776,0.08482819932376348,0.8664530513422287,0.09993901451494834,0.48800290141560476,0.01644538073380447,unstable
5.465430544375201,5.538446885607987,3.9855087456669023,4.478353225995441,-1.682628036347809,0.7382614850573868,0.5980009577041923,-1.900802537829143,0.4198875721593024,0.26594759932809386,0.8947443573067612,0.8306269592053848,-0.013386683935883886,stable
7.550374090078178,6.5133342958236,4.7233707686577615,1.5799389226194593,-0.9388709990487851,1.7496033926986638,-0.5982259631722249,1.5831831972366914,0.6108994743933952,0.9830533611132102,0.7620549442988713,0.8570284401197152,-0.015147635906678471,stable
5.547300920379639,5.709920845359377,1.1733961023844004,7.246932484582889,1.0077347239024315,1.8642513069379927,-1.7793141089192046,-0.802472983856902,0.6230243233130222,0.6525332216212494,0.812825223093311,0.4610241186497882,-0.013553158551621095,stable
8.287025575364737,6.034363352555004,1.1812573931851051,2.786645274423339,1.5031493195328625,-1.6903700818832887,1.609327262281247,0.07066767714352151,0.2038862543794493,0.6450965245950894,0.8698789921843176,0.06459285548215912,-0.013194044144384619,stable
5.863853701333396,1.4828600472548186,5.950561404848087,3.3726041240673985,-1.7341029618126753,0.2548496436833019,-1.469411462605482,-1.3240088095407727,0.905238773238288,0.7738629649653793,0.38681019965400104,0.31804480933719864,-0.02024508554221509,stable
1.6661903446783617,5.252672206281749,9.56258510513019,5.0844834467411655,1.1326233047459304,1.0782977418801614,1.0260317175325477,1.234402921673143,0.9283943679381753,0.7462534109671166,0.721743695454026,0.7949524984468777,-0.012041892106952317,stable
6.5981123642301505,7.623453245761103,8.738001470181853,7.127423628462627,-0.05070997667758714,-1.9122750878901709,1.7056452507051576,-0.6687659846338625,0.7951636585740343,0.8132698747437686,0.6215761556435645,0.2167262763803917,0.012983796944880527,unstable
2.141036359651351,1.8439690826645583,6.679355521432439,7.73972935195158,1.9870179353358206,-0.8919643034910898,1.737274079015163,-1.2349090991697733,0.5572670406042439,0.6245833165317599,0.9026030582728999,0.09251573298287269,-0.014874619952709065,stable
8.324714282657961,9.322907127578533,9.796358651418753,4.814584890825785,-0.2282330462800899,-0.7060190640709534,-0.7707631940362063,-0.5598353733599857,0.5893586531397711,0.8198707840361461,0.5688553314792772,0.12583818409004893,0.020126797617476377,unstable
6.970085204491746,1.1027248480344471,4.601622738382919,2.506901687676806,-0.13102150859477657,1.285326910345145,-1.6415602934353042,0.4675687856919506,0.9214185820125297,0.24856385553516175,0.5963646593907089,0.4519829566274835,-0.02313831407136463,stable
9.428182062359523,7.909923753600661,9.598844567407829,9.17638705135745,-1.0173802279975601,-0.9644429781219057,-1.1310842278802409,0.28214096644481623,0.525129268892039,0.8154429581464947,0.6806371026814184,0.13543760635431204,0.029500108906442345,unstable
6.476267500644349,4.176081945651985,5.479134368565623,8.652016617348357,-0.7990423164756293,-1.9984757839420006,1.573307071261239,-1.840430843935842,0.64898987648856,0.9314400759376964,0.2531816439721915,0.25212705765850757,0.0015300578102410145,unstable
2.6390494258203248,3.289624939352237,1.1028028566583392,4.0103723802091595,1.8825824898281396,1.782746664136186,1.2072288338790012,1.8526180360724749,0.6435391320329639,0.809175193496924,0.2758493688184585,0.4962541324162275,-0.033519465128722725,stable
5.79280668534019,8.57060894592341,4.913176851256283,2.1349179153648388,-1.6797294858768708,-0.6949119958653034,0.49891743095830554,-0.4049551174905326,0.8402459565669708,0.7331561769933607,0.311446042968648,0.1757300079569159,-0.006774114927717678,stable
7.831836631119022,8.298554424611936,9.684724935852264,8.562226714626478,1.8904200863837208,-1.6213780623464804,0.8991540994085505,-1.3913204174000677,0.13412275183276584,0.9604235295937433,0.07336575001200353,0.7721262016625418,0.026243165600018964,unstable
7.262938826488225,6.266733439315651,4.459119025213807,7.412002291455728,0.8003425790226406,1.1252252167286074,-1.6750310579753291,-0.29416369847891843,0.6560992726555992,0.19241769130702985,0.5386551929786922,0.4557150351079747,0.004287547995937051,unstable
3.7518187070141082,4.121603973265618,9.861588023580703,8.170785839468456,-0.3560965693835012,0.2213197462543408,0.4557082093608935,0.8691619039638536,0.07002602446713736,0.8018276091955792,0.6439299388111015,0.6398107050170505,0.003986519970867868,unstable
6.72583593073614,8.001240408446659,4.194775654405612,5.188909471083241,0.980454634727927,1.9208368999280099,0.873763831430316,-0.005247558195374147,0.05638755504001441,0.6362095124673435,0.44154262080380013,0.49418091379253026,0.002135300651160691,unstable
9.385056082360206,1.9315157188795065,2.035603856182119,8.604854474103037,0.06009177011829392,-0.6004219168193012,-1.998854765173168,0.9464776879355807,0.7227296065922549,0.20679110480707907,0.8301835021283793,0.462641644049783,-0.006219153959075314,stable
7.005695409445586,4.299771475119561,2.9180459010206494,1.1895353038940848,-1.4614409443321414,-0.35434373962292476,-1.0802675168083744,-0.30116052298296303,0.7710807620223081,0.4342208492256016,0.7075952602781143,0.6673220500779625,-0.024368474384320236,stable
3.989363321398453,4.502091869435006,2.777122589676548,8.380214944200688,-0.9010112072210181,-0.29880706278480806,1.2572961661155562,0.32099892794680107,0.5810383510809526,0.30319502361704215,0.5907702633947447,0.9777999277411739,-0.013142036017392831,stable
9.15220413864257,2.01068642194134,6.0333999638142854,2.0847765552372497,0.639612473893632,0.764654658382959,-0.16292089849151514,0.8408812745610015,0.5073626493870411,0.27847248586310613,0.7704359745259407,0.13146465095199603,-0.0102360111045518,stable
8.362429830917641,4.330817969158227,2.01434427743641,9.71973739263526,0.46898205610612287,1.6473580619385157,-0.23809509699332354,0.26614135221623814,0.07338156522517625,0.8825583765267779,0.28392521847767066,0.10352719731301299,0.004351361887655653,unstable
8.624245722538094,3.992577282217863,3.9047047046593457,3.5059920578774846,-1.0149696421863688,-0.8311887928421138,0.3556709889791758,-1.7219299267519839,0.6262296015818218,0.4216920756062788,0.2933733556669782,0.3446623963931515,-0.008360987728009186,stable
1.5149930785863654,1.8621842350700029,9.719765196476171,9.989368716413637,1.773142754184554,-1.7735665243272338,-0.24352594201398015,1.2567504096447069,0.21397478474302073,0.9117076359690114,0.7704858681628016,0.25643480996318596,-0.003047237427824657,stable
3.262873919586536,1.90863946922097,1.5975681168822469,1.1035385502859083,1.5703967071503864,-0.14494586911009577,1.8302807302660322,0.8432504176288367,0.4960249764180386,0.8589200353348372,0.8262756688755183,0.7031666928465636,-0.04474038672743564,stable
8.006214125271923,9.672424269781033,6.698867582294634,4.227548296451305,0.031407037101455426,1.83565440395153,-1.3833479930003176,1.84049848848213,0.432348561232077,0.6797092848780854,0.6627974240910065,0.6917557155172601,0.009179580755905078,unstable
3.1106712109045,1.1531899563540722,2.6514471553766503,7.703075343872792,1.8631955536922278,0.934798734564251,-0.10110452684132998,-0.2797948694878234,0.25001305225750453,0.7491155598308036,0.5280507446938523,0.63990129166653,-0.02428944407597342,stable
1.200206387799633,1.6768545181126475,4.350163693672166,6.83348912504576,-1.8074138859696363,-0.16110463536349373,1.6604603007591572,-0.1490607171965035,0.1875409042123678,0.40663459691695647,0.6867243312492632,0.36473467608780286,-0.02307638823075644,stable
6.991027118489566,9.684423920388037,1.2394061534298215,4.169924675578615,-1.568816975034026,-0.11587231227230088,1.937606619157917,-1.8406692988285034,0.46071756018368953,0.7746062684095709,0.7320227501599945,0.14368868675057722,-0.005343221657804053,stable
8.09306458655087,9.528103705817689,7.669826345421959,4.222123778211716,-0.9878563448668092,-0.023816918202949733,1.132628088892726,1.4925028985539939,0.07647010504678592,0.7534022877728901,0.1250147688319917,0.5868440521064794,0.016074139971214856,unstable
6.5967941773334635,3.686389974502883,8.569072952302745,6.744427099583751,-1.9495400758813917,-0.5618320551868083,-1.1751899539558268,0.7741605302122849,0.8659306919956401,0.29487082094799383,0.5629456315924165,0.18147273607199843,0.00446561110626687,unstable
3.776011696037543,1.4764992828768122,7.705282183172555,9.710181474382361,1.8907129218781953,-1.665864266862633,-1.051303602110608,-1.4764102748318595,0.8620079956958381,0.6047575633796846,0.9999703602210123,0.32159734583491106,-0.0072717297344840545,stable
5.817846530191712,6.2822724653812525,3.622086589721354,4.506963066032638,1.0242867145981722,0.5691864268014672,-1.9730632514565967,-0.8178111750144454,0.9084019390538756,0.9184472239735751,0.4731564248096063,0.18472924281734127,-0.011850752524954596,stable
0.7044395387508742,4.661923566640378,5.640384750180504,5.198790171759555,0.6095318309770112,-0.09603691009704729,-0.15129761324387836,1.799002409824563,0.9259507767793717,0.6845921302352198,0.7877079998988907,0.7010869486865124,-0.024982844209671694,stable
5.845285729654052,9.544541818105575,3.479751506082509,7.508576049030578,0.4590962127507887,0.7756416573475935,0.15213118820022498,-1.0262388454039866,0.6447245976115855,0.6970227153291956,0.6029967028106615,0.3127647707205364,0.0046578438248218845,unstable
8.639611159793242,1.7191860364543388,9.804200668115005,7.680036382875729,-0.8339496663330253,-0.8580240152497054,-0.8747915722924011,-0.17132033483391051,0.2518988603779584,0.8144222127659123,0.8829642948822292,0.4899324659048798,0.007411496448440882,unstable
1.2415057326384156,7.893059681932223,4.557929035738789,9.923056374219374,0.345809334576733,1.2329387271891283,0.7241832520576112,-0.8646852654236352,0.06210202659420447,0.5830528097562271,0.5672011363013967,0.5154205559858918,0.00039999441813340364,unstable
4.141534267204404,0.7359275574248354,8.274608389683726,1.1209586410891217,-0.9196525870359249,1.7564235761538285,-1.6932922400758375,0.716438965639492,0.5279091761015803,0.8421513628956344,0.2241442522393286,0.3211519127895485,-0.023894211381625244,stable
2.066205316501623,2.472703015900435,1.3534440569764135,2.377637289964199,1.5151619844503048,-0.4866755848217932,-0.9216749988944217,-0.9051887757120274,0.1296074078676216,0.18560376721896843,0.20398151215730254,0.21589141374477444,-0.03300044630658666,stable
4.110075018015937,3.3550219891432684,9.497063726179528,6.142088691272766,-1.6525820654365102,-0.15133714526939057,-1.2268938289045646,-1.6087493448703323,0.393020465613142,0.6378994308452451,0.10101996929675461,0.5132563806042305,-0.0004653576702681062,stable
0.6235728970614103,2.062059289878464,8.909440108799123,2.9272709994925763,-0.052931643434280584,-1.9124257473528985,0.19631591710768737,-1.2226029642265503,0.07650842475691659,0.2594418729470321,0.9627284722943487,0.6629140173165519,-0.023502105698495313,stable
8.363747738395881,8.052218692165624,7.061131789626991,9.707609781364997,0.38480303671714955,-0.2134986333566573,-1.536045795372166,-0.9970033685370541,0.45467704264854,0.6986149378328176,0.32272542155482475,0.751339389284378,0.021824986047280913,unstable
5.214311448242045,2.149088660879066,5.079066978427769,8.911067149346477,1.8037894607724239,-1.2766990132133205,-1.7672486392140123,1.357833142527726,0.5719265578827549,0.9713162424507366,0.6889154282620243,0.06601986960516293,-0.008107054898765002,stable
4.641221622841648,4.877090098991797,6.955327260075455,8.320483317861534,0.7295559953307356,0.7580810018978936,0.6646264352534552,0.676557585067425,0.9386694370615862,0.7068336728014906,0.11905929416512037,0.6503922176911138,-8.94673591704774e-05,stable
6.217049798546287,1.7287499666988144,8.439708139867383,2.342868532739716,-1.972341389202609,-1.4759291367820233,-0.9816221728619552,-1.3100555365752369,0.9148573598858418,0.8877860054860415,0.7440234741024224,0.1979469429996289,-0.01690212781773918,stable
8.575267940421554,7.87214751834055,1.7657907059157867,1.6353594971551009,0.9814282626652151,-1.8613801778341061,-1.9855675436360443,0.8521686690795902,0.5596414221710627,0.2210690994478351,0.23758873985389278,0.9487986507436108,-0.010214075406499528,stable
3.266976885831683,6.877076947869974,6.910641536559033,6.421060688629544,0.20950744041369695,1.0849500251208153,1.3598248953541097,1.1160470060425594,0.3477123001013398,0.7992150718899623,0.2081055189976906,0.7231801447806311,-0.0017016750316225272,stable
3.041411237850155,0.9655226178908944,5.752431001178219,2.467272929929085,0.21353515793339906,0.0727505564448121,-0.23282293348702154,-0.1196172671141218,0.8770179243752692,0.1226043831152986,0.11747874364484089,0.4963093228143488,-0.027500457402627902,stable
0.9701949732655364,2.2066633880502957,6.519664065215379,6.443716867102077,-0.8762650526983062,1.410601089846255,-1.1269397584216212,-1.107492153669115,0.6781069261930203,0.7383085420852091,0.5142961233260945,0.17802525833499327,-0.020193086015613378,stable
3.030791390466263,6.4350114788079615,2.973341771565716,1.7217898016250697,-0.8462667069898155,-1.0977396520286304,0.7006680817916009,-0.4879113548758043,0.8385837284553835,0.056670998365895286,0.3151581457597838,0.941531577496749,-0.02535738614422654,stable
1.1290125579452475,4.51380945936898,9.190637474770867,9.13591591092584,0.5514576155761044,-1.647358678889217,-1.09330167257027,1.7646250366941385,0.904691395011448,0.47363790166886144,0.9929094696327901,0.48261863645264863,-0.004345848506301403,stable
0.8948056281519297,3.3700609505135364,5.338608242023697,6.722973540178613,1.074378620860967,1.1809988095392066,-1.6994859903722088,-1.026419374382801,0.5716354192151034,0.4862329115575662,0.6272407379613137,0.9469112534523142,-0.022343980708762052,stable
5.750940340998487,6.481721703337444,5.9522113980826195,8.643221232099103,-0.2833908320311638,-0.5408353918246136,-1.3646229926834534,1.132718569899867,0.08584303862767043,0.2562650433209164,0.39062742999182537,0.6370388294574936,0.010221364979304592,unstable
2.2464314303337685,8.900647200953909,6.1917039073352385,2.891728264590347,-0.08228663426880001,1.4820042746670166,-1.317402190407603,0.2126299020384188,0.6185965181086409,0.8673606996143578,0.23666277694893317,0.691567797022689,-0.011494661950439949,stable
1.2054483596215029,4.960940783112022,2.4569505535843046,7.04178312999948,0.6385291620519347,-0.5822693924235094,-1.9451000725892302,1.7328852751008914,0.1876734266644005,0.4783254328971988,0.06181685106164023,0.28963679735250886,-0.01592445547408547,stable
9.208790043426731,2.620837142060201,1.9807706435173966,5.792755584490906,-0.5224781097874129,0.5470557352737027,-1.6844243042008986,1.7736799227301514,0.5687485462455856,0.8223412352225691,0.8181517596547845,0.8629448269433567,-0.01635304830659339,stable
1.9129719784709214,5.572252124842067,6.471561932941278,3.5289544510701307,0.001160787690520415,-1.9761709409847263,0.9117230069358349,1.9529083163419036,0.25508298094798826,0.6626199168727706,0.35668210733782657,0.5500991742414919,-0.015408069678689391,stable
1.4008925118776943,6.163716964238048,2.4003617518393776,5.3884244227516245,-0.8312974583086596,-0.3706953680302112,1.7502692240727287,0.8764675662381229,0.8332847380399077,0.27671580531402495,0.6760400880902121,0.5333498801169019,-0.023213463431038375,stable
9.721441554108425,2.4909719146770377,1.909251942081344,3.804018541799011,-1.665551337376554,-0.6113475215315098,0.6861796624137977,-0.15116513939136933,0.9326603013358118,0.31426751757586646,0.9759159953983914,0.7535938974426916,-0.020067978677099262,stable
6.836186157065543,7.455395814599735,5.889153257492692,1.307452686002383,-1.5066258336630072,1.93239121760433,1.9308683717756354,0.6948840915577663,0.27545637520097427,0.7976146406483728,0.6089377609027194,0.3639147479107706,-0.006509147835413304,stable
7.394663395863396,5.652089238078308,9.67783361874934,8.497391532443505,1.6971996844625399,0.6253771256220944,-0.01855964047682024,-1.0088642410389599,0.38456666505763387,0.5038599237096137,0.6989686590194579,0.0562061543788769,0.01983693745200845,unstable
5.850437960291858,6.739051251439668,8.83636877089152,7.058161289959519,1.1609181970638942,-0.2995494688044258,-0.7726347877330126,-0.6732977962689355,0.07518387632185981,0.45100912582472186,0.7877321001240689,0.5323142166056188,0.011978851587075052,unstable
1.1687022841417027,4.80415308064792,5.294481385212967,5.639937572460763,1.1014686720578335,0.9660922522708293,-0.921416207813186,1.4531260677178124,0.13695865659440162,0.8274652969260727,0.2092668090155057,0.7725178576008503,-0.017462857294525777,stable
8.497833783919173,4.6675288522767415,7.278912772280722,7.874382964120086,1.7409137655276292,0.7336630558868009,-0.2880807131190326,-1.3034067072438966,0.9788053715098248,0.5855245505249784,0.36733877808249926,0.30420738561239247,0.009617265502843328,unstable
4.471275539949949,2.496287571883124,2.6329993101480222,3.1963078003637397,0.8071814109559994,1.3068987808453838,1.760663193397058,1.410802661027288,0.5966267632035225,0.3049227940647576,0.8076656713739424,0.4586068736886337,-0.028846934955792193,stable
4.228444331573651,8.970397942555364,2.6858825082499997,5.642693504039635,-1.7574497414737462,-0.726561931178189,1.1409015101424291,0.08163422052550429,0.43505303857944544,0.6302563868726003,0.23322587261629507,0.17260241796216658,-0.003537142864105919,stable
1.7854378180416979,2.3748925212076766,5.907389398090198,0.6795028569232098,1.7213784080507217,0.30077851928929844,-1.9573966183946712,1.9897546489329034,0.48614105048119083,0.8919265737753952,0.7970857965548028,0.8560658443394804,-0.03828803984009739,stable
1.575588915397165,2.8690171957281865,8.7792584112663,1.7010606713970038,1.4741999913957544,-0.6614933706948478,0.30907481274627013,-0.05713086904699605,0.2866050850113519,0.8844625005579028,0.5932825786468571,0.0812733669276437,-0.021915804671247145,stable
5.461336362647835,3.9536799043002455,9.500363754494554,6.044167937031414,1.642877115480423,-0.4043116141518439,-0.6657532312545915,-1.5943914215446795,0.41218791351157263,0.7815128605848211,0.14227307838480457,0.7677535033450553,0.0018802331170538512,unstable
5.90306410090657,9.744003017823289,8.777404024133816,8.981388878503168,1.5120517537067424,0.18410996952557257,1.9885456577476717,-0.21299080064248654,0.16061942806743992,0.6369604708449822,0.7797392162529494,0.5795121568606733,0.022730493693286873,unstable
5.427512656087753,5.74287893559095,2.58915462683762,4.2465031280585315,1.8652098219212343,-0.8277964378707487,-0.7065798678647459,-0.5768021880153511,0.36754838053926503,0.8293647094688562,0.2905357036083404,0.5583721067241795,-0.015213981135266067,stable
6.324684440565036,1.8885815281666165,9.215856516149307,1.4833854301990086,0.22374134279522417,-1.9340329456002712,0.7186647609304546,0.6977468254482884,0.7127936674974745,0.7440786962997752,0.7032360120421387,0.3614447102087848,-0.01532649564254095,stable
8.837612899330681,8.475553992797105,2.4786603081904874,1.1861950426446017,-1.1272395927344099,1.7949634661834644,1.6244491359165405,-0.6034164555606099,0.9042199157259635,0.8780531280483608,0.6727712182675275,0.07931480998288284,-0.010226739752716483,stable
5.289946026973261,3.2582385222616286,6.355978545881418,3.389038958576675,1.553884898871725,-0.18827832027817903,-1.5233324677148912,0.24154657172857608,0.3786062181862491,0.9400902560988376,0.17621785143503793,0.23068779867515232,-0.012895005487743935,stable
4.101902947648751,0.6990105097308579,7.974678011110795,8.18330503802617,-0.6957449140559748,-0.1912283860420554,1.1306851652129826,0.11459669893110203,0.7950068116432599,0.5481812118343581,0.6269732884658356,0.250527837257743,-0.00870620447971455,stable
2.9374406745140638,7.456689741180276,3.159969387936254,6.467797601857329,1.1420980162184273,-1.8191302898559476,1.3923568016844556,0.44857625896218467,0.3388938656370501,0.19414175261326178,0.2896295878007983,0.09613138290389485,-0.00453923943105522,stable
3.415043103321785,9.635817990504107,7.2418082756779185,7.8824622007392735,-1.268483008796923,-0.9602385685912527,0.028361058161316954,1.4108709659777752,0.2678691728650132,0.5653373520213368,0.45025567499902974,0.07926089430844285,0.013624213454638592,unstable
5.827667006910826,9.00077353817086,5.407742265933862,6.478633076756079,1.2139399735262995,0.0581753977003574,-1.9561551083032005,1.1134779374524384,0.2389568478469944,0.357394492225097,0.7261198284860861,0.2806854430305793,0.008771256661485278,unstable
8.056037241080459,0.8582170471523032,6.714903860038222,2.866664353207098,-0.20143046730239655,-0.22567147119736308,0.03256565735054329,0.09762844752150635,0.22786911280800926,0.16347377041159827,0.17506580776484348,0.897834650121232,-0.011081660451833213,stable
4.690649784354377,4.887967859820692,7.582407422754024,3.2421408415972537,0.708241865290927,0.19774006827103996,-0.6783825543166957,-1.0665280918745985,0.5360538683966162,0.3158197763220019,0.863128216360815,0.9496605467233016,-0.012315397267697809,stable
0.8872421094318368,2.3133380118381672,4.334566816663029,2.642655168780453,1.9675473469181788,-0.9851373422128589,0.216527977268687,0.4654179980152997,0.13238740560167175,0.16589227541255114,0.9965650139300855,0.88844677362204,-0.03547195207604803,stable
2.2874677855563172,3.381408160052932,6.429855256088439,1.524984611623467,-0.4197852620381033,0.2645791055048252,1.9872231329015704,1.1109951094825332,0.3601727835897207,0.09640392109999713,0.16456121264291554,0.10192490028244788,-0.01955602455477252,stable
1.3611962175371082,2.2792659061491554,6.490959715744303,1.6554864147321795,0.35287364571234425,-0.7029688172799391,-1.7514865174250795,1.79095225473614,0.921177712518135,0.3451077207599809,0.28776064923991007,0.6543319395397877,-0.03157461947488221,stable
3.666762433282894,7.948399946641831,2.092054898923214,3.5536925033834965,1.7902344094259095,0.2653788878978287,1.7518494461783098,-0.0820831554552206,0.903732913578916,0.7098452031102652,0.549524561632251,0.0869044132260155,-0.018097761002158652,stable
7.001578251673955,3.1622435398899578,3.7886456457471596,7.8213680768325915,0.04466781683713705,-1.802761302997534,-1.869848055543617,0.4747617871073313,0.7950223466444234,0.5279899488230857,0.17645899701541656,0.09609476412552978,-0.003543241497683121,stable
6.111789953096263,9.6757043505005,1.287244214175013,2.9799445035248757,0.7166346508636483,-1.1719946268281238,0.44448361175686824,0.570770922648753,0.44897112076122864,0.7694264088518626,0.5106761191587941,0.18138548334098142,-0.009415588107322709,stable
6.790212104603287,5.486761584544669,7.691110305455526,5.399987709033191,0.27541525203718376,-0.30293655143069786,-1.5661917688398796,-1.0289352560261156,0.7033915454146109,0.6008796852151221,0.07459386652983027,0.2697019104752336,0.005177344220917698,unstable
4.8186537437443615,5.934673047069563,5.9467086068589685,2.292519515868243,-0.6273700318654756,0.6222659112455879,1.8676025990418181,1.6273736244918804,0.7178294873009733,0.30804353363284387,0.10539401843168089,0.5741173758192477,-0.011045534792070894,stable
1.5429151010355167,7.9844754782507446,4.113583047311595,5.659386191009472,0.794214649731444,-0.6526052760032739,-0.9274630440750804,0.1830894974218662,0.16453632150935565,0.4529043673610306,0.4288367719765978,0.7135447608836373,-0.010548211564634785,stable
3.3144315728737572,6.966325508777792,0.7930146011131111,9.560762605211718,1.1904582715567726,0.6612223742730459,0.3836353477273935,-1.7156483476994788,0.5306613160276816,0.944455486061786,0.18540373081748812,0.577512835097639,-0.009603831120082024,stable
5.354124549753777,8.6916381961931,5.761967057917303,3.3318650869266295,1.55325495098786,-0.6094077189963807,0.25769449483474594,-0.581486912893272,0.5321032499390459,0.8007100029501263,0.835638100800374,0.7296593791619781,-0.0066415664372806,stable
5.22306716819021,1.709694110498167,5.648082153745179,2.30894107929436,1.4253939643737654,1.5918812237243194,-1.658213261265669,0.7155057197387111,0.6197094568314424,0.8337249747938038,0.42658840341062026,0.23631771058964596,-0.023357241448807776,stable
2.814783184887924,5.207821391388726,4.857431628637336,8.023543872709133,0.04701251703809861,1.7032011580593278,0.3525401476223635,-1.5766666963063778,0.7465069453609474,0.5449559269859787,0.9984976306945172,0.49923693417345133,-0.01168703699201668,stable
8.340364802585157,5.70103320625641,8.364511965022553,4.205801961743504,-0.5362081000161392,-1.26858484444295,0.2078675206767846,1.8132602366118942,0.7740776689244553,0.627193307871708,0.06611668096737121,0.2563924921687652,0.007910379089357558,unstable
4.61647669187688,1.536850212199832,0.62865986071088,8.771702718510435,0.20101689732200478,1.979999127988696,0.9047193286541484,1.749581837262106,0.17451339319993628,0.5711407437660129,0.850634844910445,0.1101369978739437,-0.01964790619050663,stable
8.531833189026463,7.45989097821445,9.26294801240638,7.735229634500784,-0.7416562516059213,0.8246258156961064,0.6763560671939901,1.796515439621691,0.9179222349423608,0.48047190421730757,0.27322426347123224,0.6071860275116628,0.02108073238465737,unstable
3.022179988149359,4.812924791485866,9.750280061139001,4.668012050898414,0.018928136392307504,0.6687557795040582,0.17695738489823576,0.918404333751973,0.7820164723949851,0.09874294773888152,0.1719559841343249,0.12269028007798628,-0.00024353619254928807,stable
9.448426065794735,6.391454437813795,1.9195978349218703,3.6569873390556427,0.7672165626830889,-0.5696459639923854,-1.299781823929981,1.2024126281676528,0.4224433907062373,0.6577842616628035,0.2871765670651668,0.3062536089113875,-0.0048271249477628685,stable
1.5626447908116388,8.70201074530429,8.771225899294846,7.865387477052143,1.0709850463142994,-0.3960668347496359,0.22666536401569193,-1.260979188579617,0.12498434784114551,0.8585351258186079,0.7210033065486079,0.1926525984980721,0.007767295387625122,unstable
7.807233659890178,7.23012989841263,6.340059047605361,7.52758300452359,0.9250425435398508,0.6110249634101108,1.7369024001462492,-1.0986145063706556,0.1086601741585458,0.47700204929908097,0.4869503243602059,0.6407968655510534,0.013695466959234969,unstable
0.6917713035923336,7.82577177667178,9.1486036029536,8.486701069021944,1.7686760535350121,-1.818150856509737,1.4127898017508804,0.26760711028395745,0.6728311613723003,0.14904756198195612,0.8144962320601756,0.9325631425213311,0.002537428890920318,unstable
2.745046303644355,3.2817508312876202,7.597486273089679,3.862781691015205,-0.9571291074288535,0.8532602045188349,-0.9591649332116279,-0.719161105110488,0.6512045608248641,0.7796481892611566,0.6863879637262312,0.6345815962606168,-0.0200414488027722,stable
8.770256390946836,4.7490149639600014,6.813381836324073,4.412420472936026,1.0807168674071392,-1.9609963409442104,-1.8092662255643392,-1.741710617235496,0.1516834158887785,0.9566501118448748,0.8190232250668038,0.30805415364469074,0.0006856296281916047,unstable
3.825997498207228,9.270424652705996,7.9300241997589485,8.793099416185358,1.452104720465806,0.26856305380806855,0.41610494886109883,1.2938168607743106,0.29044447797135503,0.8516270661702773,0.8453276441740877,0.554851253878592,0.011837612206172262,unstable
9.358555184058467,4.195690175257461,3.17475867685162,5.997507692206454,-1.228450538740185,1.8148802539427256,0.5607935432537015,1.9168495540031163,0.4279872051517188,0.11966380553505557,0.31891577540313354,0.6981879284173196,-0.0010074942516011282,stable
9.32946150591714,4.976309193999517,5.229687696137963,7.9246930841898635,-1.1937746415811707,-1.0521605184936016,0.9156907111264423,0.14208186797589217,0.39865143951826004,0.5015095882329658,0.2614825615676019,0.336452800622997,0.011159896750902079,unstable
8.1018294804883,1.7357663493851574,5.148374047413024,4.216950886158488,0.044648164171614546,1.1191669188385407,0.42665504930333853,0.5715194973371669,0.14529513333723482,0.9787567238525628,0.7894000880836536,0.11966922544792931,-0.012158303944994476,stable
4.26300176763575,6.856537236331323,2.01011114897893,9.307268554540922,-1.3516822384109721,0.9661504598640684,1.214019828749925,-0.28362450620182855,0.9129937960972722,0.40838536737927555,0.6338529923365646,0.9145424145897822,-0.008256576083297162,stable
8.653550782641785,2.649354211849139,2.677550124769155,0.9602520578093956,1.629455781421187,-0.11902464455586603,-0.24858463154146193,-1.810952499791918,0.5691940220906612,0.25409940256872393,0.18188025506215288,0.07814097623681329,-0.018064805337118076,stable
4.842491200823784,2.062976493842757,0.6524856116961264,8.726993747083393,1.5477399707310457,1.2911886445671312,-1.7308687028428729,-0.10602099205994797,0.7685689873252336,0.7586091604440586,0.4927478175399122,0.9574033220896995,-0.02417427880337937,stable
1.6986358533134642,8.75982270765626,8.892957561904812,4.017463407127557,0.03751715929100108,-1.871702619742671,-1.814486374699031,-0.04811395899919502,0.1083295159146912,0.470735098960117,0.5296740615742116,0.5007687343065298,0.000374661771227483,unstable
8.593604504732195,2.1805919908595475,0.9415891416822566,0.7145170490832246,-1.2809563343891979,-0.32389618988029545,0.5276071413951215,1.969398135747975,0.42105034300796934,0.5451754133369501,0.4622454272336746,0.17854314841255553,-0.026959314944062687,stable
8.25434369200801,6.097782843869312,1.3875436340642247,9.420496881291966,-1.1878106602735028,1.9827697901621835,1.0798596764471542,-0.33826319814959005,0.3374300188738489,0.6931493986751776,0.33921300776954366,0.9650138694851615,0.0012263861540651178,unstable
1.7878716842968911,3.028619095525156,7.13195556728231,7.852599659075379,0.5855537155048842,0.07283310416742061,0.4968779945774635,-1.2170238437726666,0.645889236240098,0.8043890941227487,0.6822457480968852,0.822665859648418,-0.015273334675091418,stable
8.732001911295349,5.097139383331236,8.718332138707972,9.850488833871692,1.858155556956409,-0.32111866187686644,1.888076697283548,-1.0897301387687555,0.32816737294180787,0.18924423048470562,0.9142722989595388,0.561389113305489,0.021029540589557912,unstable
5.430149004485637,9.215180524071327,7.12022796377795,7.471305617284494,-1.8758950541871537,-1.835372008196432,-0.6377078953425266,1.8488169351435038,0.8079550486433548,0.7328877761346306,0.16829417029621385,0.09339605182160657,0.01407949253956949,unstable
7.564112205865673,7.853661257872171,7.270748614000211,5.940754696782299,0.4368003710834518,-0.5810149207596487,0.9897219276636533,0.08991301549435882,0.49661590529580524,0.8992698536765792,0.6057929728048153,0.9140483359940753,0.006994556597444513,unstable
3.047672197596764,7.793694339063111,4.050314463735682,6.200941322755662,1.665971601307461,0.10582239978269126,0.34770798323564334,-1.0602344329623006,0.1172683285938996,0.7360098632282542,0.7929470443221749,0.8537254942866326,-0.00976819784427676,stable
2.546884096305672,1.3793779214525355,7.9455125390546995,4.657194077595489,1.2116647021182665,-0.3898422747767376,-1.968968878177081,1.9905615355462492,0.4993149404855737,0.9774097711009004,0.39461810129465014,0.6124597659768913,-0.02109659130826909,stable
8.558971741622942,1.5167550819663298,7.844520549635429,6.999018612426232,-0.0936581889915411,0.3411222268863874,-1.8613480803636628,-1.9007323244538186,0.6397878297485953,0.8832560957125898,0.5011013962518281,0.9756027477225488,-0.002700575383050482,stable
6.202031081556673,7.823091481831727,3.9176897503884414,7.7477794785582255,1.153197769337877,-0.8157945574414307,-0.5791751463956398,-0.9420474023919523,0.7632048055150201,0.5431499503714837,0.6516941023602879,0.3842612021449395,0.002514929178879006,unstable
1.9032019232821893,5.046283192247712,9.259340922946466,7.974098689594102,-0.5975416622987497,-1.0375860382095135,1.965570847808824,1.3431603658957143,0.2587896911481184,0.4392757023552338,0.678846681876995,0.14305204406648894,0.0028574912229419863,unstable
3.9757658193912135,8.543266730016146,4.842815077206488,9.989221418827762,0.7334975446847443,-1.3802235375585035,-0.6118242246282315,-0.6386933853292804,0.4041472183547383,0.8500745536427976,0.24276471242658276,0.43174457933773297,0.008734017294794767,unstable
8.66084027310389,4.067207553123827,6.8901219086448595,8.389367763199587,-0.9374421061706322,0.7103684666675365,1.1984524934434742,0.262528067397652,0.052303129190931115,0.734743397916677,0.1362772385626099,0.34148333959175037,0.01369480821887057,unstable
4.948694026284392,6.477343519237056,4.310931215168093,6.318452344475854,1.667665384232106,0.0349038044250185,-1.8567506889445684,-1.5991765570906606,0.6543992469674889,0.39237814374595803,0.7183867679483432,0.08385385114769588,-0.004106537286133936,stable
3.7001025083177375,3.0420217546190322,5.94953134910449,4.682686505519811,1.0146418323551725,1.5945142576721483,-1.7471536828999255,-1.2096677593218006,0.0709616555717758,0.9887244636142672,0.4537641971779662,0.061250137630135676,-0.014437646976068053,stable
3.7390617163982935,4.309784119089481,1.3179704256628537,2.57742234260482,0.6003947038819457,-0.5649310456657282,-1.1121708123212084,0.5790397069970661,0.2037615811619537,0.8060355881466862,0.762384230561429,0.4121995278181852,-0.031061308129052653,stable
8.334119921222694,5.233653545400935,4.496260013196774,0.8121070687913423,0.16896538852844012,1.0940608102698968,-0.5989184554775919,-0.8375300961847669,0.15656623091267843,0.6213932035543688,0.30202027698742673,0.9149067607546925,-0.012784080989516472,stable
4.815840761628004,2.1603716314434713,7.747046146887666,6.927318468112421,0.41224055186613295,0.7069514299502933,-1.7748679205211175,-0.8835991699006165,0.7896832206733506,0.28006239151384554,0.9409316182774072,0.5192825109694206,-0.008523356186991219,stable
9.5093582759799,4.1732139633906815,8.469461477628808,7.8293971471204085,1.1297422781101298,1.484896657219963,0.8826750490408952,-0.323899705591026,0.6812330335583221,0.2339774179724768,0.12307664040996419,0.48108319600444743,0.017356725720573448,unstable
3.465901433564947,3.8803056286896953,3.7385177414857975,1.6002527247555054,1.6790485312168948,0.5414620259065237,1.1701842279960846,-0.9450312120354591,0.21799743131719568,0.9958582524454151,0.1412478671371277,0.5512580926136914,-0.027819364396327293,stable
7.68656312710631,2.7866201436041984,1.0211205538453114,7.256317465191449,1.374004863061101,0.14420071122793088,-1.747960158254923,-1.3067514752916316,0.2409540903350027,0.4699073494309912,0.44927055664798293,0.9627566943361862,-0.013737890229382646,stable
3.2142021805615193,7.712537349879844,2.1033313923164974,8.878843409638042,1.5173506400159664,-0.08218628751692769,-1.8331443571147932,0.6204422834381558,0.99842133788539,0.23193872474863642,0.8940999372847885,0.5146960681887138,-0.008423494509547895,stable
7.79446861877027,6.261996283647368,3.1884617643902606,3.763771627000182,-1.0343908524606693,-0.4227319540057306,0.5731112498639641,-0.31380585801598215,0.6393329842295762,0.6708393425827067,0.35883135965313084,0.19919493929058119,-0.006819247394259775,stable
0.6671807765343963,4.616260193482232,5.200932722429002,6.16979163805988,1.348092144454315,-1.0195629808930304,0.4915956732158966,-0.6908918274467739,0.4028926367153423,0.7536210698951437,0.6618975037152727,0.43758144612966565,-0.01964454995601335,stable
1.7332993248350443,5.954791065361044,2.999990191871624,7.674365743633009,1.9012599269535229,0.6302878776248639,1.4222500373673954,-0.3891121061240712,0.13430958610822147,0.26863909616147813,0.6601219799463689,0.3244759092068952,-0.011031617042863012,stable
2.9629406120305246,4.7506441308271,4.018584948099869,9.219118676379267,-1.2352298820018395,1.7844324222387065,0.6562122398198884,1.2738466333512668,0.41934335377837434,0.5551129252627902,0.1886260778825664,0.4374626242481469,-0.005624503987517487,stable
8.765873663998642,3.6550909684425594,0.6631095637905642,6.97568697359496,1.4782208209513743,1.2614718141002372,1.1925069555018024,-0.958435206073633,0.9767364889908153,0.7622047979338242,0.4401165800437642,0.5768878975321543,-0.013630325897935981,stable
3.563734575292632,2.6027813711698657,4.434447671009734,3.013344496011545,0.3557663653494685,-1.1842155246131463,-0.20271010846481063,1.30664818318676,0.754888320590802,0.8868940448970158,0.5901352962550606,0.6952708614072683,-0.030600172332041292,stable
5.093492641407753,7.144488237072357,7.116000118478108,8.978595606609266,-0.2252225697423076,-0.43405207895246267,0.3962014552822253,-0.840624931172866,0.42266333783371235,0.10710053731325953,0.6996716833368503,0.6315067781650925,0.011526729825674131,unstable
1.516922940425018,0.6266338717930837,4.76458941425019,9.876423273618183,0.6964220880337391,1.9906334888035992,-0.15784057650205474,-0.37355938638654784,0.1320866125783788,0.5732639283455773,0.2967866976107887,0.6741457682147239,-0.016419991283531152,stable
5.883443717186852,1.4647495765807574,2.343188116465684,1.632710342470297,1.9064376011753068,-1.2648299209230176,-0.6331058713110171,1.9103455826540308,0.11986555672966719,0.6592060089951297,0.32317404926778703,0.5332360723929122,-0.029867179055168506,stable
1.4119480724621425,5.888997561253517,9.338105433884962,3.7087202806200095,-0.7492474057024472,-0.25434295459950285,1.5372727034496392,-0.6092570839427949,0.9416117956405539,0.9863465304515204,0.9724309448068584,0.43274440171037415,-0.015796239992494954,stable
1.845222209319673,3.247596504540863,2.250154386658287,6.179237032077326,-0.27342320562536404,1.0193448360195165,-1.3182290508084855,1.4816200105684594,0.34985077643756046,0.2504691899383506,0.485784914800157,0.6596239825562067,-0.024923118987171,stable
8.109237754315224,3.228682444323756,8.749105021460032,1.2808914703220193,-1.0698321697873614,1.8315843170761132,0.8419245169280689,1.6440119157672903,0.19023253350293307,0.35048597057420716,0.7939713442312859,0.656815260708378,-0.006537733819031451,stable
2.817147719304808,7.802603280853059,2.311260285965351,6.101256656524308,0.014749639777576373,-1.9369883399214483,0.26294381840268155,-0.858195944563263,0.7922992807159627,0.6850997575948926,0.2988253751398478,0.4708632450441743,-0.013654768435855566,stable
1.0819102553690583,9.91968196022751,1.933568057295281,8.21499499900774,-0.4627124662276345,-0.589340960607414,1.9403119170925809,-1.5935431108357552,0.45614918139040433,0.5171805038368115,0.8654456372997413,0.08329003002189557,-0.006734938582995292,stable
6.2173363622351285,5.554051851922109,5.133694057697135,7.301938732345026,-1.4799977528177184,0.4136135097574529,0.9368812662895154,1.0331079891048747,0.4741760955198685,0.32998638237131567,0.8885749979959492,0.44914120130131946,-0.00019184087544377518,stable
1.891751482196459,0.5245438540933718,6.772920135456053,2.440412746578913,0.5487502144214988,-1.4620648663560334,-0.9139405778259322,1.127901325223351,0.534166689366955,0.2730557688190917,0.15162146811835248,0.407181650898377,-0.0277560573402019,stable
1.0017588755660956,6.213337367131862,4.803283119135499,2.544162410247069,1.4211178849492292,1.291129172269331,-0.4565525527991299,-1.7835725990083828,0.5480249952791709,0.36621300539996793,0.3424966670301556,0.1019607619367171,-0.020387122718028748,stable
8.390247007023746,7.6807051847738075,5.327447765952596,7.387555349170899,0.4783638944241977,-1.5730011556763173,0.6347726781572804,0.3194099992104378,0.8839014047005561,0.426340750372996,0.877663278447703,0.6585397491165917,0.007732662354113379,unstable
4.273236799064524,2.222842044374411,6.422924359895173,1.621083264065487,-1.1268695815571714,0.16140753179532208,1.0077885340170956,-0.6316369499719503,0.9363077291777666,0.4794906116224821,0.31120812177677304,0.3845541805119067,-0.02420758704694566,stable
8.722013222681507,2.807727833935221,5.091612704598699,4.4812111801777625,-1.8306856415712405,-0.4000464471184366,-1.3124857051777212,1.121050504050595,0.11046569115698979,0.49662488118720405,0.9623499372269593,0.8679375483709936,-0.009430477936227762,stable
7.568298946502448,2.4800429106493596,9.590118741432775,8.36974683092419,-1.6282277495548332,0.4884768086872322,0.09113920924419272,0.5751580349968233,0.6599563665785021,0.15976693239832845,0.737703409813443,0.6908433741297049,0.008779168159172042,unstable
2.4091582849045143,7.949757850631652,1.9375478055082884,1.0393172180218637,1.5318688536087928,-0.3595961111411259,0.2597750513518293,-1.0510566048270995,0.8979149310295532,0.05313826719906187,0.475121095316253,0.7684240048382841,-0.027633538594249968,stable
1.3057073109169326,9.345306939898318,4.217715173495627,8.53784125395623,-1.2376335198301849,-0.18992964475732643,1.6458020417750787,-1.5244333774417287,0.9593589558008306,0.9543591379569605,0.2845939709099954,0.5316025537030026,-0.0051331463961861775,stable
2.1278938978662474,8.124037005706322,1.7133961156168853,6.505638962867249,-0.3679669805820467,1.4768451406894463,0.5718170931577204,-1.9356966664429036,0.4933159224868773,0.8748381699603248,0.7719639886800951,0.6516981830655412,-0.01778166636582243,stable
5.198511562438178,4.146532822111858,2.3767930993603166,1.3211545332082972,1.455334251477355,-1.2019444975422102,-1.2707836509820574,1.2495927917675442,0.11361880107447496,0.5195398321932237,0.09800237615583308,0.7193053607031797,-0.02464485180783694,stable
3.8986073259396874,7.9204770285417565,6.390369825581505,1.9144879800957038,-0.7524632790227788,-0.30119566801118136,-0.2604876230233164,1.4153990716547695,0.8608088509344501,0.6475722938542662,0.2009652302426445,0.5389620823663342,-0.010931686886591845,stable
8.403829410106102,5.685148943592553,8.732231393624948,3.614597286423516,1.3440907915507432,1.26819101069065,1.8104220484508105,-0.1046871296974552,0.9209260747915994,0.06920662064453567,0.8153266273946574,0.6655031388545407,0.003734705275941122,unstable
4.95778800900897,4.392263861509435,3.870341316680586,4.196515234455586,-0.42172420522090714,-0.13772564649074504,-1.9357774882942387,1.2622229936914455,0.08043192283848531,0.9858775772208141,0.30247442441774675,0.4191540428315955,-0.015397418782406766,stable
5.770122154216315,4.835695595422126,8.620219961060121,2.074841963740117,-0.8089932345042232,0.9702591055989629,1.8968315835657479,-0.19509687125695496,0.7966833110632698,0.5574415184591304,0.0895885197038512,0.427739457092712,-0.00610506484549812,stable
4.1807963223453175,1.7708260227545836,4.111348378964669,9.574715138946667,-1.0406759034784367,-0.1400600463842112,1.3803830553416399,1.1572123420718068,0.19389414261246218,0.23276890459581956,0.06889789763718526,0.9351201271542534,-0.008059190702470513,stable
7.671553214467451,9.731836859553304,7.238329635766744,2.3800262374500587,1.3365712438538293,1.997752645253077,0.7038283335079139,0.2642930244650197,0.5547835378789615,0.7228613296394725,0.44564163757310615,0.6239030827529419,0.005818416928871497,unstable
7.044928017218653,8.323379756483455,1.5537840809260004,9.119811258255309,-1.928877096071702,-0.8538416473202526,-1.0841104357945563,-0.39284376631680384,0.4583281691513036,0.5182991346373261,0.6587727346447015,0.7171293658447635,0.003342110760818069,unstable
7.014837173714622,2.4809683173912953,5.7411149395060095,2.072961899283822,0.6031574219182101,0.38751252365964817,1.3083365807048124,-1.8196073155779793,0.5823182383886965,0.24728922613222049,0.8247359987847163,0.2481705669129689,-0.016237864326353636,stable
7.830146689822685,6.626685060424701,0.8670675259485867,8.658664757248117,1.8239057521952544,0.6613061619556402,-0.2715677434559245,-0.7810111085508495,0.7971856618252665,0.08464563726672317,0.5322042528316322,0.7033560017058558,-0.0006305476845371669,stable
4.286758222812503,1.499603138969301,1.857857994270107,2.991121203729694,-1.806269425428492,-0.48093074849359185,1.420156280279795,1.4378211764304152,0.5741659354908453,0.7553938655846733,0.12968842983100523,0.40271554403632626,-0.03272146747526024,stable
1.6313154917777406,1.404094015599893,3.390981407947538,2.0626877341830108,1.5703826163779784,-0.7602617347483083,-0.2892189111272776,0.2993941980005004,0.8433968461088307,0.48701240215771374,0.6605422729396516,0.7667482078427496,-0.042565802021474274,stable
8.270367719408421,1.8923105437535408,0.9658557683282285,2.473390411616598,0.1764709029958298,1.307697700426417,-1.2106534259264023,0.5615342402522812,0.36185962697053004,0.714812626698513,0.3988076562508513,0.7889533771239834,-0.02731735532745242,stable
3.782463612830198,5.9178573582742775,8.787885122694599,6.451771631873782,-1.080655535023101,1.8242507977685043,-0.23390003074758026,-0.3091829519754703,0.07173837778310758,0.8691867808942676,0.16066254953074174,0.8652885944946638,0.0025155628006682303,unstable
7.071744852536351,3.5305581009133076,8.302418530022589,3.8153581761913293,-1.4213661443449839,0.5094237093198535,1.9663425615869246,-0.6266772692627156,0.5659578801745607,0.25502292469115795,0.08040324809907293,0.6961111039424276,-0.0011872766353771599,stable
9.89042613905839,8.445876313802883,9.352325294869544,6.542611912730264,-0.0531950976362916,1.7930245411088017,-0.7991891829710225,1.5831532445840941,0.9811819119510653,0.6683131677932913,0.4283641450052897,0.3010136534590688,0.023683734760109112,unstable
7.1667364867254575,6.273757606803428,2.6349263983131688,3.418760357975147,0.933143999811552,-1.9523870960658871,1.4450361261559945,1.1952036420676322,0.344581939038705,0.18347773800080297,0.6703140337147342,0.8804929455773444,-0.011658881157114937,stable
9.11351444574693,8.633374017715207,4.738291817575654,9.259063232950078,-0.4235230627518236,1.9530821032162113,0.9958484044254727,-0.245660452353214,0.8006357963339197,0.11873318799113508,0.5321891384676185,0.9974514960406884,0.01711556069080286,unstable
0.6268720120276365,9.650484727786564,8.185317129553592,8.250496514128898,-0.9168748980715828,-1.4157485809430073,-0.4098580401076446,-0.1958444826245609,0.11160957803529854,0.17230149328301847,0.6891784259759218,0.32974394065451745,0.010268758768997934,unstable
6.2353159636074915,1.574669169754349,3.1237992186501113,7.036642018939483,1.4690624800381107,0.5554677769129364,0.24836539844716832,1.1948548533343164,0.13702372712641886,0.9839759537119899,0.24924434539017631,0.9281939337007504,-0.016566123872268086,stable
1.4245655757877491,3.5851636899869925,6.64969599485245,6.43390507174078,-0.11486612961924392,1.428742698152555,0.7971565969904986,-0.7663228560759894,0.4274575278294018,0.9735586058097392,0.08841588744551993,0.9130192852879436,-0.016778930700943096,stable
8.788793992832185,4.301041588112385,3.779954149362872,7.134385506333373,0.2809812514535355,-1.7595059299544609,-0.5508671135898466,-0.9147464323101979,0.09640150491631094,0.286808924192453,0.804408958875283,0.95617652943892,-0.0007085414955127992,stable
9.62235365379721,3.975595414879309,4.080498134672206,3.564889354783938,-0.8386234632329583,1.9165064867119974,-1.3243932793321287,1.9377423628673975,0.7158475432125101,0.32252037754947216,0.8310330715245315,0.4989697719201333,-0.008733512425701586,stable
0.8244589865889879,2.772009770465327,6.916039017440117,2.863543898914734,1.8552814461177212,0.36636099216373275,-1.0196474310716397,-0.4195462458344785,0.2301590496995321,0.456829894794542,0.1648669962966789,0.06759222503220305,-0.021157111645591864,stable
1.7659828285046266,7.218695454992102,9.423743841928065,5.622712543989095,0.6524119626149041,-0.7970652525323736,-0.030965732148538816,-1.5443556023637401,0.24027901945192298,0.9332710069074884,0.895614502880158,0.36059950107385136,-0.002070983478032383,stable
8.411229833919258,2.1999938401045123,8.194696929340392,6.146361319117907,0.0430196331559376,1.9219409754873182,1.6969561827798745,1.492242137830123,0.8901479362408701,0.15584405020782488,0.9981639707482272,0.11866081471215935,0.001566620946659764,unstable
7.02542105640136,7.191667056599309,3.806432550531639,2.0800168653493145,-0.6770933247304387,-1.5492585643305161,0.35136008751504155,0.8981469661966566,0.14477479676391827,0.5336276785090246,0.5146451607242921,0.3451192938540902,-0.007431990827052568,stable
9.825748877567088,4.193725244179197,1.1575525219669554,9.111988187633004,0.7087121924770279,-1.920088043390758,-0.6320630822085369,-0.21363392440765994,0.823237403319055,0.49317938871259975,0.6952707760354947,0.5634902883342795,-0.002153352203641535,stable
7.686837351098131,5.533639156312453,9.705395436583387,5.505180079883386,1.5357110730290824,0.8264772238974798,1.9825464237946608,-1.8373684460086395,0.3404290062072269,0.7565157197453488,0.548775619823693,0.13669927000537063,0.012165531980785191,unstable
6.144805707983389,6.736136084676427,3.73212656345854,8.621938905254476,1.938248499389489,-0.8806828809526888,1.4976357025476803,-0.5647677426319455,0.9745668956566027,0.7224655206598652,0.7370764740545249,0.1311368279269987,0.0002612895619421053,unstable
5.622810910212308,6.659084046319069,7.333770945317239,6.3887484685572495,1.0319779789713484,-1.3307163226935796,-1.6734733360870049,1.681882144773171,0.19853292807393647,0.7428154531894786,0.8744704966459255,0.5761839382874469,0.0030510218450307235,unstable
0.5937399172213973,2.7873185511081573,1.0450624105190394,0.9367852965904209,0.77887309863006,-1.6594735443463904,-0.4513086275614797,1.974331313068765,0.2521364547550615,0.4733722060543548,0.6474938646449264,0.9958607749987424,-0.04843705106366789,stable
7.946239690054798,4.9271736708695855,0.6119478265639391,5.385712299386784,0.7053680454006459,1.7719205665858904,-1.781128741442954,0.6331755691696581,0.3103624859885547,0.09072342695379035,0.5482203730096031,0.28236100971399497,-0.008980652761141954,stable
4.148016970873032,3.6996582104315094,6.595131744755461,2.571787474639324,-1.7703896252485554,-0.8550971007614598,-1.9223086409634975,-0.3833337311353393,0.7471031494834585,0.588119799914446,0.16730135104640514,0.3815031191488594,-0.016883651096217533,stable
1.5132053953934752,9.801365076905062,8.709669236180265,3.040076376620411,1.877865017714754,0.18785666913044485,-1.995796788629523,0.27633983981109767,0.21080756417054186,0.11971171401908748,0.6666376712620447,0.8103865401476473,-0.0013769272352485724,stable
5.694930572571036,6.476411132187103,4.6098172726771995,8.903554059953963,1.149346085972108,1.1348421804962538,1.3842571930446503,-0.0870932385446892,0.29323316306816205,0.22969686559419505,0.20285638952095442,0.9163886743859553,0.006000907130626915,unstable
4.014646031061623,3.646394942264777,6.554906752926848,8.941287215173704,-0.9211368656771972,1.563691284285908,0.4781902416406174,1.9981310550236442,0.052224330848263674,0.7237213934027444,0.8707356601976951,0.8735337542829558,-0.004707988340090926,stable
6.2556505720486335,2.8729404037267283,7.177881560688537,6.708458493096992,-0.8407941838046775,-1.6060789943343479,-0.06478570760382762,-0.9899195136195105,0.47421657592531963,0.5892716968568774,0.8975926005680807,0.8870311096812363,-0.006703232341255343,stable
0.6583852038612836,0.6249825722490414,8.570690202222115,7.473905033535126,0.2517267239070029,-1.6420255976422156,-0.6437409566062327,-0.17463031318976974,0.10670465830858461,0.4452524617341646,0.563004664615011,0.40215148238651083,-0.014265658805552441,stable
2.0672730599636426,1.2568398071771363,1.3637233666600892,1.860087296588692,-1.3556014882755436,0.7080812796752292,0.35193892779440894,-0.6160451986423467,0.7891659171340295,0.7626709260585312,0.2701377440606237,0.7891962265719319,-0.04668604524315168,stable
5.6283938332764025,8.215207751925464,5.57807126024533,7.189101963450241,1.2689209735235072,1.7873221737939593,1.6986735214904667,-1.1667594106280434,0.2301376037554737,0.18560799285786667,0.38131241381318787,0.07598149665000224,0.012161739486860949,unstable
6.294120454127765,2.7780954626907963,4.701790778427923,6.37431667427564,-0.5063102460821005,0.7148521227819158,-1.484082186770042,-0.37420365437811265,0.5874122328107713,0.6788413855240922,0.7486187812536411,0.7520127217038675,-0.013463617182656552,stable
1.2810345130918401,6.6009695012301215,3.7324471702661604,7.2054370799433425,-1.8246848675103902,0.6437077299953899,1.3772381058088707,0.05419211525849965,0.5079017501866214,0.2291241270380665,0.25232025407814,0.18208512067562005,-0.008807435598563581,stable
6.545589816726946,9.535275082314215,4.021590537096396,2.7356579826224454,-0.2384011531727075,1.4877099954403303,-0.0654995735631414,-1.0610856803629534,0.3819318217276887,0.19920993232960776,0.8562479128647462,0.4951039567880335,-0.0025671845716503834,stable
8.491600909487548,1.6480585694227843,4.446750394721773,1.5434990809607538,-1.898706346146449,1.1047793699243504,-1.862010629913625,-1.7707362349235996,0.4697856618092862,0.8585853087700716,0.13570602424778946,0.25523469835523876,-0.01827178607942978,stable
3.2244444461633472,9.374843540466207,2.134308072193735,7.33007972168684,-1.5588587250878754,-1.9410796172910323,-1.7738595144394802,0.8899277004499511,0.3485069493169905,0.6907816909014926,0.46630336611018186,0.17674382807782918,-0.0032524897207571474,stable
5.452642397082003,2.3011366669465305,8.705134716504803,3.032025729145815,-1.5761524567760015,0.03074806736528579,1.7793143670915974,0.2510438273707174,0.28740994485866983,0.8929699692227756,0.24594248084480308,0.8295930466525178,-0.012552228433695958,stable
9.108133111769904,8.909827526144602,3.243477209209237,9.629584571408435,1.5433831683709038,-1.7503885823765182,1.406833686912512,-1.8064576348480217,0.9866144467958029,0.7753981484375596,0.6427415021579727,0.7637673497929575,0.011384948810408992,unstable
7.178117009834785,7.422098556789152,4.297361865566312,5.0822349045893045,0.9931145054356936,0.23902568161026316,1.750764522239101,-0.8720702179479964,0.8545723979527707,0.18083778529749767,0.6853428342420812,0.9818777695482649,-0.003563623093254196,stable
2.4638621156054343,8.30050815319834,6.0556976545558925,9.940944245325538,-1.2221392685955506,0.34210721788077425,-1.3998108195780525,-0.450176378858099,0.7827384217873488,0.811031437971496,0.32802405947507535,0.0646180640083476,0.006970470505501671,unstable
9.681680412485786,3.8813173028852135,7.019335140062911,7.414637754454018,0.8280423273858504,-0.5300697445070228,1.8958693461153997,-0.8558431779938211,0.6538651513845805,0.9220344130251202,0.1433337458128779,0.0859213192535426,0.010966653377339224,unstable
3.749712917642613,3.2521405327918256,5.160051657460045,0.9963198137112685,1.8517800081991957,-1.5222482218378413,-1.533049399567934,-0.9499366626050731,0.6564377969358552,0.6841514363151847,0.574458980310312,0.40576025586920034,-0.028708480043138383,stable
8.32992318787483,6.121145930000752,4.705037053388376,9.40710674784324,-0.08009098767784284,-1.6699798297734145,-0.5665792421843454,1.4479034088895273,0.8907763422897795,0.29745400117798904,0.5359980052122142,0.28298784230236007,0.011371951342856283,unstable
4.798916019373186,6.372839695247659,3.9830865798585706,9.14554237597764,0.8368582511670204,-0.7998994881507162,-0.4293229051117664,-0.42266851289077323,0.7659300009518637,0.6222563095925117,0.5567208680835749,0.47309055733671596,-0.0013390270036806942,stable
8.002791840933199,8.66831027964259,5.289158319890916,4.496273187946477,0.9253305460126451,1.691333671230172,1.230142048586929,-1.0131437568788506,0.8647226702334025,0.34237697038914094,0.19333573272774718,0.35798563768298725,0.00734922901586656,unstable
9.248765404242116,1.6570512023932165,2.7163433983518166,0.717165993712692,0.805402068007381,1.5317680758823218,-1.4949648334908643,0.3357339820792986,0.5130009252681692,0.9073946619895129,0.5367806308905791,0.13080183774813237,-0.024591575282732373,stable
9.07587167216031,4.346632024746539,0.6924640729090735,8.389587326966979,-1.7896149661325116,-1.7207954493989632,-1.9915995833299909,-1.0340209087329821,0.76430838504309,0.8923282365425822,0.08871025050275529,0.45778374580241543,-0.004754265347496961,stable
8.143723376215538,2.6379984314146596,9.193995126027799,6.94289105413717,1.8530149086185816,-1.449855891625877,0.5471386985747873,-1.1718851640588137,0.11841753856627107,0.21032200281539493,0.33891382140649673,0.5720293724873363,0.011098106293110421,unstable
3.568237143550985,3.89174900395998,2.291022972258152,6.54772494108066,-0.46272908029894655,-0.4775613562395158,1.7376615003387519,-1.9084556485075446,0.5214289581753404,0.8300818223405634,0.15633057362570463,0.48898254819726666,-0.01923728435956993,stable
9.169981812406096,3.004059904067447,4.304986299667059,6.496630808626242,-0.1392251964532374,-1.8596682436495477,0.7386194101846768,1.566293139173831,0.4273054694838307,0.39761549975374777,0.27810097697254393,0.7316108602144801,-0.0017340169702059031,stable
1.9567278538747641,1.6388752270509477,5.61631074501982,7.543224649942109,-1.96876127840522,0.07150116992569755,-1.2248352821535105,0.5556832906861029,0.9656614451586436,0.6741874801815697,0.7773767887566602,0.13420220679227457,-0.020869293414726642,stable
2.9718522779154473,3.4009951933517817,3.6909046976700037,5.771426634679549,-0.9376565938465351,-0.27293912089994965,1.3475599589821505,0.05152496343106838,0.47185138177356967,0.7438059449583707,0.863795756976768,0.7380849084396178,-0.024499742951699682,stable
6.640355628679954,9.951521001296069,4.565257380279224,0.5672759710041294,1.4079768048638317,0.11261636694618948,1.50355915197889,-0.6318379369059288,0.3727722500814809,0.48218197590655804,0.7638688204207227,0.8303290104268798,-0.007934735331029775,stable
7.607720642298517,7.075882874469429,4.226148458969524,6.846224520685733,1.4790729436890087,0.16162475322390035,-0.041531801779312705,0.5543809268988555,0.4163114818036325,0.7253791783428354,0.6602225057995684,0.2624773647592824,0.004067988587531416,unstable
0.9781946903576444,6.106233675566728,4.804279684403128,5.515044250285054,-0.14051775623604934,-0.01889142059318205,0.38177605489987476,1.4581176546829284,0.08394614447084174,0.24228434837932245,0.9273538720660977,0.7356170728377658,-0.016436626437238748,stable
3.0542096342108054,8.101509362431916,7.801821659560967,7.0576375425067495,1.6236725626726969,-0.5472984221389181,0.30208199682168013,0.9797559502821542,0.13149805048907676,0.9007304364755323,0.82066774267278,0.15764465857730448,0.004985241055702621,unstable
4.005815529767849,6.617492545104745,5.475396264583134,9.597844881686058,0.1453400832252414,1.35629412252564,0.7262658278054377,-1.9509486988726947,0.21145729343704928,0.0948629332188992,0.13860873019058811,0.7739705879289693,0.008146875328976929,unstable
8.548841981428737,4.908660497952863,8.760826900244686,5.164960683560002,1.8158589207184548,0.25129433896356446,-0.07733505978143373,-1.389562188790784,0.8414220165539671,0.11970105287511994,0.05486686775972632,0.5619143109543437,0.010568703917249934,unstable
0.518214896513816,5.405323509467628,6.9043996088349795,0.7471350170909089,-1.0109797610521087,0.14819656592641017,-1.2619903928329355,0.5138786655038161,0.614678932143126,0.801428767993327,0.8506823129599776,0.49847699023996145,-0.029888652436913632,stable
8.954958011349467,0.9600231486045891,5.402263714935126,5.563617707903491,-0.7949183595750373,0.7283866470756593,1.9473341366747765,0.4421052810784132,0.8346851378361083,0.2970123547275408,0.38925962330882874,0.918294307174887,-0.009994100658255145,stable
3.6799403054487962,7.564461290361221,3.6603403868695645,2.9967940137582167,-0.9589690847954517,0.9360731976723717,-0.3760209797997076,-0.6421659577267436,0.08789920623653252,0.5069079994604649,0.6308257022692602,0.8522934614375005,-0.0156357918559243,stable
6.357448760557006,3.893444207829501,1.234694646672354,5.262634109559299,-1.10981913081759,0.4208579430607169,-0.6024245201427374,1.0285727044766393,0.20005861134866804,0.7552260986857828,0.05052904924016032,0.44091320676841905,-0.015363080518669754,stable
9.389727478669307,8.415167884254368,3.4723711982398506,9.314074779604496,0.8732843555207346,0.7771943312575185,-0.8385810459664298,-1.6033175730344906,0.16572495504484874,0.19548342357894077,0.1749945958307248,0.9060016349837064,0.019267330304728957,unstable
1.0851861765252315,4.420785967296098,6.407267278457669,7.486667256027519,0.20500896855333162,0.943996697505368,0.5079826823531537,-0.641627243448283,0.5131682757667112,0.713389299868694,0.39358426383866224,0.5001523096307432,-0.012101704049757758,stable
5.679907817457787,6.976043435756563,5.19573617052531,1.735622981819758,0.29898233077106395,-0.33525454656283626,1.9956157036766502,0.900999660124552,0.740620806404057,0.607271361720325,0.2592426798327889,0.3595153744327251,-0.01086497509805093,stable
2.611066174472422,4.6432299320189445,1.74958536237257,7.119071384248398,-0.8991137440205925,0.9911012520729678,-1.6713341659581071,-0.8626627028841294,0.11137641355262759,0.73448080202896,0.88057319694583,0.26609766478852676,-0.01965525825379888,stable
7.171351117124161,1.9766585841098494,5.923276112560316,8.623729481077678,1.3301379543013203,1.4769497490666033,0.4846908022249625,-0.2524682276915686,0.2758957125196671,0.4187160890801543,0.6972854870547806,0.41003188913681055,0.00022789234822294564,unstable
8.269274132066855,5.432489481956629,3.277208000159391,0.6906971243911788,0.6779235955709773,-1.8393991348337515,-0.15580906014083284,-0.3780450742955974,0.8970589961371692,0.8378062302583915,0.14101848933534405,0.8063591593989472,-0.019237042529214127,stable
2.8393697172450016,9.66605450229431,3.0516125679931387,6.687101061597092,-0.9003164072046874,0.21456692707256053,1.2847350058817852,-1.2956949455164182,0.2179720818497487,0.8049584038223876,0.11107499470397425,0.0695331285672946,-0.00040734842189316806,stable
8.668998427059723,2.8365495121258486,3.4338562636343397,0.9591263032358758,-1.2094659179683465,-1.8188854936903351,-1.5160485584659953,-0.7292964063511334,0.5809687181610405,0.24235561139709216,0.23458091659089203,0.49563814568164005,-0.018021390694013862,stable
2.185427970048788,2.316458295392972,7.026600351163067,5.98855909312633,-1.9182245996712126,-0.6764058053494186,-1.2901496316244812,1.6303709889744642,0.19319831208255434,0.8189598240126373,0.4528621653095648,0.36631332692292795,-0.015364053867310531,stable
5.060686557043842,8.510040902098929,6.808035054380314,2.884630592873172,-0.35111378621035527,-1.99040480419599,-0.24942427086086738,0.39413759437499607,0.41425119128044274,0.4175071155675992,0.17169238558187794,0.4025468655253499,0.0011284949762142915,unstable
1.7471848063884674,4.112094643499592,1.3025364541976998,7.91478791659186,1.3019664195595375,-1.5622872448805216,1.9894585969757177,-1.9598783560441246,0.7780702434765523,0.9967062380904028,0.31291825987520305,0.8370667200125433,-0.02693229775557946,stable
3.421408718562101,5.3523872432091775,2.475033547511438,4.228493264026543,-1.6886908235301785,0.14342884508759868,-0.8481380386176363,-0.6699406970962012,0.10475964996586268,0.3504527543158619,0.19748507106155383,0.7150768264681584,-0.018145564575784045,stable
4.054205435409337,5.83828456160384,6.188379350245587,5.546766783435305,-0.7984552830406004,0.6011668293367167,1.8300965752882274,1.2641521125774697,0.7193958684820938,0.3135418743616849,0.18653762384693834,0.32509711575473876,-0.003653772085492107,stable
7.1050356928855845,6.024711453537624,1.32680175778058,3.3531646619749664,1.55180930587903,0.3056180109721187,-0.34907136803569516,-0.21174312523974415,0.6036530673826744,0.18011830368031206,0.4503126272042593,0.46055155854119034,-0.0139488938685953,stable
3.5100761324111307,8.166248539438849,7.743126925312236,6.07999881290137,1.5921373919713337,-1.110086489726974,-0.6176889906174239,-1.3371138412905919,0.9884070805472027,0.10158990913787173,0.8334504879068038,0.5520432793794146,0.0013711722403024935,unstable
5.531725588909632,4.374645814514719,7.555156252249675,3.2874047693634947,-0.7370148632281293,-0.8401312242149763,-1.0886507077357117,-0.9567556882028856,0.88737517302706,0.7314192933198779,0.9277461148028754,0.9982591733950242,-0.01585166771013039,stable
6.687542024710482,5.310321106675273,2.2022579426727633,2.3388463250119482,1.1940694657972002,-0.780243123276005,-0.6090068997843376,-1.2412956374250061,0.4698217740728985,0.36496624694571395,0.7212300826623087,0.6630042483399895,-0.019747693262428395,stable
7.964485562023198,1.2869494510781232,9.870308833413066,4.135543709782095,1.0037990700353543,1.0735415781565094,-1.0600567108492407,1.3557671302937555,0.21416512514316455,0.8468812152404531,0.06136297999615524,0.746326747941126,-0.001200461450863291,stable
3.288615077551933,8.827499034917658,8.186856329323703,2.237421521258092,1.9138145915274758,1.5638779661206232,0.9194990576497055,-0.6618490197161493,0.35023606476833574,0.8493689553658033,0.9548109380819888,0.9092102348782879,-0.00896715105784362,stable
1.0353196710742179,6.893759574322327,1.608597082993032,3.172430916494577,-0.2569500443472301,-0.8634813265453531,-1.0813536510120882,-1.9414234675007824,0.7152907972196564,0.10342671670190633,0.47215066230257313,0.4252356138764051,-0.026805250838292327,stable
2.751994730304971,3.670399115103329,8.964861896366958,2.026074891859756,-0.45385413198063107,-0.5145761664301296,1.6947539776648024,-0.1695471671757134,0.4810696695428056,0.2599640693032741,0.16825416546892613,0.07231521760686346,-0.011374689025521818,stable
5.686496282814264,2.185617005841297,3.2514654446167364,5.730234082856012,-1.2840823036505866,-1.7779744924156526,-0.6845579994050315,-1.984723534588464,0.672918245961371,0.3454970599047191,0.7517925878883684,0.21763086117717806,-0.017804661734337417,stable
8.837933948760627,5.526394109216533,5.000304776393608,2.640264053116007,1.2814262547937365,0.4249391278869199,-1.8445673141807593,-1.6143992916142196,0.371852208459478,0.5648596771591496,0.21010207007542103,0.9589063584942336,-0.005516359352224472,stable
6.746676254715988,2.160132287071132,1.8220656727519207,2.699079786574235,-0.8552820138145951,1.1547408104252561,0.41098590615039043,1.3531053244360036,0.0810234232518098,0.32006227784343627,0.5207184713771382,0.16456562486488763,-0.02186196398390318,stable
6.2691486994518995,3.9729896097019695,4.746362531409286,1.6919060525430665,1.2034497794842065,1.7464371141042232,-1.414053277100161,-0.8433294174805654,0.813811951161245,0.05363695238071461,0.3614469922294568,0.5005198287643758,-0.016946061389913405,stable
0.8018380381497214,5.719927878099883,8.28784094605325,2.5291198878294248,-0.09252597801197515,-0.5620109787878285,-1.3073335539773376,0.6892456604650699,0.2536444245188971,0.46686408204330193,0.20967814068481722,0.2170306766987768,-0.012389269744398274,stable
5.231349782362142,5.1532797547664195,5.872903957357357,2.781455728197711,0.41117301999000144,1.1383396285693301,1.86227372256949,0.17468370411985212,0.7661686842557875,0.7677052060087042,0.6676514191462755,0.4921411334969854,-0.015870859157829688,stable
3.6435670816034014,5.76905721581673,1.2045365273557223,9.855120769593855,1.72623718307675,0.2537105954165564,-1.9875659180124776,1.3986977045780526,0.20050662753509396,0.8830344516375586,0.4407502867259071,0.5394454864643607,-0.00913798027589033,stable
3.8004560531725513,9.985487725259404,3.539339657445946,6.789691037376355,0.18797354900654906,-1.8215991201780946,-0.7008437221318862,0.6931345260378894,0.23879192583022002,0.6594381098086642,0.8450092573558956,0.4301930047512278,-0.0005797253055944036,stable
9.614186432267221,2.5459748356170184,5.664205616433519,0.6736114368440711,0.5607389346809506,-0.5391398194615222,-0.7233970341826232,0.675452717041856,0.7262541368139659,0.9353953909946778,0.8283763445382974,0.7244894295924826,-0.01982763070679255,stable
2.0529403472138643,4.731023894355959,4.741235556975142,5.246560607189631,0.28235346774767534,0.0782803890304189,1.088236080739819,1.3092400666348114,0.6519272699831961,0.9541570576440069,0.9553584846884257,0.17481745449023728,-0.02175190031969284,stable
1.3394933187058127,1.0102148414142278,5.088648027216544,8.690396145991556,0.047405267387578665,1.8609551363899577,0.47379341245926954,1.473569238442857,0.5985549222192981,0.6936937696809897,0.4042145474689629,0.41751523399467994,-0.020248011533499304,stable
3.398347026425098,8.191640500886098,9.937840561914292,7.596067526666414,0.22290479201669555,0.5042707408059917,0.38855275564756786,-1.5538624698756824,0.6180700610178814,0.551000547378277,0.9534647542141887,0.10477175284650259,0.011673203462445495,unstable
6.605634251729766,6.062823910070673,5.1961376434791084,1.3307379132609891,-0.04606476911464785,1.3660383191355807,-0.8631070352026526,0.6855009293620986,0.5661148986362916,0.9282699264370264,0.5937490506910782,0.49484893314832284,-0.014926579748212251,stable
3.0612815554402633,9.29698182885549,9.822512884948223,7.9175542909231735,-0.09902096006287398,0.8901575550788139,1.7270331359940858,0.9524149105441859,0.3579146624617807,0.9434541822358499,0.7164601416533425,0.7192405551311547,0.011560478693007241,unstable
7.205298173989645,6.747707974214501,1.055397902243067,8.099852911334938,0.8527525586815563,1.3565938839980958,-1.0665032509684518,-1.1491559897237913,0.8106404110897372,0.3108451443652701,0.8903665597993515,0.44142880520691485,-0.004495762197850989,stable
7.103372760773095,5.022983220540642,8.923811995014365,3.2330174184838003,-1.6243972666426139,-1.6712225074476779,-1.6933711148901334,1.2790934319007663,0.1411087374686698,0.884179808263863,0.28577775934008526,0.8981184138287495,-0.00033796010747708626,stable
4.662843722591895,5.533450807902781,4.45590203528594,8.40765260557764,-1.7046449006181308,0.13699515621778957,-0.8465537930486238,-0.1309380719699198,0.31159786949618884,0.2212170789272263,0.6264044637697506,0.9409950256402748,-0.002851449260771556,stable
8.42964328166601,4.7880423945702155,8.660400907161913,4.0444552752866345,0.3508154425076273,-1.2011053316799578,-0.22654255432544046,-1.44623586474926,0.37831798291006946,0.14517571040445149,0.45095323004047916,0.7522016959895832,0.006173111549989011,unstable
3.5759436501346413,3.6710375033653753,9.238534143095087,1.5583766564836243,0.6416695278783267,0.7982506256819226,-1.602872313285649,0.27886317984567555,0.428759237298488,0.12909060471147027,0.35433848221408015,0.18296221313099514,-0.010366022804078352,stable
6.420341038920452,6.243153594902312,5.635263151342675,5.398369470444474,0.2231006875011916,1.752421362779618,0.03931969670263502,1.1174658071572607,0.6341349459922149,0.4069055721470691,0.37135727886201897,0.2579196176569181,0.0008912310657336869,unstable
5.6302182379075685,4.461050263756852,1.4760354543520744,5.1588520096656145,0.1424356287794044,-1.02643542293694,0.7651907232919788,0.7506816033344728,0.6649874197265555,0.8420700987274462,0.8659194989157449,0.31130272608780746,-0.021606008803082506,stable
1.1810941653764455,8.29499250486376,3.981757675501333,5.481477946284838,-0.18600672054688294,-1.8146135935499577,-0.3598074174369197,1.7058644206041982,0.4727185668932554,0.8074840657858443,0.17631496650667156,0.7682139933630857,-0.013775352232678352,stable
3.7986448061800817,8.748252895428216,1.177389102362097,4.2760408160026895,-0.7273485919062308,0.5500741428962406,-0.49097233057280487,1.9761536126412653,0.8184729556805788,0.05827716007472736,0.3182077363540497,0.5243831166817084,-0.013595885794022608,stable
5.849816248598943,3.7101163968882416,8.270828057259951,1.7847872617315164,1.3983873908753033,0.6235270113670501,0.043463008388413105,0.9613820964085549,0.4775951987289157,0.8094564171180367,0.2558966426135698,0.6725213564797552,-0.01203847816350476,stable
9.772545725007697,7.071150272886561,9.802984609661003,2.929088944434891,1.9202796318860038,-1.3596831350599343,-0.9439201201203988,-1.4176143030686608,0.9478858184858,0.884996271107521,0.5988287932960796,0.7463182169983167,0.0080492783805368,unstable
7.94469064528806,4.592363484135049,6.9561007034531785,9.287047276209515,1.7955133356034216,-0.418285267308093,-0.38639808953068444,1.7335275962346834,0.20554365967242078,0.1968082601379419,0.20088244272757783,0.8695912630145705,0.014586377144951944,unstable
5.06861646305186,2.8123932923693142,4.123837464357961,7.973020448377935,-0.2834316303600626,-0.1010020210992475,-1.0110599258175843,1.9810465415346847,0.6533046046089096,0.9284899412500993,0.11668183467880419,0.7566328557185064,-0.012330877010888926,stable
2.3664694894144613,9.899333655148634,7.559382978075176,4.0683742129987674,-1.438862446309649,-1.8787679245714468,-0.04895016559831378,0.9749086916213403,0.37071906004934096,0.10451279135210101,0.5297019408203074,0.5714480044619442,0.0018519918556741295,unstable
3.06464346603485,2.7620988620400873,9.970687297745314,2.501684395446878,-0.4816389948622044,1.878866103477013,-1.4546342115497102,-1.9489812439454508,0.14048614765182013,0.6045173178353707,0.9815093914054014,0.6930863253798951,-0.016350210858194617,stable
0.9030282082279293,6.772802449390394,4.980635746131468,1.9491619595221876,-0.4267011848609661,-1.5512517636202081,1.1985861614816269,1.6846837251347306,0.6794867314520088,0.7289228862197763,0.5479912016603308,0.14715621554746278,-0.024003714266217946,stable
6.0250177150590964,7.743308738028793,1.412271977879549,4.435351426406805,1.9452261313175598,-1.8768133519773103,1.9466735665622323,1.723169545749108,0.9055382978110315,0.8602800733935385,0.17594279243843625,0.8338783867619463,-0.014838323108589159,stable
4.530187155242393,7.101590187998823,6.123951662445771,0.899031120254248,-1.30444273418991,-1.2516150886543889,0.1631207542312354,-1.5162338587779374,0.534319407643627,0.7883299043846599,0.8237199577206455,0.25543720243600243,-0.015372132046071595,stable
6.75615609919914,1.3395231065661142,8.633258480471444,7.800895454809616,0.5975242389750828,-0.07357667490508435,-1.0173883062299556,1.4470401649078104,0.37583010610922934,0.2124106934682769,0.8160378867130524,0.1474771306269141,0.003565803768028419,unstable
5.548894064612537,3.2175870020226136,7.073438799456267,8.860408445241092,1.3440981380558048,0.37192443380676643,-1.1654990125351512,1.9220101057222418,0.5870574732164581,0.8704432186852257,0.9844892512666166,0.5978366968110741,-0.003448312421565604,stable
4.459449312791456,6.9919698700299655,8.037693598600253,3.019322130448091,-1.0639198485886476,1.2749575792651342,-0.7444705690130928,-1.0688116908440128,0.36557891141777804,0.14238395656737612,0.42835111479278887,0.47662071451445637,-0.0007935862067875808,stable
3.844246762092922,2.9242801736879547,4.972483557978459,8.206819786728408,1.223771560547032,-1.2165933580501354,-1.137413000604666,-0.6563631528067622,0.21103326908289816,0.6745601175784863,0.36266410248798653,0.8903801294960465,-0.010823612392007732,stable
0.885911341948596,9.698798044311774,7.859321467545418,7.646500349363086,1.5382891272577228,1.4019982660841976,1.9013143158366543,1.897654312990455,0.3801106799896554,0.2581003411965918,0.9285668309030564,0.30413318316031196,0.005871772831674095,unstable
9.838187170499063,4.699961161740581,6.394881507233069,5.238589900180084,0.7147680202410052,0.8606987551619447,-0.6006430572951689,-1.515726196785728,0.6371745283409349,0.9659844836016026,0.05464009870688443,0.3664301360020323,0.005307903115874717,unstable
1.2143742406204694,5.745507950258962,2.1668409590303717,9.015668501736078,-1.3171793310331497,-0.22871689908498993,-1.2798258484595504,0.00475040205873567,0.9584736469481313,0.6831390677873026,0.2345475155509869,0.6082096242543737,-0.017065870143589273,stable
0.7419278533584739,5.285777996324758,8.403948909500034,5.128849833763433,0.3877673722489159,0.8652563805825269,-0.41333191034455874,-1.1249714678801293,0.33694408521100466,0.7455632695631218,0.9042328034939563,0.633625150332629,-0.01420056506063681,stable
2.5453777210575326,4.599016723137592,3.7803744251845615,5.095763439477765,-0.1200119136611737,0.9159788062521024,1.585484330124669,0.737878085537238,0.3486665935283992,0.46144701032969393,0.06206765552748767,0.2901109119746877,-0.015760130084657716,stable
1.7937693433407134,4.921871035994312,6.9091980879233645,4.968260013883255,-1.1750177734331935,1.9074545223056143,0.9521097349571273,-0.9232972039501552,0.7503159077885853,0.915193770199243,0.36959783464364304,0.9206777658006036,-0.018296180189306267,stable
8.047111952661153,9.213340604834453,4.575678025796521,9.377299804708755,0.3364304575061303,1.58572839432935,-0.5562466947889795,1.517538772180028,0.4862402535734885,0.2171103094151236,0.9497774419698987,0.41996136874815176,0.01766812910146888,unstable
1.940481812376218,0.7224681390809085,9.243833723747441,2.371365144117722,-1.0674854775810303,0.904739114240007,0.4427448605610542,0.5012745135154777,0.7617432577312915,0.9058471996992674,0.5817010839189634,0.5488979038597068,-0.028295575177740423,stable
3.7295256362285336,9.71286763082975,4.064485136601694,5.832199576090404,-1.9849272390826038,-0.49400764938582364,0.7611410476564573,1.278537641207441,0.06084536407301397,0.5366995172061121,0.2900528522625567,0.9170989711168444,-0.0006757885739166799,stable
0.6258596193433819,1.5887723800313172,1.8905393852268564,1.5187311096385594,0.7629443429986003,-0.47584814374753615,-1.397196994023815,0.3139390397159887,0.313707764066027,0.1433898388496317,0.3034992932567626,0.4627568009348045,-0.04205701224993584,stable
9.34990633321062,4.589873666895459,4.128979100529354,5.4680349785605795,-1.7973762353856428,0.8618772333030122,-1.6062393388908696,0.10764383830229418,0.9510249214819316,0.5052069088676291,0.15104635553495616,0.4833613190461063,-0.0016112123266630845,stable
3.54988374836281,7.079654504479828,2.224985384483075,1.6066580045027905,-0.7347531620734875,1.1451419355022958,-0.45377054761959634,-0.9901627860689777,0.10555142495793694,0.417161742556565,0.2254991581154735,0.4067406601846504,-0.019621810824501876,stable
8.507344920687512,8.10255646568846,8.75867235343193,1.5704003337387629,0.7367102394739451,-1.1195440422591436,-0.0955705340120967,0.23649619854681436,0.7749613644285942,0.9196719167412991,0.7410856479803554,0.9697444758519773,0.0003201181588555341,unstable
9.638380992787871,6.750854100391247,4.556294092467222,1.9338958918202465,-0.6687619605334794,1.6833304202639474,0.0994880340945854,-0.7529721455939558,0.8265779276993396,0.13647694946476063,0.8122040678119835,0.39277332719118185,-0.003641598667169864,stable
7.4107941977708185,5.156824317466179,5.259879104808734,1.772007939240201,-0.6448452708075254,-1.4392048548320857,-0.3227258361920402,1.1352938240742225,0.7951806563263903,0.6861640500936677,0.34898804908316877,0.7608887943504477,-0.013957343851053539,stable
2.9770476154102345,8.958283025343071,8.28947657774738,4.122855771665213,1.5735983659109887,-0.3314687119286961,1.202109565498862,-0.1813208126236927,0.604528859148304,0.5458954219944956,0.8774707171672536,0.30299761185995105,-0.0007853055754352672,stable
5.175382009997304,4.6299463581729166,8.981939297834625,6.12724151708377,-1.35606254558737,0.5986344785481506,-0.1491054476198408,0.2981792576440241,0.5012949015407819,0.7600676991200879,0.7102119167355034,0.9620900878655577,-0.0023820500685881214,stable
7.935193420647025,2.8504039082415056,6.91123788849017,3.2134905426223,1.1389844753442424,-0.8072696693112409,-1.3547378104981602,-1.9268156070553917,0.9507854825446237,0.5095105302221585,0.4852569478173658,0.6967973248033924,-0.010935937026935212,stable
7.1371384919836425,7.918040026381572,6.012725211748542,0.8538739624839033,-1.534368398263183,-0.0008884649830331881,0.23161161978699862,0.532433000873155,0.09978020605064664,0.3364792625434006,0.29646782480275913,0.49556165621955334,-0.0013370005165876568,stable
8.361931133192623,5.862611679166049,6.629397264865567,2.44207481965969,-0.8946653708241064,-0.3045283301714088,-1.6647969479171207,0.408834980451227,0.8521095762691212,0.13180481628782878,0.19516496108082204,0.2484539546839411,0.0011023707006012542,unstable
5.673455305857106,1.7755869473956847,8.285743561838581,5.369638576938097,-0.8260504631704122,0.033520426443489626,1.1337194082449287,-1.3396681372723793,0.7261740654441112,0.5923642744099625,0.6173878244381961,0.7602526886145078,-0.010719833284460219,stable
6.7462747489226595,3.6332644830229213,3.797340651334993,7.704577167406552,-1.330345606199693,-0.10142256137681471,1.2005564790340308,-0.339059419109228,0.5112721707142661,0.4843912756488451,0.8697263702203899,0.8642099612237554,-0.008944356262318473,stable
3.9503641284991513,1.3482248856498484,8.500943433039335,9.194640629499203,1.9407190496670066,1.1529671396568357,0.2020147271394812,1.3875979183191136,0.7918203495906573,0.2589342696157192,0.32335880474864603,0.39623183673647355,-0.0013662936117386365,stable
2.3183597288474327,5.642053785086126,9.915971822240035,5.918663376551014,-0.07456284404023661,0.4489556850389578,1.0423608001754041,0.8217087545102029,0.27111978460659464,0.3008808619302631,0.33036663490368995,0.3387310230399236,0.003282130259409149,unstable
7.12378252485224,1.9244119732092455,4.193624013898952,6.354485556427674,0.21843844787518307,1.523074087225266,0.6665562154782769,-1.7782302057647672,0.1750702396197264,0.5906969750553241,0.06045796712157075,0.5215848887933486,-0.007748290181979564,stable
0.5273822400111224,7.300951123042901,8.076813241590354,3.473123210467533,-1.3111841579164771,1.5611344030296497,0.8626479444096504,-1.8588815415930449,0.287433216520063,0.7199881422215113,0.21611499604279627,0.15005554474464483,-0.008422284959865307,stable
7.946868942344253,5.777320205380175,8.324709420991631,5.751264667601056,-0.516834569029136,1.2171027090037363,0.42288143167819836,-1.998493934634347,0.797434857375021,0.14793421290935338,0.12380705932534182,0.9125309470191212,0.009591872707648599,unstable
0.5687155937816604,9.725242349321974,4.95824683475584,3.718700473943276,-0.6836278299525085,-1.0797357695993917,0.42276964789632565,0.4783579698388216,0.2645892442170587,0.364565925191978,0.6480675737053605,0.665150210155357,-0.012284601636841893,stable
6.359608746000323,0.6105915352428507,8.049937123985853,6.18892174861395,-1.7539606822273726,1.1550248610831244,0.7890985048762089,-1.546783400400804,0.3506948977000244,0.05701630218252756,0.7485203437367495,0.6425477623187689,-0.005971248645082911,stable
6.148831581276396,7.303058282568466,1.0223226984907348,0.5037076837974004,1.0233522562298254,0.17335811714867688,0.4152133647452292,1.4229489626381815,0.29418195004556075,0.09838374813066315,0.547831555376432,0.2894799281273763,-0.01870458529306767,stable
1.5023679975882263,2.4349598351849564,1.4492933831306631,6.424491751454078,-0.400627486514884,1.711581692044704,-0.8990337944329463,1.580348239087375,0.7080961747835887,0.9103717117020292,0.1862853679481939,0.5677427904165623,-0.03233469780585706,stable
6.1259217720999,0.8275566132843497,0.8459472711275098,4.607978415194766,-0.23208170681710394,-0.9524905978595548,1.8350434431934146,-0.31816890286644073,0.7997965151870922,0.4436335856182959,0.6398446898051721,0.8552718701937952,-0.032674223124755465,stable
7.699547101096805,6.4676236138584375,8.665447492396774,9.581900578725378,1.8942841772157912,0.7963535694086619,-1.9048864827219067,0.5186598467599461,0.39510814228090274,0.39321027462894875,0.43123669760506045,0.06616188416323548,0.024607711971802747,unstable
5.5919236030585555,5.684295914638997,4.257535012193418,8.247273200392126,-1.3965137093307556,-0.8558296720478702,0.3098064256326025,-1.4177253005015955,0.24976085590032138,0.14863249922444327,0.5094292516048678,0.5839592342943783,0.001993660120587685,unstable
6.891225230849514,3.3724777760576496,7.4724881999632995,4.869054468869644,1.3397316176703624,1.0470256663315398,0.26797522609835767,-0.46733630404799875,0.4166366868615075,0.4221917470425878,0.2228993264884334,0.24185629339698628,-4.806079597310074e-06,stable
7.232381270702253,5.319635377295642,3.310879719778984,2.850454054372997,-0.8805408586380934,-1.2220409989555514,-1.9974910083277728,1.544617628043047,0.7536775564580606,0.17024375904089362,0.26131778973959346,0.5433734819408628,-0.011859686880522363,stable
2.456143882661986,1.023363266448782,8.636255084882398,9.17639034394954,-1.1093521408452443,-0.3029915490966264,1.377731810851079,0.04851643396440952,0.7885261397902036,0.4450594202063331,0.3112582276982626,0.6583462506964015,-0.007785568747099236,stable
9.30285681092645,4.558201063001361,3.41057418001202,9.414107000784403,-1.6032490450158794,-0.0894500759727146,1.2298978037998949,-1.0091331927508915,0.25220679983201827,0.8738108017078441,0.9070370226910837,0.773831715546295,0.002679915937924389,unstable
3.6116437658916127,5.980150342036939,7.044666353355592,9.062247142423765,1.3789681261810003,-1.4642596282231946,1.7934594622369926,0.417866405415539,0.7155765574610808,0.7990162027962066,0.5584745906090025,0.6481395238294113,0.0006407346357912656,unstable
6.045168582883781,8.809748318937393,9.116832197514494,9.383008293212418,-1.815920193098032,1.9788213600613944,0.07285594091044123,-0.8315894293692545,0.5342487761070764,0.5405810121364161,0.7955820884911252,0.4684174240883584,0.021692746977255345,unstable
1.480237438990479,8.548215100539148,4.456231038881064,1.2537423065571451,-1.9161724136575433,0.11427702615664481,0.003255234843441368,0.057855617540979676,0.9148670851298013,0.741016094162678,0.8787433142041349,0.5985770254059789,-0.026319952882093378,stable
9.965847661871733,8.073547262457605,8.553873232138901,7.90740784364186,1.2294647598154236,-1.6168828347928237,-1.978171266608622,1.9831402806137852,0.1047602041383433,0.7465532214987808,0.731214480900528,0.5274763604944385,0.025701668665114787,unstable
6.714340531152623,9.258938961641755,7.128267334582597,4.993578088256782,1.7018948644861056,-1.7771502653126499,0.23894248225477366,1.8862033135464649,0.6826407002417614,0.8522604918048681,0.712668817512058,0.3012484005257752,0.007493720238662092,unstable
4.886963517947749,4.47179285989607,1.4910165655261292,4.137517039422136,-0.09874806928897817,0.9793960330134031,0.18145893117168033,-0.919638517488242,0.8121427598182589,0.2174778361618695,0.8415546078786202,0.9365717240772112,-0.026570509682699597,stable
5.87813758976589,4.765970745697345,4.413967681900839,7.21009590885282,-0.5814474281184441,-0.6314142773014622,-0.5544230526402134,1.6124694553959928,0.5396034851835481,0.9576722749724381,0.2984129646887007,0.9762566717076121,-0.008189297167219261,stable
0.7582890617804177,0.5873644593013663,8.115511592618748,3.0864569254189114,0.8021547852101953,-1.9024826749312536,-1.168793329305951,-1.865552180789297,0.08465277190049048,0.9434734077542601,0.4039826617686521,0.08579259496787252,-0.02622045208415777,stable
2.7807566376040724,4.844704720008867,9.552239678680532,2.6407933722272654,-1.338986359715169,0.6250860157729479,0.610744931213461,0.1964253872872037,0.2336451456928883,0.5065771075367096,0.19782267302141132,0.4411145972486365,-0.007349561596196395,stable
9.759546037546022,5.336399833779342,2.7918018787257046,2.2521069178919055,-1.8120987379428581,0.7067382402748774,-0.5457416316040202,-1.2876828180995656,0.5553672691591607,0.20033945895825594,0.5451578934540329,0.42719670345880867,-0.00829066995529387,stable
1.2697994402766448,5.774225302229732,3.044847895044415,4.304778352051582,1.0777545108223863,0.19323146452906448,0.10278173287531,0.44894383403233284,0.632301222800288,0.8626052766409869,0.5055319241409711,0.09989974969270875,-0.024517563392368838,stable
1.8461584934340918,9.560319207025602,0.515006376732215,9.237143284594074,1.7450744538897673,-0.39038089283365096,-0.5141773635510214,-1.1680846393385838,0.9185402558519373,0.1324900505736104,0.3161008749832751,0.5374801484301835,-0.0066264882447300815,stable
5.94423398109334,1.2814062383930471,7.080530837795548,8.168043349121913,0.6197606035556049,0.7184311437126065,-1.38658506738481,1.036194158856011,0.9742792982963215,0.11813560353790638,0.6840041793089825,0.6636816433001316,-0.0060149676062070945,stable
7.852735190740642,3.4506533100675463,5.934687087727498,4.681425059436535,1.6111112408838757,-1.170999355574434,-1.8438132278147554,-0.395519501277235,0.8208197993423588,0.15654608648118304,0.16979062998243805,0.5948991402834177,-0.00391152666051644,stable
8.602295022700103,4.54672904317594,7.477093158985337,7.564089559179671,1.7995239603249953,1.1967464789936049,-1.9014744534629906,1.0514981162280361,0.49799910087054655,0.4223459312546397,0.8885061347844864,0.6030282063304597,0.008416120093901976,unstable
8.681668687001073,8.356893821963403,0.7588949020388549,7.281274818027249,-0.7151620571906339,-1.6343926037750456,1.8442465128972358,1.8562681805961323,0.6212335329840593,0.4522996104943506,0.5721481200788653,0.6094523000399152,0.001421162754590484,unstable
7.722110485846296,6.705050121481765,6.811835166110935,0.7569359643181296,0.34046137239591134,-0.8527179875537181,0.5558714698260232,-0.6087604999762699,0.9236470357852044,0.5875544108179029,0.4729516999647911,0.20841798870792305,-0.005973026331986292,stable
3.8027484895938506,8.14459208990546,7.148941612268215,7.361717542969936,-0.28780163836028194,-0.06678802399192296,0.7949443721026936,0.9827654053233497,0.5789355594448334,0.6877245032361234,0.7637956532201311,0.5419220974462834,0.003283110270106802,unstable
6.025020962097253,1.4725738032439837,9.230989498198863,2.7250142903429597,0.9154029910180692,-1.5183950145075782,0.6434879290051896,1.4701885673557178,0.30173810489612074,0.49688614923663316,0.6302340634479601,0.2840571753138934,-0.009930581079765395,stable
8.224669625186198,3.645528478978273,0.8954990658811097,6.673130720891563,-1.8033851602020285,0.8250572623871801,1.3761209062792816,0.6840491055244966,0.5527594097176395,0.5370916430535081,0.1276921166915808,0.4033047096571,-0.009507169668256286,stable
1.8190354943874734,0.6703535389139428,6.414178924561699,3.2570661616703656,1.3359218048760941,1.3081838099033285,-0.657351354985253,-0.42758612917874306,0.3551956258042818,0.8861259025617106,0.6732342081097658,0.33844299966298214,-0.030863408381860004,stable
1.273495444969328,9.273352398987717,9.507316120609524,6.4119875707339915,0.9819470881886936,1.5618481027800581,0.9498009761068316,-0.04328952281899845,0.6851504146090922,0.07606710985585363,0.21422935860788156,0.8170368292614916,0.0072029602765798124,unstable
4.856559360527641,7.33127065364197,6.407648526352572,9.956749073003813,0.6523100071053594,-1.6271981170389882,0.3870456908462021,-1.5035592469325905,0.6128938380381608,0.9489138358146024,0.4765427482190102,0.7234180331564838,0.007571726757673708,unstable
3.448233196071283,3.921758680496718,2.7289540132413292,2.7251227586986633,1.2342309480834155,0.6085367119431697,0.8378126526569525,0.007971698843854291,0.667682313287449,0.7148997374517834,0.42867143698239535,0.40884849346599655,-0.02904033828466814,stable
0.5354799352506314,5.296236585939176,4.383611065396081,5.119622081342161,0.5434643461150084,-0.30300102318899347,0.9926575847883394,-1.1432467923102614,0.9500138243261105,0.596970446148758,0.1563388837633094,0.6095187190444447,-0.023226835196592993,stable
5.410203418047818,0.5925948307209841,7.585261056665316,7.714220395393567,1.4719758006102928,-1.1386031954381934,1.4031521729559446,1.0960982881068184,0.302932432012759,0.2885289829546499,0.8779649959103237,0.927375233864531,-0.008728308971642104,stable
4.04328887600982,7.94335003217193,8.808908990051643,3.921486709960374,-1.8096512924831916,1.6679578945147404,-0.770913306711039,0.5561054825137868,0.8343081170322868,0.3571370925119754,0.196109652833798,0.1035868511291987,0.004336877952948126,unstable
8.889778171248874,9.222204635731174,5.4031389678063455,7.168936747997796,0.0053483021325377855,1.1401654853378678,1.242546627696064,-1.3777983867304413,0.14199578080431707,0.37472373725572494,0.5657424624249899,0.5094486906778518,0.018750592951146054,unstable
3.674672244139602,2.9435434232015307,6.37422815114104,9.065289869439518,-1.5563985407151373,-0.30541050116486534,-1.616884800645149,0.08393220490500175,0.4567389904460525,0.7575013165535224,0.520446116093588,0.46913150396315667,-0.005874755415477375,stable
6.795375104023862,7.16634271471208,9.680719765240385,5.627298063566698,0.47662844012686634,0.3533669933612864,-1.6735606825106486,0.6036292995341359,0.4174969242425365,0.6806505697029779,0.9116199034746374,0.05239763745069575,0.012863513944503314,unstable
5.896744614069079,5.368061229121201,6.714589357967105,8.647871457867055,1.5198214645561117,0.25309629174042936,-1.3574209789798228,1.960039719250386,0.6797356041184512,0.6622367754163706,0.41869737952749836,0.871225094094341,0.003408692381777805,unstable
3.3468327963125155,6.834333149695354,4.868322770750664,8.748713316235092,-1.592564034046037,0.7418508535392654,1.2828266191304132,-0.918003161577071,0.4123542798325241,0.3622883640631162,0.5045711366527187,0.3579372380732506,0.001309749989376014,unstable
4.942314536046997,5.938750986712732,1.494110205995807,6.381731530853452,-1.9731399204783755,1.3907705439910472,-0.7669184686980928,-0.20530360967512484,0.849385293396644,0.4797569321286126,0.23050020555310347,0.47516503379933767,-0.013281769175366024,stable
3.992769627462195,5.489782906514804,7.719824808324886,8.091421211627775,-0.3937442264903761,0.7088727780842268,-1.3357198066387679,-1.497960619532213,0.10611292279710068,0.7221219667195542,0.8525104573689212,0.7459051983424587,0.001101243658683984,unstable
2.7570674747585024,6.112716362146546,9.110745139701649,1.6302868627635327,-1.6545810854998413,1.0420888230151655,1.2996748582466378,-0.9776063067083656,0.5681238728110907,0.6997648183991771,0.48499571015388704,0.8034522269515781,-0.013754643543153087,stable
1.3371641101383651,1.51628136634831,4.387278516486216,3.5410270459416675,0.5896264498648067,-1.3448652400141503,0.5631422326381434,0.9792674156822918,0.8491970135042245,0.8591706336430449,0.09149902514990019,0.520339821121983,-0.03464665486980937,stable
0.9951525952220677,1.3396679784046956,3.5745821683508052,8.243675635549156,-0.1559479975063942,-0.2450815240170705,-0.9647466756709537,-1.8702483880252614,0.8199339822120407,0.9854726600045829,0.8614691482977851,0.7401695874710911,-0.03165253094611069,stable
2.6156796619652845,3.475981694735838,1.6896447220739208,4.502787806936119,-0.171847130608624,1.6932894265078882,0.7669555816943014,-0.2502646956938439,0.7837912287598064,0.30245887670141686,0.7435377823393325,0.3451505055871793,-0.030164457252660773,stable
1.2915332085908828,1.3443941134813748,4.615530633917427,7.551353342558199,0.7729230993411811,0.9312448562530693,1.3734764785225604,0.4731327767514051,0.4208368170881949,0.8649317553656347,0.3595785024179161,0.3670133137859416,-0.02305477369691873,stable
1.9309968295475968,4.094920782248543,9.774306213650716,4.956774018805371,-0.5390644666976838,-0.1450163046091677,-1.1801066249596923,-1.7719678352159467,0.08100272364037522,0.4444498923642878,0.5366160840379813,0.8094101586027415,-0.007464899682596367,stable
1.6867389121692955,1.2750068803294798,6.165527748413366,6.728726779764075,1.3966233970221364,0.5443559086856964,-0.7648221499185621,-1.980872908832064,0.21690010628832385,0.11483834927249159,0.8762932456631217,0.6287011514102804,-0.01954366346148055,stable
4.046339362230303,2.0783070740211445,4.712495556649834,5.991823721035642,0.21708577929929573,-0.8750241171243407,1.688151782622353,0.06302528279139707,0.9776973045773356,0.4039599817074324,0.9341078178562969,0.638336492146847,-0.02269809369659725,stable
2.762651584584808,7.202112270166113,0.5319689615179086,0.9112734874993267,-0.8103021779630319,-1.934447257038315,1.36337343101189,-1.6034956851540176,0.38812614469013673,0.2611187140278557,0.6200682416266955,0.8902941694191593,-0.032278020589398854,stable
0.5418842300632093,0.729421748820956,5.251278579195405,3.287533385555344,-0.966870780085801,-1.879796040852547,-0.14125376858174032,-0.4939888320517687,0.675786515958485,0.9255811452446296,0.4398205419546531,0.8269196874119588,-0.039815244593761345,stable
0.8126651183336961,6.0944859391848185,3.336446792061069,2.0071217845393035,-1.8345876657109743,-1.2342050372735995,1.8292701656365233,-1.7182811329076553,0.18011173394656282,0.45077761766071767,0.990155740341306,0.8531934783213585,-0.03174439376605251,stable
9.90550934587352,3.817647438503159,2.5564455744790733,5.9358409145643565,-1.586353694088285,-0.5535086118637267,-0.6040918141643017,0.12898957493839358,0.9310211119369717,0.7531689031829986,0.5724065684178873,0.6645014910089656,-0.009066882189183844,stable
2.828872593678667,7.641799946158722,3.7428115277305865,5.162597332307489,-1.9423230063509882,1.7132016011874165,0.17989810876808976,-1.7804440334217255,0.1925776844269686,0.10854304000051,0.24222287013387583,0.33528469908872155,-0.005952937968561723,stable
0.8878622132321986,8.111227994414799,8.031986605208473,5.155425690001334,1.3311971895523262,1.5662537163457029,0.4416260191389787,-1.7622048143688893,0.26819994538661474,0.345711992501979,0.7772298347455504,0.8778041837967723,-0.00587847352501257,stable
6.447093003177075,1.6001056852585414,6.168670139955886,1.5238328235843295,1.9466937441835301,-1.6607218717552983,-1.7043354872875605,-1.1734444833625624,0.9952936052270176,0.32994763537241417,0.5739359581488735,0.7414235266130993,-0.023853749496867447,stable
5.7405899502098565,4.297529596266379,3.484516733256385,6.057924554581594,-0.9340317688648643,-1.6878340706189037,1.089788072984776,-1.6302610497834182,0.6892189165636915,0.9481463223512496,0.6285072996708504,0.554244316448272,-0.015149182189384791,stable
4.194089432559752,3.8675246080464065,8.447085216434731,2.243298090487829,-0.13113340543840435,-0.9400698740269648,-0.3394357512753001,1.6349506394916777,0.18152559792205192,0.457192168477076,0.7630168240188613,0.4377187804938753,-0.012317273485737532,stable
7.466652419917564,6.556954027277647,5.7359803324747105,9.613952237829594,-1.8611803576923456,0.6749682274062239,-0.1644366815783629,0.41638876967514094,0.9417852415799358,0.8059615535707053,0.10279805353982781,0.8442864627508204,0.009959690986542343,unstable
9.401337564774348,3.578346237929457,6.742458717000207,7.9056961968438975,1.3148651016241035,-1.0751729374855605,-1.9414377638861628,-1.5806634606728487,0.7626633316172108,0.7744622137817567,0.4190105932159731,0.0833823757508709,0.008872004219540711,unstable
4.265374897750913,6.6437372053265475,4.202552733287305,6.852073668555578,1.431846885504235,1.1767671814786218,-1.0212931292771197,0.6060534995082887,0.5380960150479039,0.8160422896870508,0.23982417019873437,0.8562873787461074,-0.007341903006098126,stable
4.06559535569631,8.40900470500856,8.341637668359917,2.410391723038604,-1.7586783890475948,-1.007271900590906,1.5221933634621538,1.9939596921653822,0.1770667564848657,0.7213255463598807,0.12426344814763818,0.0915203525390217,0.0024956931126014457,unstable
5.384741804960489,3.6917206423529656,5.402002020832577,0.6433100542760508,1.3965370175027827,-1.1197036695764284,-1.552714997393303,1.662970175382584,0.8775190153894571,0.8747980174145117,0.17666853567480217,0.069213372001254,-0.022186558396344924,stable
2.727522947384083,6.092743526171792,4.35628105676535,5.390463954842901,-0.981178812073225,-1.5523101979254044,0.44307004076560874,0.7717338008149519,0.52642744810522,0.08625518148040164,0.7649491599953562,0.3775160441201,-0.012358210455595072,stable
2.1527521529843097,8.258090563818147,3.7162066469800514,1.505114284693262,1.64108738216277,0.8224259208128744,0.41605901362031217,0.3331692168532405,0.7420154375896219,0.7640139101430927,0.9952256591691006,0.9681045794831987,-0.02826638881073565,stable
4.192469653096051,9.841820601716838,6.878859134476563,6.6689641194893,0.8933906727481631,-1.7853035010641856,1.760544968912379,1.0457357198476473,0.4418356347323077,0.9750738736553355,0.45632474854642274,0.2774677830305606,0.008201773572123738,unstable
6.931680760508685,8.749699064321836,9.1864388157975,9.535464465103443,1.3926210993102615,-1.8019030853074094,0.09260184623978374,1.8017858514256697,0.40304928478369967,0.4514569628655629,0.5176160527551439,0.7743034780423256,0.025276078872095008,unstable
0.6403150467347762,9.757497471408367,9.641083708294818,8.077774219987749,1.9480428804373937,-1.7367131028825153,-0.8298123642850772,-0.4501039377013907,0.4084879890056985,0.8916151176750261,0.775326088810229,0.7524792983090549,0.006152133647064234,unstable
1.8147548529233708,9.88778162405568,3.320341187346356,8.809842987136548,0.16863833012615892,-0.9818897102533755,0.9219107710746286,0.5052759647430802,0.5573397716686209,0.5772832471807011,0.7287255711722928,0.8033032929664611,-0.003751457786285493,stable
8.177027153020543,1.1120504399460172,6.231538274698744,4.891933188859399,0.4905964275702246,0.855759162785771,-0.032225234380261814,-0.8319586309960365,0.7008783773214814,0.779765707122604,0.06928008017299848,0.4673013133301576,-0.009054754748424453,stable
3.655380270577777,6.173469854277859,2.5199089397940644,2.6484187211693295,-1.4916983891892541,1.1083852052830676,0.7893086201444963,0.28734753050189266,0.4636256670765342,0.439575981716579,0.20839322837294294,0.16504133851450914,-0.018890236613855256,stable
5.8119811851457275,0.6101202981671676,8.945631036142977,0.8700545965121882,-1.3880133323772945,-1.4545956987981943,1.3964069140516053,1.6665805174359472,0.80339338517979,0.41645060025376773,0.17619386629875666,0.8202990101785347,-0.020487216519634095,stable
1.02719001198262,1.3905843971431389,9.40270640744565,3.3561161339629377,0.42334443101643426,1.3778588150136741,0.12465156868090377,1.1917824042734648,0.1294755891652884,0.27721525607360037,0.9192770448287195,0.9818418954379292,-0.023597556551191827,stable
5.732348345318426,1.920108021772353,6.301296052018657,9.779348570801222,1.8203396588833671,1.3240993195590467,1.567391548898951,-0.08011781665032514,0.5450962564084836,0.343503935870243,0.911121044206326,0.6615495226349952,-0.002973601320823596,stable
0.7635118869092693,9.830285803123857,8.469158600145342,2.5797537643168282,0.735602230434552,-0.46753291949609377,0.08182729759396423,0.2447647860718538,0.35376290273395883,0.9957226401569936,0.8026739470582739,0.6364226452912611,-0.0098361355399642,stable
2.4689551440086053,6.840464146149241,1.2585455543375073,9.947292246125738,-1.0186357807549982,-1.0515922690436126,0.8479863350595158,-0.9931091167364574,0.22435942507856488,0.23616599181894654,0.5618442817333039,0.7356468805767421,-0.007501940169485062,stable
4.755019586120007,6.580880682361614,6.973445646017047,9.09229849865199,-0.9364815877434376,-0.0539627475689195,-0.1686004354623276,-1.7637122911463603,0.41568319032795403,0.29651595129780134,0.5912631282712889,0.3105332565156682,0.010434133400813072,unstable
5.476216864273712,0.9739866996982376,7.745500033696219,5.674075432259622,-0.9572665058275223,-0.9927533623101517,-0.6822884669336458,-0.7559172542727106,0.7845721633707248,0.10190654190903675,0.790204067928856,0.15147877171292265,-0.009466360149788224,stable
1.6904297002156807,4.632791951706591,9.08094245630381,2.6918186571409413,-1.3284963443100266,-0.709984995136602,-1.9061382814975225,-0.8727357664093174,0.9148484804361927,0.705697741930828,0.3577565722636848,0.978585331468939,-0.019544483717080674,stable
4.860848629982026,8.06834641176723,8.568853131713045,7.012990171548201,-0.13119995924099292,-1.2451921669752481,-0.26905985835042046,0.4304220207164988,0.10353643842052128,0.5611545580597951,0.052461152468250664,0.5157961701553773,0.015112854267006533,unstable
7.914593264555464,4.780120968805779,6.437266773192233,4.934210171270842,-1.6894703432717488,1.1994366760124953,-1.2384235722556842,-1.1434801932370418,0.5830901545219944,0.3595911876228251,0.8953814042798564,0.7805564916987272,-0.0029276182460562256,stable
7.204980447556821,0.8110320806067264,1.9759369655776478,3.1359307881009655,-1.781791618989336,0.5541217207759144,-0.2624186561636761,0.2517282976961712,0.48658671906791207,0.16207169181566752,0.22325283824565573,0.3336382690028268,-0.023208046886054913,stable
4.006256619834583,3.9642418372316013,8.437443890654613,8.57429708268479,0.07736053161399292,-1.4393904560036592,1.8390986685832686,0.09118524584899124,0.5713266611080182,0.2279308441532752,0.8039331095274904,0.59743436253942,0.001452473689372952,unstable
5.213374472285276,0.7832136226731817,2.709166036597276,4.930848500683982,0.5119840933106872,0.34641375839215405,0.9391473268583304,0.7712223584023801,0.6457190080131369,0.2617458065472611,0.5144946287561827,0.4576955331094686,-0.025306768301530964,stable
8.090526529609093,3.0308484338221824,6.707413436931694,7.873899818086981,-1.75792922974509,-0.4228547388088164,-0.11967383247359731,0.32848190882929273,0.05684046579311066,0.7245534579420758,0.6355140550737195,0.36310406286006675,0.005356660337780003,unstable
3.0001725944762834,8.695741130506049,1.047185572977888,9.765714394010482,-1.3473237454716367,1.7930571421099333,-1.4051807827650822,-0.2226725336143387,0.43340493192330726,0.9994021880924294,0.4539623611630829,0.6633824830430158,-0.006478725591182424,stable
1.8320945446485335,7.208526379679421,3.2379692931134185,0.6026027097581209,0.5888377342645907,1.7746429696496118,0.5524390370044872,1.9849816242352682,0.5344580619567627,0.0919725734647924,0.43830659205363287,0.14309971425884416,-0.023836202390671427,stable
9.70556861233386,3.0299263669514653,5.328686782740786,6.799197051010038,1.9662899934992404,0.3219721120707937,-1.6255988959776788,-0.35077666256416284,0.6726088392595846,0.6824220393379434,0.9582462000078937,0.14200569733345245,-0.00011796684710400213,stable
8.793569809901783,5.725797826651279,8.225125963665567,0.7925564537660477,-0.3376524475630962,1.326784766852211,1.9252105803787396,-1.1370202936697704,0.13023288190536003,0.23418603815010358,0.9065250505207221,0.19777336522552086,0.0014990384559531549,unstable
8.80478455089271,4.313857153214585,0.6890445764277242,5.590061612496518,-0.5430257392245244,-0.9161815762492114,-1.444566462748472,-0.8521665872454101,0.27428014573920195,0.7685472767786824,0.5510467195583677,0.6804855490405913,-0.01287742872300538,stable
5.033136484169217,7.1716686955695765,1.856722539065199,2.382887109001198,1.369860326857678,-1.5184119387686037,0.24143629079467166,1.9793288216363916,0.2039389552750217,0.1712795282220833,0.5812594509853815,0.29848352998104366,-0.015163770252804671,stable
0.8358448377903755,4.717163459404146,7.898094773758317,9.450340406324223,-0.677412718077333,1.4209632546089228,1.305549272503343,-1.947695938473673,0.9439157300371785,0.25191168241607453,0.8865496217753378,0.7370333108847501,-0.006843443032374047,stable
7.558153328594817,8.791057241501274,1.584482587742632,2.658314336045687,1.3316479012054403,-0.39990666078486825,-1.6703564400740247,1.818339920317019,0.13430954980980775,0.17154915789113634,0.3980757745534558,0.294645260689936,-0.0035128799800106586,stable
8.006499655587437,9.308845899905622,1.9881378949385864,2.8114750776669606,-0.8890370277388153,0.1587932896546378,0.6175175738817931,-1.2910757036457112,0.5081074755675955,0.11391221511999187,0.18967829636522238,0.4934533341630487,-0.001238360285832782,stable
9.668742491813521,8.637617900120242,7.948367731688115,8.655072109563859,0.4894843635910662,0.9780551127670138,-0.03663412361840912,0.8527260494174516,0.3254923195082162,0.6862903867938733,0.3444003847958468,0.5968003103035957,0.0275095835759567,unstable
0.8399153139404996,1.7200379135012087,2.572522492245163,8.992393268027314,-0.050967254672942275,1.8193080653784213,0.2865246968027759,-0.31256516774831367,0.5481542411715705,0.4482487334400263,0.7444985326340386,0.7448642006996391,-0.02711665607044091,stable
8.221710753821625,3.180149004467952,5.860722693481261,7.195805099217645,1.3658912490646666,-0.5389759123535356,-0.09688576075915822,1.7077050672680567,0.315581536645696,0.43138090387247385,0.11084950960202841,0.41134908009406745,0.004800163726399877,unstable
3.6995821562055338,9.093941512829078,3.6684712708383764,8.867180713276603,1.0342701871763356,-1.1088726536341005,0.9134395108792854,-1.8930216353583718,0.7881036503206876,0.7080113876783385,0.3124522274465349,0.5981292916312314,0.001289456347490019,unstable
6.832602280735377,9.415253047141135,1.263659363071513,9.47446392941566,0.2539845683974833,-1.9230958960405569,-1.844955842259743,0.8931493801767902,0.4365707140658995,0.23906392390750653,0.7320139293767813,0.7858216064123219,0.006497595682096669,unstable
9.055322812533616,9.537155580885507,8.810659833219205,1.22287038289891,-0.05779565812349308,0.12616457713951812,-0.6931006212077473,1.4826891293257796,0.3149173500016758,0.859322452667504,0.8562112652896936,0.6736617858303999,0.00804445725489673,unstable
2.8903719944599855,0.6122776952162443,3.4199624459890305,3.605262337284748,-1.7260975360896058,-1.7141127287400653,0.45911853847032935,1.0554406551581872,0.5433453710018394,0.9380731879773249,0.35584609139572015,0.19217208640892258,-0.03382749750154401,stable
9.937568086024907,3.7717772250825194,4.528360116065724,3.1760566448475567,-0.1658421659512701,0.02431911762783301,-1.827347548870431,0.524554045912986,0.28645683689057194,0.38403733991697064,0.7981504938262985,0.66887325285004,-0.007153184437367644,stable
0.8595625684222994,4.665083271489891,7.844363640884429,7.400416816171661,-1.532027233141989,0.4849449320377057,-1.4734544249440047,0.27516799474452336,0.0963149953530341,0.5349130117503,0.9133762219523681,0.48464753192475685,-0.0082226930624816,stable
1.5897980644291385,4.313692303417858,8.342019986886406,7.667400311751429,-1.5655833079302952,-0.9902933045287639,1.2149031042925302,1.6874278705413261,0.6226685472820102,0.37009928452481994,0.0640602327284073,0.573724947058462,-0.003370488391756422,stable
5.066438540631223,0.7719553404914377,1.7645325485252465,1.9474396273829164,-0.9851232564845094,-0.7655389810118711,-0.047999338198478014,-1.6137300957119578,0.7897560863482589,0.9626783420197607,0.8042293520379088,0.27412582295253085,-0.04027803287421523,stable
7.3300327571600885,2.827270169885241,3.3714378146485666,9.28096862139866,0.45459127632728524,1.2493865518619698,0.14580895468426602,-1.330244136651153,0.11779782728615472,0.9936014430590129,0.5529514266334187,0.44632906134377526,-0.00352912538388042,stable
9.30169235686221,9.477575755313229,8.170031337710697,2.0301757589311986,-1.977950492013449,-0.11319055321069316,-0.19147492751942963,0.6294986042052195,0.2465470474867255,0.4298341498435954,0.7062205356712798,0.06449820961862722,0.015213188308942194,unstable
8.54907875172574,9.135845378157555,6.641803428305577,1.0962108841760156,0.7240332790041082,0.37075260965871015,-1.6207386455899027,-0.5245500047160614,0.8189083701692716,0.6847670576167151,0.14573041562497485,0.16016044040554694,0.004509514686829679,unstable
9.719876745114165,1.7351090987058402,2.439261756434224,5.299323401533993,0.10995751967218181,-1.4146759985736668,-1.6751710033206448,-1.7665963548244945,0.7835484598716072,0.07635720906370536,0.48091366058037127,0.9744986383888781,-0.013592662335052255,stable
4.692907074534528,0.9725786808061176,8.869343276220826,6.769567918569635,0.5588692576201448,1.0461668999913663,0.15602288047924784,0.36638859289425296,0.06207877713264626,0.8338836088129465,0.3278287707831719,0.3373273758282749,-0.004544600287457432,stable
4.359996224117372,7.261002270890154,5.627625414041635,1.1758771547153513,-0.8223184790287674,0.9247313505276886,1.4374357121771055,0.6319041581745481,0.7712793335721155,0.7774219690447732,0.6110840758743712,0.6734003527913811,-0.01810467599700192,stable
6.0997758767973345,2.1738857873080564,6.660109685197494,1.0408152109896767,-0.4240838265273119,-1.4756112682033442,0.11871328332394127,-1.3622846518061893,0.7540352318870783,0.452894762380941,0.45545509320503363,0.38879400673775943,-0.02031942907032266,stable
7.073515281608354,3.328008765625162,5.967754986391933,2.1243291730552283,0.28194462153313093,1.9334737180351205,1.521147981931236,1.1198329624503476,0.7988344767537239,0.9618847944037404,0.3629415252485659,0.26531305969820135,-0.015710848763819472,stable
9.077370974157569,9.99026887862112,1.9389458426642543,7.479507786750267,0.9002601158874688,-1.753165655704235,0.7526833179779664,0.8296080388862674,0.137834781703366,0.6145827131250065,0.5486285451750633,0.9229326207980965,0.010095340401475373,unstable
6.124222544800981,8.889361785405452,1.4369340391663323,6.599962940985673,0.32127434952203204,1.016455564856094,0.8696302464317003,-1.7376098825217343,0.12490774666422663,0.5865808966151009,0.2620157542686153,0.46126831239188626,0.0004523397261969493,unstable
9.106695521029813,1.974144569835654,4.666503580526457,8.482512317132064,0.027876598574817724,-1.1842098999107087,-0.8424786455840696,-1.0212998395142412,0.45943525573063687,0.9506083047693404,0.3465994755682256,0.9340233884120863,-0.00287869215109148,stable
4.4489444755485135,4.03083310885475,3.049879236977414,3.0385543340829924,-1.1002607108643767,1.8415101075956488,-1.7966369016472132,1.741396394740272,0.4546201540996315,0.5763641558245352,0.4151177572378399,0.4048275597553285,-0.022834120245927503,stable
7.827905132954722,4.368762877376799,9.105762914064195,0.9058172847595543,0.6910135482856061,0.053072455573759836,-0.7251485005817604,-0.2944750389579385,0.6185835375393691,0.6085464567842206,0.08715396547511053,0.437293704328412,-0.0032372677977473945,stable
9.981640838963608,1.0621452826954256,8.397667077585982,1.8075622423006388,-1.8190220468959084,0.27976273133644547,-1.7439357915754603,0.20081877580944152,0.14750856755691705,0.5890307891215646,0.37074023243504123,0.15876769042535432,-0.003207697793830253,stable
1.2483121949177396,5.147958600698063,9.748273233114146,5.355802123165219,0.15412833189847808,0.8394486532539154,-0.03764484136346491,-1.6052868485537695,0.1851939280801796,0.4687282267748312,0.6995558007771869,0.8271532248861718,-0.007152290522853934,stable
7.218818350966149,2.3179069203561817,2.79173907530059,2.545564627006077,0.1149303675897646,1.9421147524321802,-0.22287798305887163,-0.4328577011782495,0.4381791948641459,0.878898756318979,0.32093808072404373,0.7568655585887296,-0.024789335518406994,stable
9.080018659384368,8.262326773812092,4.130841700110707,7.0504144252001,0.04748498476679597,-1.4455539973029334,0.9468197238959815,-0.8816339752720648,0.9897019158131698,0.7219891260929124,0.9179986734503771,0.3722301653888008,0.006299404492541861,unstable
8.997663591294671,8.928912228722629,7.352585948493488,8.178167758110026,1.9099960301085224,1.4022379366242057,0.838183792715729,1.909977279457756,0.963105871842616,0.7920794776742619,0.6108604342982586,0.5095915259150648,0.019265137267901015,unstable
8.791206609810914,6.395123300117341,3.8293430104568578,9.965198315170342,1.2830677983650114,1.7078724025594685,-1.8093565476608648,1.0072929117721459,0.7641768126169652,0.1505051122836268,0.5357473420213251,0.7339223953911969,0.011530419777323065,unstable
3.1480979884754627,2.6141926786255194,6.2093741063291095,5.818473482119912,-1.3466288804388493,-1.714773572145638,-0.3131950320055603,1.0791296186200698,0.19159587670535277,0.7244860955447409,0.5618917845724402,0.4848686804810331,-0.015338866547642823,stable
4.359858595890842,5.450433392493694,9.21114923912333,3.4958205764516657,-1.3256999087326244,0.09164070365443466,1.9792220332632362,0.865872891747951,0.85268340811183,0.7052869733716205,0.8869161290687565,0.5027861210522355,-0.008445208648123386,stable
5.326918613666525,4.506315373527941,9.209130928178688,1.0070809855336464,1.5702608297281144,0.3808375407567679,-1.8348395554571555,-1.4327083157793994,0.8191292005632296,0.8180812039222394,0.25264994167310245,0.5463613431690962,-0.012057493694371339,stable
9.711891719528625,9.281929952185006,2.988534839515154,9.674009691792932,1.9685115229474484,0.7078117770230579,0.19022774924734254,0.4186176362729217,0.2078329978359048,0.15488907279321704,0.9277499752888034,0.909489602912484,0.018141107263402248,unstable
3.022844421651715,9.369146816234261,1.1551566864292562,2.8461457307698645,-1.2329099970907773,-1.1794330788436165,-0.16997506155286546,-0.5043160402452003,0.1621202475317579,0.4119330008520576,0.3173869570526992,0.7237246286848629,-0.01709259003289414,stable
6.774712957994573,5.639009227931443,7.013963714935797,2.1683833942464616,1.9247667583776291,-0.8098798969006902,1.1152741947017146,1.5967326410537028,0.06410956582502633,0.25726934281260533,0.4975478454471023,0.16758217235471462,-0.0009423713944265583,stable
7.717901843831918,2.9698303992446915,7.193971348534915,0.7827542548710825,1.7673672782961733,0.46886022033844377,-0.5611207661741489,1.0252268005094032,0.77216313394706,0.8049608000346796,0.5765211951649412,0.2147247301975337,-0.015180704680514552,stable
1.8935382031408836,2.862868425389791,2.3644220069644737,5.454699544849624,0.5494849593478928,-0.9993379571907615,0.6094346455402184,1.0008223620142225,0.2153887831882732,0.6632567508819394,0.8920692043776582,0.35834886937512855,-0.02920649758825307,stable
8.768266066950627,2.3538036164506675,4.491270522977582,1.8442156665163125,0.9696967914143992,1.8849940531492249,-0.42712767690139763,-0.17391146312620442,0.36321997194185535,0.6896584219630388,0.42251272594244804,0.37535969184587636,-0.015609864376228124,stable
5.2996757168789,4.733905146556573,4.789972362302496,1.4541253799311677,-1.872261076870144,1.9007600403564258,0.5415870476028259,0.14762076282368897,0.07986658392502412,0.3220114908643447,0.9590950670070099,0.05272122141117696,-0.016374275301864936,stable
9.584810826643288,7.367499863396196,6.60388672557321,4.581327624073278,-1.353748818958803,0.8050304630250205,-0.6437139173094311,-1.3563667704481497,0.3373455828314059,0.460450223919385,0.3736582930463215,0.5871058287844638,0.01155101295630705,unstable
8.952065994315756,0.8232122247736351,8.889199127278735,4.332618884341459,0.05697969384321677,-0.6518894228762262,-0.5741643787035482,1.7805598848047048,0.34939183548136044,0.5690498964738184,0.7829715353641363,0.35115722952484857,-0.0027701119074468733,stable
9.500670232716317,7.277485542475151,8.8589392887405,9.16740958815152,-1.7849284432939796,1.7008819469673933,0.5899295673187961,0.7192526146457201,0.7259181273043881,0.8507926336934551,0.5966015227625341,0.05545149741490245,0.025867442724332324,unstable
2.2367704780981064,3.504792730790229,1.5689032016202629,1.2425841213756572,-0.8206991487409359,0.8100701415199154,0.9784756059726201,0.44737572614760657,0.5028684174135973,0.9838431933822821,0.43554832839202784,0.37973009043734746,-0.04012732381841564,stable
8.429166136239356,3.93331554513487,7.474972596380811,3.6769284249729632,-1.9599951910454187,1.1818973482087296,-0.30504891501132647,-1.3149581137959467,0.3344759076252368,0.32482691837724426,0.6152396044407069,0.5149372579727116,-0.00016144168525949847,stable
8.696783807103566,9.995876217251114,5.358187808071016,5.935917838193236,1.4405588946747745,-0.3434452603231146,-0.592856074547929,1.3023245259458216,0.9718575824187531,0.9066888487431004,0.13730127845139978,0.6188060244320249,0.011793645506320935,unstable
9.499143976796898,2.2638944285945923,7.418215106206862,5.933343534119817,0.16472224118082623,1.0020958138842317,0.03232571069560386,0.728373676441648,0.1324255664881388,0.4382137199454196,0.6785896580672648,0.6181068605198867,0.0034498135891918805,unstable
6.6706968926240275,7.646703945913476,1.4894623992199205,6.223750328830561,0.6950523896707876,-1.9705725115072394,-0.5351060579104003,-1.7078450232467994,0.268684306725317,0.13467061914040854,0.2974406108245701,0.7262128040207372,-0.002058507787085207,stable
4.001054596830212,4.215665916226213,2.7958967398461843,7.197290449534205,0.3267864738882902,-1.1771227577090664,-1.277131353795808,0.9445121126101732,0.9868000045473423,0.2735171187846172,0.06784390513109598,0.9026973895252651,-0.015629522833849576,stable
6.075474823143608,8.747271148879628,3.5346763892466377,9.627479341412892,0.23536564228470525,-0.6994039025737218,-0.16959874696583732,-0.5130336669235556,0.20447824195629294,0.750623028673916,0.07840224530682803,0.2329527547968696,0.013629972903037385,unstable
1.9998799093866204,8.114062092111727,3.290129945273555,1.9262006445272462,-1.2779594275136525,1.643017174485923,-1.320816970636269,-0.926413354422877,0.6368587760131709,0.6195436389274659,0.7884901175476686,0.1429162644175655,-0.022613362506281487,stable
9.96376866800764,2.392035016241895,6.802000170923216,1.3668586567187182,-1.9986737996739725,-0.8615892489599832,-0.701489847571048,0.09895272182953585,0.7460062660968049,0.4930250060334403,0.0891925090530562,0.2356676205455297,-0.006507800728915485,stable
7.361089898606444,0.596790024691781,6.320808666209362,3.3414050333477014,-0.02858882338800628,0.3082865588454555,1.9223263537631805,-1.9098341971465604,0.46404145878758063,0.3877208317436088,0.2838313100670662,0.12872200937512074,-0.01227134399272866,stable
3.7257887410929946,9.891356008622322,4.726804285706435,8.773998053178863,-0.530917070391324,0.7926533896859786,-1.7083029340885556,1.207898008049256,0.062424864714753246,0.4489750276600686,0.44605371898725027,0.08524604606090293,0.012581369434386667,unstable
9.229309804226492,9.913329179318426,2.540675967549314,1.673476057844936,0.09083325765676786,1.700339814755694,1.4195490034821705,0.5605403448181461,0.9979000592809947,0.49085343933484715,0.4308896409372216,0.7698303276590811,-0.005055389813712799,stable
7.267713310344029,2.8210634324102792,9.575410512999618,5.473207402298757,1.6094078653120114,-0.9274881362157736,-0.10326003937104788,-0.4042953721705542,0.4374280552832699,0.2956131676054593,0.4051495524340672,0.8303497506181905,0.003000784015426779,unstable
3.664683167619324,2.8703163131990883,3.9218840053361843,3.016795302769226,1.3891652675039765,-1.905047089354532,-0.27781981743358,1.2935330062810455,0.4800376348602431,0.2223951211129565,0.8229743117224344,0.6009488749755035,-0.02694758274104614,stable
9.329152801853947,7.826580846056194,8.639607848322495,6.360458500499143,-0.36869610176564294,-1.1523488953836707,1.487417243844193,-1.7422616337828192,0.08223524409364291,0.612260163601823,0.680770556083811,0.44776533902221327,0.021274343477822,unstable
3.5812477977817014,8.141704922208177,1.9694598928524383,7.7975261596023255,1.3951330592907278,-0.3800529900326839,1.109474222781449,0.8372830012416244,0.2240994158923219,0.5057273952790662,0.2329814165030772,0.7971159387817873,-0.005074773901169663,stable
3.53962972277772,4.6686548274168835,5.9551910694140835,5.195869863632518,0.3245304436674874,-1.3343135728051077,1.4219141541944795,1.294497495916409,0.571507809651243,0.1888150672594875,0.7797591823604062,0.9917636612497679,-0.014260864894501521,stable
0.7823846109475109,7.464824602636336,2.6487696174362068,7.488854395068837,-0.2440375345892125,0.4643798871441329,0.836939566396186,-0.43446753986573095,0.8565193341041806,0.7907549809497388,0.9118956395602249,0.8364628997738145,-0.021016081206717573,stable
7.158626882232987,9.573039911000457,7.8786621630555524,8.708988549181601,-1.394036265130267,-0.3467285134217004,0.07039245754350576,-0.41788451856985276,0.8510943621245246,0.44657994132696016,0.07328037562325831,0.7566856724575795,0.022660092006014862,unstable
1.5260149810267436,8.14218369846142,7.069036933972252,3.079226215207492,-0.039234782746922825,-1.8209759019837821,0.5260492424917005,-0.07075358415421906,0.8303227547846102,0.8752676717611736,0.25756559012044533,0.24872492974070148,-0.011518250160364884,stable
0.962386343068216,4.752113751551163,0.6679424703997947,4.674025579628654,-1.9828631183073266,1.8508364178725571,-0.6389731580351481,-0.9195611087857611,0.3038540334846542,0.38322739525720795,0.8729481714725591,0.5630377565461498,-0.03297416642218329,stable
6.732643684683244,8.722791890146938,9.782337807787703,6.022963286104326,-0.10774482170556432,1.6271970008062566,0.06403651894772588,1.0533980085850057,0.6633066504187886,0.9597511335370162,0.6895265952945199,0.7735227179399566,0.012721306185854132,unstable
9.699374465461302,3.5675863412959328,5.819018160478154,3.3096764819503495,1.1711399688332982,-1.4774307639202071,1.5975324841285206,-0.021797920227159207,0.5823432457948315,0.9360935791252163,0.9356978402792702,0.6996831006000866,-0.009779950206032676,stable
1.1096747596288248,1.0868136421647356,9.464487421925249,6.043041243983296,-0.6338768207590748,0.014497453842596375,0.7109513313113376,0.8137640836423903,0.3608575636782578,0.47832447983791915,0.8390729487108852,0.06749475545239662,-0.014468706069142035,stable
7.7185442878507535,0.565136045198372,9.068717390937547,6.763096833845083,1.8643173050665522,0.9673691312173807,0.68016846738651,1.527096429813898,0.7562580430507112,0.2276549823746647,0.20995058574493747,0.7771638733904822,0.0004335989717754122,unstable
2.6722746744430976,8.053401560194002,7.595256339989266,9.532763473681134,-1.9216434193324647,1.8810304199298393,1.0752601736919907,-0.5334630625968066,0.4866786550553527,0.1765568744691774,0.057360863370348215,0.4392577232599774,0.013834969539994461,unstable
8.681713963654927,2.893754569307884,7.840995360284321,7.232014578309415,1.6617185021036307,-0.7883875620774932,0.004866553346574154,1.0637789011063243,0.31797327883140564,0.5781573838598522,0.7642976856854354,0.9088357741046833,0.0037748755664844813,unstable
0.6153707143440494,4.358521205664562,8.04279885063724,4.508364966032979,-0.6628051360786182,-0.7189642932754992,1.7647911300075,-0.41990018496320225,0.09547833425343955,0.6991394273322646,0.2152667823072641,0.7847162452710055,-0.015160364604122798,stable
2.3444178854643836,7.124774668220013,1.968470958729272,1.357612674294106,1.6768017512979303,-0.30857428224021,1.0173559316960232,0.14709651577681981,0.18354918456477748,0.8981975312008644,0.5097269317892039,0.8509491972365528,-0.030223923757187555,stable
9.76388007494352,0.7175005751510494,3.6274033907543477,1.747680986643944,0.1382856580551297,1.7088350022051748,0.3698859266089731,1.5646231672552187,0.7423650378346867,0.7630041239240697,0.269505996064934,0.6024376668258116,-0.022245401554515362,stable
5.966209510920052,5.389510610907768,7.516115780459139,8.76263084323618,1.2869131114471672,-0.09654919389102457,1.9271199092800027,0.5172641427111242,0.4559813068635739,0.9302823413448631,0.4296964611776091,0.6534022829703359,0.006739354902025936,unstable
1.7513316262153618,1.6515818560291373,6.2272390923027645,9.266825006657847,1.5284932437432261,0.8631572555203677,1.4154959947516979,0.43122804233556256,0.05194568933216244,0.7937107382301044,0.08180805380685247,0.7528634593158423,-0.011159195750412037,stable
0.5448338930200416,1.6882897280239462,0.7160825708819045,9.012655052698854,-1.196572317526964,0.8312447303268904,1.380647484842553,-1.384124100186248,0.5925885208638081,0.6101397581712258,0.4593915132285242,0.33915223839297665,-0.03010170704172081,stable
4.3858060370131255,5.919550055447833,9.704775270401468,2.5351130023577197,-1.419294639915305,1.2829104296020568,-1.067003282061067,1.5499504875887933,0.7337595253120347,0.5720846311274203,0.10281913157637751,0.23164517339733798,-0.001838431394015497,stable
4.627051193717897,7.441071452560565,9.999211077702162,5.376273460693669,0.9187229999491482,0.15508355777640181,-1.7233773711835947,1.5613733544436945,0.5406120710182993,0.135557997766517,0.9303092537299074,0.7409416385836664,0.0068719131561937735,unstable
5.561632266252027,3.9348926840197422,1.6727008771728893,4.666568716774516,-0.38862216939167915,-1.9987756077485415,-0.4047251091775541,0.6777840552955423,0.5094858533349584,0.24208588546810822,0.10829005484714177,0.8899708461593976,-0.019159676838500096,stable
6.967580167515103,2.536153105605126,4.871977861773323,6.198376150861027,-1.9165478176917583,-1.8670654555843935,0.060092718059747696,1.9556705576008353,0.2678566137407348,0.059649334309502464,0.427181239331351,0.14864907519652826,-0.003081463098504134,stable
1.9627638125958051,4.949490056013637,1.7955407063688715,4.041086848741646,-1.3062949606984269,0.22015968633752747,1.587221766028943,0.9313602857110248,0.6353702507854393,0.23494032592591568,0.8284055771840371,0.5015015862564903,-0.029128885141459514,stable
3.5244457751214178,4.392046548116623,4.432504716248101,9.70714625592084,0.1808653721103779,1.8774243200239584,0.8565296812773533,-0.16496284812451156,0.9347161529772372,0.5127491750319025,0.32091137234706824,0.7546938944824878,-0.007474994735676026,stable
1.003364354433363,5.194135672687619,7.348219014988054,4.63559924502531,-0.7394336110893236,1.7434358273528776,-1.9393024254776328,0.6895664936595525,0.6647238986442828,0.6124011316754231,0.27614490249045165,0.4135885726730973,-0.014380996809580411,stable
9.966786721559583,9.371031346896032,2.07434003283138,8.664054501270947,0.7114478193616707,1.5938862369800084,-0.5901591780451678,-1.6300543200217552,0.6974471719974019,0.3189131043924865,0.6069337189261047,0.955383225332638,0.012297145403151704,unstable
4.5265779580156,6.554463186763979,9.286211345921611,3.245514510224496,-1.7352828319955265,0.27813846974495515,0.3906856846259985,-0.050109915890999,0.14693350533634464,0.8886401068680836,0.8866148806315682,0.5478740189925665,-0.0033183950568286043,stable
6.94560855501349,1.4082452143386344,1.7341353172374325,0.619264967049355,-1.2356315190538285,-1.4235302660511366,-0.3331056424574004,1.5915175947920668,0.9218112345726037,0.9358796888723333,0.6672511503895205,0.21378442137580322,-0.03692549734195402,stable
3.2100005334796977,1.6683804075935944,7.70188944234724,6.428112452101972,-0.15801604626883492,-1.1430379127650658,0.651278739645992,-1.4531986556311418,0.30915182144318903,0.5847282180466357,0.15049165669399206,0.19759222703531004,-0.008688862527289374,stable
1.8510698314055811,0.7978290855945647,8.531249332583148,6.521008769283079,0.10713933609841897,0.6606273790625501,-1.49440809320784,0.006256058888602478,0.9831669566619926,0.6151261221468358,0.966717305266236,0.14722608210140642,-0.019308289783716424,stable
2.33857826363894,6.2532876880462425,5.291121281481678,3.6029811905410702,1.3985272544156708,-0.7121122726258413,-1.1175494451677226,-0.3115525182958603,0.8941686993367309,0.7647917194529759,0.6647658753647855,0.22158494451974636,-0.019011635134101368,stable
0.644308262357096,7.83821247225236,8.33174777109187,1.5216679071689099,-0.23849497389658003,0.12459748065268084,-0.8422575324243589,-1.1863973157771732,0.7255544927431157,0.9142838340286091,0.23190577873504142,0.6996229535469857,-0.017016994263093162,stable
7.038646710749548,5.153392601008215,9.018084901784293,2.43129488741017,-1.4914853380053894,-1.5762714809521716,-0.5877826084139608,1.6279979525529669,0.1634034737040897,0.8675952319568222,0.7968310065139819,0.6218405717478747,-0.0031448036672332633,stable
9.902050645821257,4.390917889948393,3.665577915902654,3.2906756408711697,-1.6856373852389832,-1.5521425915024172,1.4541878483810708,1.239175903006839,0.8180806953386882,0.39147805098892724,0.35651448972192507,0.31834381069461415,-0.006299030002362085,stable
1.3702089024225295,8.95712506243977,7.152231266917227,6.269156247835325,-1.0459917989724783,0.38225782150727605,1.960445125132475,-1.8998681825376953,0.7585758217015122,0.4262551355989468,0.36260535172968805,0.11952724932480441,0.0010369859072623736,unstable
2.0697799095048888,0.7797788831735446,6.033457871277424,4.607320078817055,0.6309619162558575,-1.871353237758147,-1.9197660876576843,-0.06693296097380852,0.12080916976741353,0.6962169834460888,0.6074812769625412,0.9477706796446946,-0.02813554869217142,stable
8.11611984586959,9.691785219470502,2.7988878986082844,7.592258712327879,-1.33403605673591,-0.1555404864814851,-0.346158205098714,-1.4205895273057347,0.6746958161895813,0.42600730667480446,0.7345921693025149,0.48793363106935306,0.008881484574509378,unstable
6.545695150756784,6.596107894942462,2.3653751033523376,6.165256967853984,1.7855665137070975,0.09820997609111703,-0.24010516158922668,-0.05422822282624207,0.19963725041282526,0.5089363508411264,0.9818522998762428,0.7719756243844466,-0.008130919835309284,stable
9.504098206419933,8.344446885162242,9.657331016221416,3.92357279053476,-1.0451563363895162,0.5718063572627696,0.2741634208968202,-0.1702528923721447,0.4923186501313955,0.7040132981932078,0.9399942945089534,0.5725680992709901,0.015029150535323143,unstable
3.964764622669459,7.8107891711643065,1.1595320268416516,7.519134019507597,1.4928574143388507,1.4956909885269076,0.4972804513464073,1.668708831317402,0.6012674770383414,0.11143722764138385,0.28575347971647425,0.6998317047847414,-0.007355899845447166,stable
4.566592445927716,8.907258682534293,4.507656047693711,9.684906784637741,1.663526842543213,-0.9644971454225653,1.9949473901097385,1.2015163515862706,0.536651557310341,0.3857552023208853,0.958772876300425,0.0777495350782563,0.009371389046934115,unstable
3.220823989580694,1.4890579352842441,8.107401835084467,5.67223724246642,-0.459404012286059,-0.024713630586625346,-1.2489312817148783,0.4090176009394737,0.979629645899901,0.25306916808137503,0.10339966677497368,0.4631692163562765,-0.012772535979523075,stable
8.141697335132779,3.540405381729905,8.415257552116413,8.100437341028863,1.9319483316976207,-1.4424984415708688,-0.9082557286855488,0.04887500317094151,0.7609959423377497,0.15275448207187592,0.23020022139227525,0.9895835230615031,0.009826823180702883,unstable
2.2814049912862027,6.180131934367771,5.765549272123126,7.123415433480394,0.8801156019710654,-1.511819760826806,-1.5096950302194472,-1.8002009893205009,0.4595315485660483,0.34865881247609004,0.3430944027505395,0.4038286993135101,-0.004399313237387211,stable
4.108108425963486,3.2836689769500502,8.996212471125666,9.754346871711432,1.3096820435833516,-1.5056639658729893,-0.24354029616223238,-0.47430785350649085,0.7683430454619476,0.54466897400701,0.36186673358010507,0.4174044262013895,0.004894425968124318,unstable
6.764281355892271,6.127738436420397,5.50881006190313,1.986285432357409,-1.9269215725266724,1.1088365942519678,-1.1534584712518003,-1.1935910263590581,0.32999700701608803,0.9035633757616992,0.48053627979189717,0.307792049505091,-0.009141655343940864,stable
9.177149311856287,9.060051524640258,3.3383879554671885,4.625337630136991,0.5475594128185151,-0.07990312143164946,1.2244592716638816,-0.19632870348802323,0.0701146628697277,0.5002764440241518,0.4837971240294028,0.2863150779869131,0.00879979951070083,unstable
8.2218813543964,6.895355405158978,9.178025332273878,9.124743214513446,-1.720939489234294,1.2355250449787305,-0.5721234518100689,-1.8390102680837628,0.48981133151553946,0.054542557098690624,0.7995485487917633,0.7497595728521004,0.02308170321456629,unstable
1.3071448507925647,1.085886971256307,5.608102432893426,4.504981909204198,-0.17418329046460368,0.6463143341477289,-1.7979575217331933,0.33947188613272594,0.8821717636395243,0.31196945821122607,0.9569346900650756,0.8747185522106464,-0.03386368191026613,stable
8.708755197566601,1.6696023699021567,3.2450199332761374,5.871314619895807,0.8620206868626408,1.6951615627809464,0.6940017055269605,0.15142024928716014,0.251499501152478,0.7825005919597224,0.9013111095181882,0.8551012761799262,-0.015215332092449827,stable
8.017593824211069,9.748367097134503,6.276195082999543,3.0073356208309905,-1.9590123203302996,0.1793411264284006,-0.027449188543062775,0.45341086317700086,0.9712710924260455,0.4821555790020714,0.8807205672386945,0.34333216456015175,0.0042363320468054525,unstable
4.971976490969305,1.1692551424300126,1.5616325010779453,3.334310055561586,-0.029153693911985634,-1.8364717409722742,-0.28043133058091074,-0.6831098794466928,0.9842199290250802,0.187836814753983,0.2315366270635486,0.5533794047499789,-0.03219192840286583,stable
5.760877626033892,8.50346705283313,4.1643777117894425,6.057996860483781,0.12766980666129868,-1.5302170138959372,0.9731939688265516,0.7437016301476751,0.7438595683815806,0.4759750170019508,0.7397997070993635,0.9141996111969215,-0.0031523713905484783,stable
4.710525757795409,9.87308505587351,2.136559344532986,2.881995854949324,-1.9726938587352065,-0.7019849094184587,1.975963104710058,1.5602828763460646,0.053682579552012506,0.5404788490234489,0.41020789732019675,0.7538668928858179,-0.009785766061029304,stable
1.0268921189993585,2.040779104100693,5.350891338123747,1.2218263983998914,-1.5082943373579099,-0.7337204405323217,1.59556042415285,1.594245439584712,0.3002198209019375,0.5052161211321287,0.8105589578168838,0.33329109658463635,-0.03564545758311871,stable
3.5426782733429674,7.188581307039188,4.011300760877647,6.557778399922478,1.667672459365602,-0.34013972501763545,-0.9606437870092459,-0.7558697666575265,0.4951440071412646,0.6073252735447957,0.39833222718083117,0.9425225361821243,-0.008965773367289378,stable
9.174302989226948,8.176235654230336,3.531944514460156,3.8496233473268764,1.282217849821825,-0.7575650168877761,1.9295171638759507,1.573305890501988,0.7519058253861702,0.6111396553797557,0.8974762320813237,0.7899284548848817,-0.003421984575549866,stable
6.187063736590317,9.538653128103189,0.7485723991142994,3.95204965545667,-0.15439060984417052,1.8567377857984706,-1.634773749813332,-1.912441779235602,0.20463840185066834,0.8181109351681335,0.38395883041688633,0.90085793222983,-0.010471983200166405,stable
1.432727975675578,8.509405515165504,2.458256586804312,3.374439881033483,1.2307701035803085,0.3261594828596923,-1.644621739850411,-0.08262535176566299,0.6241024937119329,0.6510829547340264,0.9286452844390314,0.35188543415454593,-0.023341505938500498,stable
5.738688609273087,7.613219322897768,3.087002832006578,1.085318059719501,-0.3983123497952965,-0.22938082833014217,-1.7856317489135534,0.4880626583027188,0.16811909359891308,0.4537037215387775,0.5788963531639705,0.8301185440231978,-0.01634361650188196,stable
6.375095810952251,7.81841531127183,5.304356523197781,4.259200310295231,-1.9438102235604897,-0.4219520320740675,1.7290826945868,-0.18649174168335092,0.1634020606179723,0.546840015380098,0.28251165508639026,0.22426242019121428,0.0033075891329143623,unstable
8.206766983837664,7.89207952729673,7.420075339020454,1.8573260294118985,-1.626994499845145,-0.0718689788812239,-1.8158449823315355,0.9538745569975604,0.4842945118312212,0.371549072012134,0.5269471165787221,0.15727503026037754,0.005740291045504582,unstable
6.025064742030362,1.3655708844415275,9.469702473826523,6.519031037409411,-1.1781893569322497,1.517988416919195,-1.2194205432150396,1.1050876823058604,0.8372778851549425,0.15564240654040834,0.9164102757239942,0.8463895183235437,-0.0053301775844448816,stable
2.412766066290131,3.7089426847587443,5.431615152304074,3.5308579591067453,-0.7819830676861255,-0.9721027714827462,1.962839713282801,0.4458055251317683,0.07295613789616799,0.9380988610876184,0.25181071669421246,0.9268889534595333,-0.02323831868953842,stable
9.714320165380967,8.624024212718584,3.846700231856004,8.50562403437214,-0.28871924311187414,-1.1997680033423692,1.8826559590520358,1.1348228790954193,0.05575149982155281,0.43919304342483895,0.45200592233054027,0.513191069503767,0.019425963935415742,unstable
3.314516447588682,7.510057854933713,3.651251746005628,5.002642424252047,-1.2207375481173282,1.2171040601682752,0.5508640310311264,0.724798838313125,0.26573980290994315,0.1631520440462284,0.4299352838324917,0.4884955742055189,-0.008040442343020733,stable
7.390957366257189,9.540167631923905,0.5374287655186658,8.180839280870195,0.19416500750031007,-0.17623223296936352,-0.017948337000339265,1.0779808489328668,0.4058194427989393,0.08762523780799707,0.910367429423483,0.3281033443161875,0.005463905339691854,unstable
7.033391745040399,8.491885429299934,6.846026059942066,2.3221564157562855,0.4848257651266503,-0.9178795606026853,-1.4570865663509123,-0.36055624560297295,0.2215267018285617,0.27740893506843584,0.12350092574834773,0.7032803819639719,0.00510506440205013,unstable
9.271129108374831,6.694354630327936,5.113791342658945,7.951664356826559,-0.05231130049453592,1.250123272984497,0.6135273286653566,0.07958549108820367,0.614452468314849,0.36282480979712894,0.39064421170868135,0.4763330951784259,0.013356075670475243,unstable
7.7677550048404775,5.5668136686872565,1.0031526036834923,2.1592692567744316,1.0046639931082315,-0.21264205620820809,-1.3266729418152736,0.5117070061708162,0.6734558250968561,0.8170324887318828,0.1464251001958024,0.1682821371531573,-0.01778350142092435,stable
4.183197127569116,1.524468267301827,5.664624248756695,0.6299950101268986,1.0472398908765257,0.5879336761541123,-0.13342293412572825,-1.733694935314353,0.2940548045499025,0.5289355244453199,0.2202344029346755,0.47367042651255553,-0.027578764157825925,stable
0.9561655224700853,4.621288402501151,9.909178612535484,5.517206513396993,0.19033642698057207,1.1121863970186006,-1.7092601477382114,1.130036924698023,0.8396454703117864,0.5037120755369577,0.43349650247033344,0.5491172686233485,-0.009120258957452849,stable
6.735209164947658,9.638498314746547,1.7241435198531878,4.416187337823999,0.4722183769240016,-1.3199610688807697,-1.4181659770042043,-1.6548871186991683,0.5980006345946662,0.1921781961607001,0.7716860481116273,0.29351131030796185,-0.0029917851024463087,stable
0.6129107302772581,0.9409825589794629,5.340677599595778,2.5702041132893765,0.24595040313131644,0.7681142239130136,-1.2740031762722568,0.888980361257429,0.4543824843321321,0.3768976076648989,0.09192405104065274,0.2592294154714923,-0.03225023028719119,stable
0.9978276552503763,9.66081389178631,6.5103590553606745,9.510454323493816,1.3007265367851977,0.645971534831133,-1.957114458955798,0.6092849479377604,0.6295973729005165,0.858241818922077,0.36287637559457137,0.33573495321818564,0.005766384711551187,unstable
0.7200317778449291,1.3909166468674292,2.1004327876810125,5.980288405202186,0.12630261158724698,1.861064215804459,-0.0463308125465236,1.9498592141641216,0.7682803635586897,0.9573753427929899,0.5393034567673863,0.29115310127638017,-0.03730138727798834,stable
5.944739584386591,7.772786547128282,0.6912504473881905,8.633533411972627,1.3336743451791095,1.3025542524187235,-0.4636163648227125,-0.4073481007350468,0.24797901860888155,0.9690313067050312,0.26810197124496193,0.42390363194460856,-0.0019393046653281964,stable
7.980703858869575,1.7325252053200004,2.693046307771696,0.998203540986869,0.68424990490516,1.675304833976344,0.35876290977281355,0.5333206872649057,0.8970702761980599,0.868753483602664,0.5758002562478802,0.9335943190748698,-0.03286489439324702,stable
1.1673945620738335,3.5049057426238974,3.6205454817768583,2.068546888991834,-1.301487839938289,1.4286144583002192,1.6281507036698684,0.824006798386804,0.19131567530240362,0.4352568354062209,0.2719820949216993,0.7619687049012359,-0.03239913486399174,stable
3.533316666971169,3.4096427857246647,1.3375005758294596,2.8176896157990226,-1.2483897541487585,-0.9535499233852494,-1.000770273610701,1.3389191281483752,0.7052163870383583,0.13873635529478662,0.23472622905788498,0.9574493421336998,-0.032435267456812855,stable
4.1022052971197445,3.873433627140729,3.7946687296424217,1.394939330147339,-0.4793803992666432,1.7634363008334177,0.5417310235999637,1.9662168454510818,0.6405345709253835,0.6538013078071094,0.5203348287727815,0.9474965800639351,-0.03089771897772046,stable
9.044598134133166,8.657948983655377,3.183973864045833,9.92984950774412,-1.5864507010438151,-0.15459524399487057,-0.6392003551525254,1.8367424707239834,0.19948242144404832,0.4362159968048927,0.340526720789785,0.8988762702550255,0.017665419177477472,unstable
6.640192751689192,2.218373615748609,0.6637627800016932,4.377291735836362,-0.45268991517772106,1.9864961135817212,0.6464677198509863,1.0764681447862579,0.7331534564053117,0.22371509965484848,0.31049676964788897,0.9798324492355841,-0.02648693666652853,stable
4.345134481586264,8.777804016751395,1.6714696190211862,1.4271064524852908,-0.7661103867295846,-0.6085850820070191,-0.7412896730154688,-1.526534706696172,0.13047610658293712,0.7599514750156768,0.6384301621400208,0.2710256010990208,-0.01844563029957794,stable
9.259083208193712,4.062698232848261,4.860044534001865,4.746165690715683,1.0878530199691583,0.3541025038058039,-0.3810589570425935,1.4467750163010153,0.5024358260646046,0.3220931433116618,0.8539066535502251,0.685776339974297,-0.004501080650105146,stable
7.027746476782271,1.1796284539529729,8.947098169583501,9.672667922224948,0.25350088073857124,0.05750121979871414,1.1415691641968664,1.4915786167858425,0.6068571481822546,0.23559529926772593,0.3614488772803118,0.07081009720511246,0.010694295446682208,unstable
6.886341454190843,8.842420807763562,3.417467560421506,6.122207826985488,-0.5302106342305506,0.845306646861145,-0.007749779200695084,1.8339529592450416,0.11667990832381372,0.7955180466571349,0.11183507783000654,0.1316478585149593,0.007392689666773919,unstable
7.264886131220878,7.787797916616167,9.468911264781408,9.4277700829928,-1.7978930743142736,1.1376173263067249,-1.5632759594710102,1.1331889595091917,0.6254581171438919,0.9498509463631697,0.7510276623924468,0.9603786454410204,0.018439836632325485,unstable
5.647364933994707,4.7478945225915075,8.340686572761154,1.8488675262097438,-1.8019039005598358,1.739451667264651,-0.9023823119394918,1.556616990686519,0.717519899090382,0.17796840054370228,0.6788680544386039,0.9347591353851711,-0.011083543558396516,stable
4.941236057524165,6.712282104865378,7.936723106819426,7.314820279669056,-0.4200697556217552,-0.8974862972060311,1.8137786375655893,-0.13910479096648176,0.7886488291913254,0.6390866197394293,0.1307535795609693,0.4273956196609609,0.0073332306314316306,unstable
9.738670421109354,6.933875181262953,7.576373972284,7.278862157907648,-1.3178379520520451,1.9461587227214965,-1.9862683521052045,1.292882328693063,0.5432776914593904,0.7465978912641681,0.637480337080185,0.54510172414488,0.01645716611166676,unstable
5.9323566433478545,4.298884786290214,8.897293120401327,5.610416176810997,1.840118487812139,1.6421782516746553,-1.6735377054936311,0.3332641640977898,0.9802343599012687,0.595021188495474,0.5040631388114969,0.9219758014601109,-0.0031590956262157674,stable
4.3588774602019775,5.708816813740978,0.5304809248920312,2.843283084199182,0.6956535081731356,0.08972664111480144,-1.8603535972778933,-0.6045183484436274,0.3335258603357959,0.5559174233388684,0.4933781775659543,0.10234759307455464,-0.023822199563990447,stable
1.3889722900608423,4.335890363864059,4.158539594885192,4.503864436996872,0.26781250813094326,0.09256729774210237,0.4081859624210433,-0.5110310817431278,0.6979489768829333,0.588672040933309,0.8033825899446373,0.4172722842667913,-0.026568212745620955,stable
2.3264637946059885,5.050403237455754,8.602265331127853,5.43387733773267,1.8448455349843047,-0.2703358101554718,-0.44321394957835736,1.5538309631815928,0.4835237929546241,0.9806833603960096,0.6718943393891925,0.10392559049073516,-0.00766761116384714,stable
9.841251056152249,7.181648272558645,9.866940030259473,8.691516875204373,-1.0548385665935487,-1.9202561809414354,-0.27067744987633,-0.5415077630271825,0.19046299597663707,0.3619472679304957,0.6830398245875793,0.3721039398330953,0.030915620443797788,unstable
9.63619348223469,4.442998031147289,7.915529548320076,5.637722554861472,-0.25992143563291625,1.7340624372606146,0.9071280228319076,-0.08193470384102808,0.24175918285390396,0.9864943224011047,0.6625336279322936,0.37446592921566346,0.007754843729393992,unstable
0.5282733005595324,4.338639520606233,4.779803693001153,8.20756714389752,0.2332506446303686,-0.5298866687943367,-1.2799400683262512,0.7675344272715026,0.4957849688767273,0.7951711701584745,0.48727048754871677,0.6947553392717294,-0.01772920068411714,stable
1.2390539702588006,7.83225801668923,2.630061115743456,3.5508913983439347,-0.7229124808346188,-1.0093114044819775,0.044106089736784426,1.7364461524418506,0.9641011981560282,0.4407844398897627,0.8092153858565231,0.7512584522363063,-0.02669613612810455,stable
6.94945941403322,3.2763795539047904,2.613714856329522,3.5731605770285215,-0.9018949855574023,-1.9308626286417678,-0.5855383757486323,-1.0576166597678123,0.33971201436800846,0.1050164673962204,0.6719697317012371,0.7599082654073144,-0.018351246391123767,stable
2.571157854688506,3.7855022726255596,0.7269750390771054,6.784757695347626,-0.6672539601204264,1.1124729162466802,1.4250286983524179,0.026008294119924003,0.1615570099491654,0.6331262864093733,0.7764963598866383,0.9565071924043833,-0.027967452088900807,stable
6.804703676595329,4.562944488677822,5.311965730052952,9.952437484500994,0.013275171672264108,-0.5980173993063889,-1.2069728242972508,-1.0329316735673482,0.7828043705098446,0.2743020573299031,0.20111564311440683,0.7449214033253455,0.006564411078170244,unstable
2.493308981530133,2.6645673221549915,1.7290855556780862,1.4904214621119558,-0.07395700482663647,1.8274305754217273,1.4959685249238315,1.5512943137433126,0.2446571691463632,0.9145387939398539,0.23143410534033537,0.9880881479528693,-0.0409501327782092,stable
4.270005189434264,8.774391943043957,7.742207971671847,8.82748261304104,-0.13254156444770526,-1.6252152641330255,1.8880393664621526,-1.344592494930799,0.08841801859866813,0.24906831111569167,0.2556066494729149,0.9001994117695262,0.016568757338193758,unstable
3.5959188519909224,4.30175698422715,9.11843022716703,1.3165337657991525,-1.4500204716936849,1.0147402950419613,0.9348728566834992,-1.6149864705201544,0.37291445849174176,0.15767442271000937,0.35292706273648555,0.9366255599015687,-0.013269107946238392,stable
2.8415946663313467,3.6190276264857397,9.937335208727278,9.347466554339404,0.7379791106659113,-0.3614753158038839,-0.5486247486760778,-1.4921755798956857,0.6809083226863405,0.7982107850549564,0.8139255870160949,0.45169403471961606,0.0006398664923243837,unstable
7.863587022475682,1.090644113748804,6.648201245522114,4.636483011072871,0.6405935219589027,0.43221093429248825,1.5523844370161815,1.3744176952001705,0.5769426112032331,0.18320154343565492,0.531016672780231,0.5104667243399077,-0.008410849276746454,stable
3.3862313585293653,2.6244781280637466,1.8380523437066283,4.6096506532147,0.9742851315155732,-1.0775620596038284,-1.554710218080389,-1.7085339274527058,0.1879185746888708,0.5852541543963313,0.7917777523957489,0.9851316613618334,-0.031604379505427826,stable
9.18922394709255,6.235861796083778,7.800138991459088,4.6165750200257945,0.33745684275221643,-0.8751760474701493,0.5826249636749701,-1.645219105764685,0.6510411301465209,0.35719817793392344,0.12508551411944172,0.8995549260520027,0.009440100645393582,unstable
2.2928476817044547,0.9580170252626732,8.232696772748664,3.763811562273945,1.782785034111538,1.759668548975748,-1.7634215889464553,0.8279666704489221,0.5930410928676894,0.27569032843488217,0.786820217144761,0.5221432990700003,-0.022770042082612324,stable
9.001893033942274,9.72758415043932,3.2195280333502803,4.546038897154807,1.4049582938205907,0.41377145123145675,1.995733100290075,-1.1183864258702716,0.6763079666534579,0.3922683820549822,0.3468253972626183,0.3261373582346633,0.0075299147661880995,unstable
1.9581412525191684,9.959297102326778,3.6296077581541604,8.3334156694259,-0.7200194624149163,0.7022841725547107,-1.9950562907068146,-0.8332744656047151,0.45810051452255973,0.6011932412690095,0.6683671771618542,0.07043867611603465,0.0007106564107177173,unstable
3.311473002470971,1.841458511562327,7.331945196478816,6.726776258362948,-0.47248675650167105,1.0219183249868378,0.8813184405913108,-0.1081793569188143,0.5482271631239104,0.8920442061510987,0.9852667240511548,0.5128601992507579,-0.01666285904069695,stable
9.84517794526095,0.9780233896668244,7.739829535883002,1.3249101389090228,-0.4478996031697786,-0.3797974328065554,0.7952529632317926,1.5201176937210912,0.4437812844077701,0.2590388762333866,0.5804014996310617,0.6812805432236226,-0.010102658493179706,stable
0.9495204337001792,4.488034824398501,2.254878520924172,3.986156488767917,-1.0095597994414494,1.2204921818692558,-1.9968382400785418,-0.6239324899094885,0.4630840651250496,0.19219816661539618,0.523344043791252,0.6930390216612247,-0.030161850816487687,stable
8.463797657431439,3.0249765206289725,1.5181501801621338,9.210874377034637,0.6216566722435148,-0.8013541621193112,0.10373997075652852,-1.625596521799792,0.3531745454938951,0.8190420773914483,0.14758084074988898,0.9439508571736752,-0.005774244765901585,stable
2.0549922509290113,2.0703838735257944,7.0680084223111646,7.66728064956587,0.6372363553373948,1.5389638509156094,0.4259172536183131,-0.20290848235553005,0.954315303670974,0.6120058366620603,0.493567736483796,0.40612174205120666,-0.015178390103510584,stable
5.431409594510192,1.4774656269557518,3.302343658464728,8.485762273955547,0.01760292063256319,1.354621113195825,-1.9358683140642934,-0.5273727546328031,0.0731197911496778,0.3719668370005616,0.26096042430023064,0.6734962953186564,-0.01015526385413008,stable
9.602899809275986,5.134357195820663,8.194225881295313,9.779454191041161,1.6564484066949072,1.6291137943525205,-1.9744077519253542,1.4221646878506324,0.9772654553744696,0.42086537613987,0.964555485263609,0.21892698539036015,0.018869276182741257,unstable
1.6298340089663084,8.829763419292014,0.90836587791566,9.566497650706275,-0.9427906472878678,1.6873442946274166,-1.3089325328735515,0.10948911121470362,0.8165431674955699,0.6832349677756098,0.13164066562987953,0.7848532634149371,-0.009745207929379341,stable
4.08058336210025,9.866754601356899,3.120924426621431,5.3023830985510685,-0.7246129779879307,-1.8002230459476807,0.07207898728549056,-1.3166457202344346,0.7918533378942693,0.5192296671490533,0.38001260714056545,0.8412785884550468,-0.0067352572816205564,stable
5.32770966160726,3.718659538289182,7.372166127776393,7.315119337069204,-1.6604843890332295,-1.1028264003728134,-0.2223572091891466,-0.9395630555076049,0.3072402021942522,0.5659848251227976,0.6307324365250073,0.6658457726401337,-0.0015148795205558556,stable
6.696208879476766,4.269369635768234,0.9287010146555175,2.596647005075998,0.8747832155986965,1.7960873149764036,1.8417568372626638,-0.4693773111652124,0.36853673167907697,0.8338106501278139,0.4102236585790545,0.07166120886226654,-0.02219384490879977,stable
3.694261968553373,6.705202222340069,2.0450638838623156,5.133912676335956,-1.7949827436957788,1.7841301943898222,0.5947769492999311,-1.6784421791535022,0.2467237659034835,0.8668341060523165,0.7564828601772072,0.43530244676640484,-0.017580614016767783,stable
2.863094291060921,4.148901810097177,4.5738449764219595,7.445215447374603,-1.1506383016861315,1.2450968869645345,-0.013650497047899002,-1.7660869009637796,0.5184527194445382,0.8490606553395179,0.13966447724094838,0.8707350196679466,-0.014311923046078102,stable
9.124292933803574,9.1017119425934,2.030334855517312,1.6449480981726148,-0.7934094325010892,-0.049592285334009834,1.8500919572562542,-0.6222275776192392,0.5271386299424523,0.1744354909776501,0.4061839296408458,0.957694558050475,-0.005574043467839856,stable
0.5766470251930507,8.035008541759069,5.012361212747239,6.123661754125974,-0.42218623916708475,-0.5437473617952588,-1.8540795154128955,-0.3674581270382222,0.3511840180048372,0.8485950293696293,0.555431346131166,0.16623861158638834,-0.010238048690896775,stable
9.82162010129103,6.113241161302059,5.706336999640629,7.471306881424633,0.7650725819331026,1.2908312138762619,-1.4190261765784937,0.6855139625102273,0.587137999522643,0.8042072825360281,0.28224000410215744,0.7146862163815979,0.010839905346433743,unstable
1.9183877385914858,6.760239268712768,0.8871236626972027,1.1363995690751894,1.1358608419957505,-1.8266154759223951,-0.057186106885491306,0.02977465187881556,0.15454347393592374,0.09889668813341757,0.6162883680067789,0.863907205542436,-0.03191280308040117,stable
2.6947865849251613,7.271621555892722,2.466688805429009,2.449283424709018,0.44947010633676765,-1.5910535043369634,-1.2372796277929572,-1.8320041530437754,0.17700621446192144,0.23803961829416503,0.3484252288871718,0.3055768644821997,-0.01813928870323752,stable
7.450496734444293,6.778109607343344,4.106373367064788,1.5809011122106496,-1.24908988251459,0.4511106284763864,0.2556229365650595,0.37570644428257705,0.9670167891518371,0.8239614373111838,0.30333909416689664,0.4339925977701663,-0.012851847539342726,stable
7.654081354351102,3.8340123173019176,1.8681388703030035,5.75820646348185,1.4178291010318875,1.7604039677160288,0.7937583660016596,0.20328641017195093,0.2592498166279151,0.8591555830092967,0.3194081573429182,0.6166393804414156,-0.012486167173513044,stable
5.373681547724059,5.636714222901993,1.3593052547614521,4.53317317246423,0.10349922662957667,0.6631239040356549,-1.0547552382384966,0.0344999841062017,0.8361906908207312,0.8558967584833419,0.7149994114837384,0.73529365018046,-0.023454717060212026,stable
0.7047011988648888,3.307594456823433,5.8946666764549205,4.861810034957452,1.124909416991669,0.24957646492920293,-1.3167398822637244,0.3215247074545857,0.9370649935795189,0.844459920389161,0.2562219792259548,0.8112360977804512,-0.0273229840371237,stable
2.6152730830132715,3.1953994742904457,6.682169779630061,9.62214786338876,-0.26210092115805494,1.9791669783559263,0.9751509648335803,0.7947331067091796,0.23380370130179612,0.11332621307922197,0.2846906365834513,0.5030672134642822,-0.00038696332133741733,stable
2.475870281121927,6.903599763057777,1.2879190780436411,5.676692260677385,-0.9421157039137662,1.229028531225882,-0.6845970880730285,-1.7491694814942629,0.9933631488005401,0.17822225727047059,0.8407381909341115,0.8815218600598648,-0.023609023828073106,stable
8.977014261075556,4.559816720498978,7.3949838600060875,9.825804711560744,0.7290525234180305,-1.8092370532407003,-0.9207565704526548,-0.18847233563379628,0.13852557662110482,0.647437680121865,0.4862376734569874,0.14191395471603052,0.019823474458273482,unstable
4.858929838835719,8.487233327935456,1.2682727227796402,1.546500807122802,-0.8132062140152754,-0.3967444299380922,-1.982705191738003,1.2178994948961055,0.10632316485514982,0.67282941695296,0.9609045955332949,0.672753512850113,-0.02166171170927355,stable
7.790708989923973,2.590606543516308,1.3087894460453517,2.4785327377039303,0.13834067856409415,1.336507224033138,-1.5114495688193457,1.0909563549962473,0.9931905908726041,0.5394487527720109,0.12246978952788005,0.506214065153211,-0.025385021698654635,stable
9.109238464105346,2.9779413985205863,6.628706581844322,2.513703045149283,1.0355071130674354,1.9263145646057755,1.1539808974186103,0.7215464811675281,0.29756271700451703,0.712580240463528,0.42716991011021743,0.2468793001424064,-0.005346987114554509,stable
4.234934757092043,8.717825687795578,9.945504157160054,1.5278063552853771,0.24987438994457767,-0.3309276988427632,-0.24800956381496375,-1.891659301859197,0.7680154576597598,0.8015256646792714,0.6143306069470031,0.7060015088916523,-0.003384188797555799,stable
9.276901934259664,3.9016874225063716,6.95802330661946,9.684745726018164,-1.352129169694385,-0.3251003488588484,1.332015415149976,-1.1773124825177308,0.8141788684733727,0.9692454812719004,0.9295087720856425,0.9965699948928541,0.006005880389890302,unstable
6.963937096898212,9.736695931918872,1.550615514749314,7.825331357011744,-0.5842280281192247,-1.3439816559623825,0.2250036645920548,1.4993262209823794,0.3233175859475,0.44452058259569077,0.5605255111203751,0.5579851648053795,0.0057597055291006335,unstable
6.246169380379116,1.7566614092982769,4.841730086162619,7.195691620045683,-0.9467034405046784,-1.9541606935999174,1.0997671435130152,0.8127632161579119,0.15444060174310095,0.5828107660671589,0.9098218493621815,0.8036069691964953,-0.012152769692130444,stable
4.781472250284571,8.64292726040881,2.8869213917674763,5.905487379743553,1.643602336122485,-0.45245722894477414,1.36975839124884,-1.929318129353478,0.37080522026889307,0.8187160971510781,0.09688726562625044,0.177276169144515,-0.0017764030554426576,stable
4.700059225022071,5.748453069951211,3.152495115371093,1.4303780575373657,1.8665136105922748,1.5992848843248608,0.36575867723745814,0.5186058872590822,0.3426120117776707,0.38580725240927805,0.13448247427186535,0.7907422059381904,-0.020689756052280676,stable
3.5778728364759598,5.5984569730368925,7.100165700695377,8.911425587029946,-0.4809701854083235,-0.8204147609399972,-1.8596019266230335,0.1384086788905785,0.1805446760891405,0.8207629764095526,0.5321181830374256,0.3049609815272508,0.003777868657778587,unstable
3.1495833888380043,5.567496018873787,5.149450869504433,0.9633178243229713,1.349364858126437,-1.826830744618087,0.5059247190713831,-0.2305730997165023,0.7621541767261254,0.433489012572392,0.4755257647358559,0.17141337493899578,-0.02213829139101886,stable
5.108870954288907,2.233045322109559,7.0746716946570904,2.0485443374519465,1.9852069604250695,-1.7633014199231773,-0.34958107993765664,1.8052426681246545,0.6289951089185624,0.6877607011652644,0.07294087607120765,0.4471503388534245,-0.018021404353773543,stable
4.3727746810206085,7.867699951275243,5.676104126044729,5.713533256803885,-1.1987144767680546,1.0998975999634886,1.1033039977140078,1.088249026626853,0.10681539554526032,0.9436716571177521,0.6163465727325517,0.3477147834726242,-0.0009974620064797865,stable
2.992013172600914,4.333984022948358,2.4453503117969375,5.5467672290394665,-1.6766194310937403,-1.2725127296456726,0.020029961711458988,-1.8629545791972055,0.24231979991803942,0.17686550827702952,0.7596811861795966,0.32524686672461073,-0.01922527996453219,stable
1.2003975682419443,6.449434157785746,6.7785558473676755,9.867589537104552,0.4302876281142036,0.4673793316345223,0.7860291708240941,-0.13280747221612854,0.4452007899992092,0.49585742968394364,0.7968476368093161,0.6463522457363984,-0.0011813477348945403,stable
9.74605825561797,6.596076163977615,8.751470281232868,4.0024463976661,1.2688422388145977,-0.4563634232224416,-1.5065670807937104,-0.8296413819497461,0.7520543847118114,0.17224566063354235,0.12478333155817187,0.6928687151198462,0.014030367286119517,unstable
5.940948833534407,8.743045138202401,1.4827992593449422,7.828837904056389,-0.009261402507803052,0.5948365634738977,0.582530942606907,-0.17484512441186073,0.7664481421445974,0.10229682140831228,0.5234467694056171,0.6581312950460437,-0.0002625373021775037,stable
3.6916866592577056,9.304128186098001,7.831114338118251,1.094875071025073,1.5553194488730382,-1.3728014739403442,0.06887610542622635,-0.04028156054820098,0.11071953707097593,0.9122135119653734,0.5021691016332488,0.2994039729357151,-0.0043180199817789925,stable
8.482924238814611,5.603581084886941,8.060239741707186,0.8336928627996858,-0.9461680548325582,-1.46385171670482,-1.0871384638129937,-1.2388786182197862,0.4867533285173526,0.5312528647289902,0.3526388602568333,0.9462324040100832,-0.0041332924670452395,stable
5.126953009045399,2.4576214057991157,6.998114567907785,9.355211993225462,0.429211559361351,0.2007084592867936,-1.5143131240243872,-1.7598778287689152,0.9213737475159071,0.7028166861228059,0.08542889495473774,0.4410098303870572,-0.0009083933549581327,stable
8.44054351714244,5.491029964410085,6.57732521450614,8.897423532280426,0.8358482506667375,1.2089158067572185,1.0293856721927592,0.3643086289967674,0.42448993031931725,0.5841905573952809,0.2476875038208065,0.8606728339855678,0.01293060144324287,unstable
2.065282803529157,9.991485656214769,5.382705272554967,9.050538511612634,-0.500387809708029,-1.0762965954474866,-0.8153504977774517,0.16400312480610246,0.5080526615638282,0.3471488157193135,0.9277102744098839,0.8884362509617206,0.0028682905965050944,unstable
1.8831747306429736,3.2750825935256813,6.308683820623008,1.9270288691786346,1.2843274128634934,-1.3822412825775587,-0.9235529733878787,0.6463504361491403,0.26528143581029234,0.5742766458837023,0.7148339461696991,0.36416907527401604,-0.026107880480762805,stable
2.7349848361750726,2.7463960046191307,3.778887508304006,4.509082602605025,0.4319208909166572,-0.6783164110605471,1.3526793425824404,-0.6153059733788484,0.19456171586155296,0.462519859674718,0.9665630493174653,0.8470586635055832,-0.027930139062538512,stable
8.672160827893293,7.532844521644708,9.837639953283166,6.6892067339445775,0.5049582539739452,-1.922242371534471,-0.346077202601732,-1.2842344383333693,0.6939671500236694,0.5005108128244238,0.4255785173892843,0.25772496641175563,0.022440722858668695,unstable
7.763891240443662,8.959873944606963,7.666427660455101,6.658855340066439,-0.9354666836701484,-1.8850970167034324,-0.41680379190984107,-0.629376874422813,0.5602095768614349,0.12408265066889725,0.9707556360018537,0.15319157743475342,0.01858142325909571,unstable
3.616388044054483,2.355505161210684,5.369555062629354,5.11601162950777,0.5976876409129144,1.1790065666595355,-0.10215197019204769,1.8096872097517713,0.6182301383704781,0.34650067996581607,0.9267560143295195,0.6361426319698112,-0.0214944975796724,stable
9.368586521973024,7.271916352090047,7.930073860019912,7.0268860766666155,-1.195842258689241,1.593240078629211,0.3960799363300209,-0.9376558077321486,0.6052399066383582,0.8876588143554601,0.5686379148162337,0.1590332716959378,0.017890807489344046,unstable
8.673364960968312,9.55837920120465,1.0305486758109328,1.8376759982717705,-0.7418493266759261,1.9710885482482672,-0.8656690805212497,-0.8208766407289358,0.6789670052553877,0.12182074481710461,0.2682783825344652,0.2021583617134316,-0.0036062003809627817,stable
4.186765027927734,5.853215619244225,9.872385793991636,4.777117291080908,1.552554033544638,1.3564229827695393,-1.8001661661717354,-1.6504619075445124,0.6555635286257231,0.13352081377222957,0.840329745042006,0.1161958672375588,0.002995659557223673,unstable
6.19864370755972,8.905779713620086,1.8550452002411086,0.8717825369385509,-1.0882165588861334,-1.5494068164698267,1.3225393886032704,1.236661710929429,0.06261528018153516,0.38669732276536484,0.57639117657565,0.21592663673539353,-0.01163002418539106,stable
9.855911638290916,6.999453263243967,6.763094531996815,5.8907352528097086,1.7982198585107776,0.8349572029652879,1.4571987480368174,-1.551796794725023,0.06152876082976637,0.16485340936265258,0.2864066537519597,0.6560348869551478,0.01792886816135588,unstable
7.209838912314459,6.8429565201682605,1.8213980770648917,5.351627153811035,1.1950775938418086,-0.14997810076036222,-1.736504470573442,0.08623465354349369,0.7941096723702517,0.3559189748612492,0.4082505218852992,0.8799521321909735,-0.009126604848142254,stable
2.3785354239579095,1.7846066796781075,3.6172459650155884,9.188611440658185,-0.3471815128595006,1.8869035714630904,-0.8700025234149966,1.316722798776481,0.8820145921948351,0.6619158926812759,0.13824757733542936,0.19891596709611575,-0.016982971373263808,stable
6.186986610389995,2.6501009519930583,5.819141734228243,1.2324300000861852,-1.107929925071271,0.8423443539154407,-0.8835230121966222,-0.9849927487001064,0.8402470728439777,0.37916991413179335,0.5872486487486926,0.47984820291103286,-0.021710920951433788,stable
8.966885219266683,2.7790400834160467,1.9488138648192361,9.679629664623429,-1.6829647421595113,0.6163736303735496,-1.0987648617174495,0.7121835660879179,0.4456149683759509,0.884326489828693,0.7835056300837698,0.3432710607105528,-0.0038476686646813554,stable
5.55710981525971,4.032142151458096,5.8447588235446375,9.492874958264222,0.9565986184511956,-0.6052396333448238,0.9745074270812024,-1.466325545590066,0.16184747246812256,0.1069795134105726,0.2746740244741976,0.4556692402858827,0.007321363118122781,unstable
4.940067230138127,1.71361177890646,3.440028205493484,8.498011113512181,1.733690506913503,0.6371017500433194,0.48229353313382406,1.3794699359865605,0.5719058676571211,0.7717304142694967,0.9690823287089707,0.3121396500548612,-0.01664499548332662,stable
7.581242910195409,2.3507358839430728,9.725638486585847,8.501128681835382,0.3150004967035711,-1.5141238714356797,1.6327517845594177,-1.091724452963574,0.6252943281515252,0.7590053123332229,0.610482873551314,0.7773493476252665,0.006536205598092634,unstable
4.813420165517359,8.267527700092218,1.2166685912947945,1.965330292604547,-0.959439157960015,0.9820333181994201,1.05608848295349,0.3684715231751783,0.15734183510002958,0.7320571021064253,0.46631334338814784,0.5715205914704949,-0.018978797486553192,stable
6.5148638630749005,2.9969098938308165,8.838195741592065,9.691930802751763,-0.9462263333721435,-1.283575735240687,-0.1847330119788846,-0.7895899535396271,0.4756956696363592,0.1840218520711669,0.30024370008423507,0.06406594447885541,0.014984614921770776,unstable
0.5667547288652273,1.0583245176307,3.9695060672172566,5.6000950073964,0.45083365256224983,-1.9392766248380213,1.447459176782878,1.282933243399719,0.995563763130459,0.3598122811927602,0.1373804007980463,0.7758149294040549,-0.03335615606985265,stable
7.746704322193258,2.1130569895410796,0.8888596213862899,6.504065109317744,-0.5008431017786723,0.17901813425540247,-0.7693018349308631,-1.8901535857001508,0.31614490795696865,0.6288414309010399,0.667441296544018,0.07691014382558038,-0.015314973790042105,stable
9.629778450146144,2.84722734113394,8.51203330917003,3.270286430970292,1.4515816562825492,-0.9808371623504102,-1.1806212289888776,0.03964828477719218,0.1105171544348915,0.46352445801999265,0.8508009970226958,0.7140768435309152,-4.6283436491463895e-05,stable
8.529607382106136,1.9647672621076737,1.4679060095776393,6.467043239501312,0.8275058577187755,1.5416065352273445,-1.0510327827978467,0.6271082302345392,0.8653815503537013,0.5188828187697934,0.48610669293510955,0.8631860384624732,-0.017594475769373487,stable
8.2587582015069,3.6489790621731992,0.7160703456654065,1.991784729364149,-0.8060146636635293,1.24470672929065,1.1531599846129494,1.112690598687161,0.2195224129858856,0.34972543823500124,0.24424961112659205,0.4818549368190177,-0.01993778114905835,stable
4.999082827780979,3.3139611276934406,6.03556521820714,4.438871629623737,-1.7615231470905135,1.0616861739484356,-1.9737211552346206,-1.3063178544134604,0.8336365480426764,0.7744213885458282,0.4821657697120135,0.7387804660123481,-0.017176318853301085,stable
7.485915407772032,7.933190990878921,7.475398744035845,7.726638305344242,-0.5270084662581267,1.5400669793019985,-0.48484463124736266,-1.2562240051731521,0.18643143600727785,0.915994955493649,0.4934980023062218,0.7141738550866656,0.01500236737560853,unstable
5.147011482731592,4.411989777970943,8.47074363705865,6.947259576696973,0.7402568021906566,1.6448183586415381,0.7189648821912291,-0.1776249921507027,0.4953881444165513,0.6513870687071474,0.2078476398457661,0.23056682411506302,0.0045165628007227485,unstable
1.5786532558000606,7.699317735375361,3.326877148813729,9.598185705741216,1.2314725991683373,1.2494492350516686,1.1266519904883854,1.0597613801076906,0.06854236415069646,0.5470579423819608,0.2834236268515312,0.5733427019850309,-0.0018542485625201782,stable
0.8185852450170835,7.2971207220467935,4.588387705267582,2.002216891554631,0.3761236535791448,-1.4762305540556837,-0.17148658703419573,-0.4417987381909452,0.9680560025521473,0.3436329402266398,0.2556572132158294,0.8261672906365275,-0.025201790823440505,stable
3.807861780704208,3.6982875358539316,6.34082680214178,3.4400978535484192,1.0989135009430808,1.70411681457941,-1.3788159220803533,-1.5799024753360293,0.1101572813382051,0.9424687458434223,0.8760977059602574,0.17205321907547505,-0.01728619983046595,stable
8.447989348416092,2.8697507431874696,3.9672029562639666,8.141340190174155,1.3915295417710456,-1.898968703599698,1.9692720534835835,-0.6564068815032909,0.894850829795439,0.40470661904920674,0.7928768926996018,0.26696021708555795,-0.003231264698044821,stable
4.966567550001504,9.67098227240433,9.426371205453684,3.114897477336229,-1.2961920968217973,-1.7435854260772716,-0.3012156141761202,-0.81934596759764,0.8803372921500954,0.820856311021189,0.43054541122134543,0.6522553904099864,0.00402707423897628,unstable
1.5547250134682404,6.753941868515504,5.970405657597306,6.036868875228975,0.2740158709978391,0.4638745711885961,0.6588441825390334,-0.9250405340026866,0.059918230815941366,0.0926361088163975,0.9981206299484902,0.8155450538985262,-0.009041246580371714,stable
0.8187753444546926,1.4823609909012756,3.4457582889852936,9.513708821414102,1.7514025920763356,-1.3830002052507377,1.5036166486497344,0.7680789298099246,0.44823783437294723,0.2805953214004997,0.9874184836067449,0.5204563142977333,-0.023032031154001213,stable
5.5146552270921125,7.796351698806493,6.871275331426922,3.0858794815249637,0.6637008527830663,-0.6306864702124515,-1.6755490726806017,0.20675361424197058,0.551779287917933,0.5630069890885723,0.1366319165401591,0.8893891466409489,-0.0025336323538118436,stable
2.859886895560094,0.7831683566380508,7.351136470724484,3.8506216515753175,0.050685958405737974,0.6791804175331073,0.9968229349657496,1.1367571122599647,0.8617539204127413,0.07159145979122127,0.4181469472459894,0.998527385922475,-0.024638065130617275,stable
6.567823082037316,6.366439748224077,9.786749802705227,3.4334461168057153,-0.6880370497456476,-1.9941550196115903,1.5455571131956445,-0.7127237790183858,0.5878359193115973,0.7311508230851969,0.4477558320328825,0.47320365554890786,0.004186415724537915,unstable
3.30942284394358,8.772176043007661,4.141167162170844,1.2576399694334561,-1.0531564377545894,-0.27053949536165556,-1.3009318760195212,0.024143268571690246,0.6919696639344687,0.7930988260400754,0.13447132271656292,0.441081451748558,-0.016602091275809475,stable
4.714140628584808,0.9914807924317908,8.632363418183788,6.264896016786212,0.8099878852060147,6.942853241787006e-05,0.4373470862265525,0.8075442637199983,0.17637165008666933,0.21971557176953582,0.3563353498573221,0.27489417959953083,-0.0036293816165987947,stable
1.843209351634394,5.80988463036967,6.116984062794337,6.6224998771284485,-0.17009796115219,-1.2847836453728405,1.4046545924514575,-1.7965105369803758,0.2230732737347355,0.5207633921552806,0.23830278628000645,0.35937015783815046,-0.005726103245223737,stable
4.355304669706115,1.088598314954681,5.284866424429026,6.574644308219517,1.437525543811541,-0.04021523042831632,0.4661032917389769,0.6322851526384925,0.824251332722777,0.28784810098575464,0.0990751513247311,0.6698414683453087,-0.01614654597361951,stable
5.901972911076671,8.325373292657039,6.074263947475522,4.951585603335271,-0.9152560125696487,-0.5519705960548156,-1.0705594772545446,0.9738820030883741,0.08685792203052826,0.11363716956880904,0.5832077933371417,0.9911913519082699,0.004258518202137516,unstable
5.539476997185405,7.85245212004073,9.341223989972374,3.9531586102734972,-1.5289047237907032,1.389632820028885,1.9750334314375997,-0.7954279713451502,0.9717061128851695,0.5177761053591193,0.49396308528924615,0.37460834825283423,0.004925511034748165,unstable
1.4706437471605716,1.9178617760250467,7.692869448976902,1.961108883601035,1.2990631328150481,0.3597059635916011,-1.8630480381567325,-1.8158071689099309,0.904110790635036,0.4742035204992831,0.7505841759659138,0.4316586248424793,-0.03019657592030467,stable
8.670385011776574,3.616546228460537,9.269842940632929,5.982419399292022,-1.9064815161154147,-1.258365999336645,-0.7972282488510185,-1.8217923151767073,0.41304096965963466,0.9806382668648688,0.6561025301298453,0.6153866677216261,0.005522141778525282,unstable
7.281846732753993,3.0903894908023037,6.796655175465469,0.8676375245323581,0.9800438615411209,-0.47221218505688434,1.766838168001049,1.8756191055512716,0.1543642421940834,0.5466970336185252,0.20944094452753564,0.808093453589114,-0.013501656060760979,stable
1.9138974401436757,5.175558482589938,9.197195082365573,6.702942738655876,0.7006691545370827,-0.2071259486126853,-1.750312056446576,-0.698105710729064,0.11558199086798823,0.42545942254529767,0.5380721503764867,0.517157295894887,-0.0005073699390356363,stable
1.5474001857952362,5.54921146425286,1.5124901837066975,5.76257607250423,-0.3770884068740399,0.4680212588893169,-0.7037816795365277,-0.030554083148410793,0.6929561044526493,0.8786253023272257,0.2687361755840212,0.0778972541803154,-0.023661879417073504,stable
2.14695995935676,3.12897086148435,1.288903907433381,0.8092721883052401,1.2438004975639716,1.1833433358317653,-1.0231587897776477,-1.8952174906689785,0.7211044946039437,0.6841120421072067,0.9815539000262201,0.20621367419898867,-0.04452965326323247,stable
4.397310333093593,7.247807179018581,4.937685402097459,2.104033229551266,0.855408564074716,-0.49593155526536936,-1.108488823674092,-1.5667991239582553,0.23485992431073316,0.9619934298177841,0.5630008216262773,0.17625669903195562,-0.012963464014531507,stable
2.825900372780963,2.343004781900011,2.801181941292022,8.11034892736708,-1.2788265456052774,1.8413003779165678,1.2451991521820234,-0.22100175588695636,0.5696199590379051,0.9493503047559069,0.06776582862035213,0.29615346971334694,-0.019213357752287365,stable
2.672185148475799,0.9783113326450787,3.7026742313715024,1.897841456030064,-1.245798967575714,-0.979629453725495,-0.30780683714475243,0.008886977859210443,0.30389901352681137,0.12250856489435055,0.47179191218581884,0.340674613911259,-0.03306684010128509,stable
6.462657448136596,8.173260034855707,4.307638258496758,1.2434160700416166,0.9617429886245881,-1.053904947630774,0.6332442689396292,-0.9139085490566119,0.8605212354643249,0.7299681042047356,0.16451885598535637,0.07601836672205481,-0.008687703283055669,stable
1.6343867403403614,2.0249245938054354,2.455480031927814,2.6104339287066702,0.9768654869312559,-1.9358935050376416,-0.5231914173696501,-0.4050256250369313,0.06451190870789462,0.762123316402302,0.7442029707244759,0.9795581085140603,-0.04093891828479297,stable
2.52359646745591,9.560935125354499,8.627435763894455,2.7885936377127503,0.24295911843475482,-0.5615310631686192,0.23298763573853254,-1.8556939339589649,0.9639146873868907,0.05791572625438325,0.12959941650205076,0.9478628132236183,-0.0017450607307906776,stable
9.18726927058621,6.959242154031218,5.546625476988889,9.651534074669213,0.596605316556857,-1.1443166319153333,1.8349658022459243,0.8536476957390127,0.2661959740591749,0.2783730337779137,0.1536384119725761,0.7656603174233557,0.02104233875452372,unstable
1.6181313397839097,3.8453436072313916,4.281367697480528,4.651658759262266,-0.8100477707758102,-0.090994168132013,1.6898409258243592,-0.2761954830379487,0.9589146397195415,0.45491019718914194,0.7980471032270463,0.31596357061196984,-0.026647924044343265,stable
2.6163472615385004,2.8775026183350256,5.191974291409208,2.9986739375197176,-0.8866510326842616,-1.974514566352625,-0.5465253512104224,-0.45457551236958604,0.3779019430821658,0.1534225671661863,0.9773473432542006,0.44834942035683617,-0.025573861097290818,stable
9.130705127692037,4.597077316172335,0.5648240399992188,7.7332419254412095,1.335295753336812,1.8787952124285638,-0.43843942299440286,-1.1013747760926513,0.06683124099472432,0.16823005388882312,0.5243688569095052,0.3939490139130393,-0.0007022748052684649,stable
7.92010191947892,2.31252994671133,2.4963635765574215,4.879263589700654,-0.20101334705391416,1.6129386394122482,0.3425216232023116,1.405969990916792,0.11102215008283477,0.5892509935884677,0.5475592851811931,0.9189838316540511,-0.01681343372141193,stable
4.758551425032138,3.5017518606400797,9.45246375625729,5.794986913111173,-0.404053941568701,0.7331447440348842,1.7373634525913966,-1.7476590513157517,0.8558583608038789,0.4884523084280361,0.2816288664158796,0.29280494401980545,-0.0008243375107362932,stable
9.71070000451973,2.3194619055286863,2.6927834113282305,6.633058263198622,-0.046904942188083165,-0.6983203783044778,-0.9000413354275842,-0.7407900029251508,0.05148748128066003,0.6129731794266297,0.8812606062336017,0.3633529584819975,-0.006155362165676272,stable
3.6058182743604124,0.6871552822072717,0.7942568457688532,1.3947976758182627,1.727544723904789,-0.028603594375237407,-0.0036310709964717525,1.7077489528402245,0.42852482650665774,0.21981102767703936,0.32231479687574793,0.7497812857685083,-0.04239708948875277,stable
6.140195186293923,5.033469629051952,6.835101837077692,8.113794394247787,0.14181444922006747,-0.7193538538009703,-0.10909633030666255,0.555987621868475,0.7750924665096518,0.2591262835535748,0.7743736514569556,0.5505531267967988,0.00351067497509348,unstable
2.431989687695644,7.569139630038082,8.323294192201685,9.49871833601592,1.3387976278007843,-0.9228570811177317,-1.675779410789786,-1.5679816662777872,0.19177481461677787,0.38480344231161734,0.3494494401739807,0.32586517267537995,0.01329839026598955,unstable
4.862675337408173,8.223872918525867,4.549923486143801,1.8276538699813878,-1.701847447611693,-0.9098031439320509,-1.2667549552008106,-1.2256110695727078,0.6884101745093806,0.426585501344768,0.9850011306373011,0.7697231209616257,-0.01568828560711731,stable
2.830384365568139,3.2153403552212105,7.139795375295186,7.220081284794041,-0.7808105938425687,-1.4800580531816903,-1.9598824910986936,1.5052445305486932,0.3062984787697889,0.8888724603637654,0.9570157799429188,0.6061969566725449,-0.012777914926548643,stable
7.347237375955714,8.390562363249586,7.492025848065282,9.730257635658987,-1.7215103127287255,1.003617156762687,1.6716421550400127,-1.1371428538482702,0.9484353037824621,0.7415129607611849,0.22715462545762843,0.4896927198209971,0.02036623000821256,unstable
2.249922145526173,7.396245013196076,3.118265180496442,6.724338662156683,0.391753330745495,1.9900242769842782,-1.1135497337323845,1.214173241567026,0.8957420412610282,0.5938170868497044,0.7672654177774851,0.4296425778901729,-0.014710408115453514,stable
8.917008471045694,7.210915985486767,7.227262065523889,5.3665845127706255,-0.3665562225711998,-0.4098780874624648,-1.5808355760847008,-1.4929696923439795,0.4827153495487177,0.45340109883315194,0.14611600022023508,0.3928245549117332,0.01442914256949825,unstable
9.020926598904309,4.930496441387261,0.9646631973539235,2.9044525908432655,-0.7704192018543772,1.2158195277753054,-0.6256383790212334,-1.0481693006789228,0.9622047741125989,0.7136061810621557,0.8136850947366473,0.20549123845988132,-0.018923589370634528,stable
7.801323763008657,5.533074216691859,8.33693840241515,9.93512699826228,-0.16710977719797304,1.640166820580529,-1.211731349634917,0.8343375116773148,0.8497566275348123,0.4801908362054532,0.16056002654184587,0.17091172280365236,0.020709062385516046,unstable
8.916349039968843,1.7152515921431761,6.805154033052237,8.940218381748704,-1.2194224998309284,1.8576464845725487,-0.5599717866453475,0.44988527478018714,0.28689524785434434,0.3902005708940847,0.583430953345492,0.2522080983413348,0.008378758265106118,unstable
3.37264541906022,8.641769574395424,2.350142998425685,7.929844746997998,1.5283314103423993,0.6887683377552589,-0.6559123141161778,0.0858600864760084,0.4754698127808573,0.24045336798275763,0.5796588998160819,0.712137323435616,-0.00430259017287825,stable
0.9920039031287902,6.729297157351969,3.657187768373598,1.4351536120211192,0.4540385018192761,0.6287248795356937,-0.9581139423516882,1.1315486739643976,0.9239919333885966,0.09490232946857208,0.657734883389451,0.2476210786077198,-0.027587145022083006,stable
9.128984829250982,4.010843570908303,0.7844239022436437,2.371615266956488,0.8493906140528731,-0.2304608165253299,-1.6517471306279696,-1.5773817300716844,0.43294856758124517,0.0546052079617531,0.543731709034108,0.6585112947968522,-0.01770931497347126,stable
5.980270196740102,4.275900908551002,0.6237259401341291,4.993292559035807,1.155865457217634,-1.351822258684427,-1.722741685004035,-1.4055379799480128,0.8217943231606469,0.40525046941451814,0.5859345511686572,0.7916706260362335,-0.023340275837747677,stable
0.917481587756876,4.536404240281316,4.556407756590341,2.184635899499624,1.1018655596709581,1.014782191674978,-0.7407671482469564,0.46244308982979865,0.43337380774819767,0.25600559186027516,0.9816767255711554,0.6672947577229758,-0.031204430704192626,stable
7.871414314869207,4.472022180964165,8.979760573703986,6.287074306562271,0.21302525506799075,-1.823157369926431,-1.2903124405405184,1.2188088533034076,0.5936303397189788,0.5754109026595273,0.6400251973040287,0.6651903504587644,0.006654394489542579,unstable
3.554392963330627,2.1301340445892136,4.488142424875956,1.9677096002871899,1.4834211361514367,0.10627109567897541,-0.8864937935676767,-1.5610592491469446,0.8350214302664504,0.5366785742506318,0.1284088106991718,0.6516965668888425,-0.03040807932781802,stable
9.544070257913658,2.6788248837366404,5.207009640660009,6.792017848343216,1.6564745766987095,-1.529580887075391,0.7445635263972505,-1.2712351877280073,0.9526790821999922,0.48298125881495585,0.501534606625202,0.9030070828840434,-0.003646203575987158,stable
9.853842278171696,2.0607230332085384,6.626795499459234,2.6885608360784516,-0.20661964750467732,-0.712326985542485,-1.7730495280885905,0.3186136125268342,0.09429549333226213,0.5678673048795951,0.44228671099967576,0.4779827573632032,-0.004837357215578883,stable
6.225089181129581,7.370219594341118,6.049107477664176,1.2294762483525556,0.7034641179415879,-1.2888553901838953,0.19380075623794424,1.7958891175333873,0.6879185788354434,0.389001550702165,0.6728061917933225,0.2144449175497798,-0.007636124940684986,stable
9.124461897815822,0.9293517560669821,1.4287448292947769,4.888845408853849,-1.4203467337390454,0.17967258253665896,1.8651677789501342,0.9053002244603205,0.5650006199355958,0.9576074762382899,0.4903223596889318,0.6848454533759654,-0.022560369816115342,stable
3.8919099760894897,4.603874483328292,6.111729323720474,8.244367240367211,-1.143344410908841,0.44130725633960877,0.44060313309807864,1.8822754146945533,0.9921509345258619,0.611533367057227,0.5433721947851077,0.41901716454901244,-0.005700665745822384,stable
3.1092081500552466,0.9103190463269553,3.2649647148747736,7.334990610800995,-1.473820942638636,1.823816237471842,-1.2833322492228918,1.174400842349383,0.729553367634035,0.9772571227217577,0.38194310606074233,0.9160575357583379,-0.02847534935572944,stable
7.436634221828826,1.8753076040793566,0.8206084577089877,6.855180602975634,-0.036918780653081296,-1.658025391623644,0.43453690820683244,0.4390415215873298,0.06257387443321119,0.5878484230850668,0.8636451784500374,0.347802252773961,-0.016840021427229377,stable
5.80911973076618,4.334436676652495,0.7741271643840466,2.5433509414641136,-0.1382268903772057,-0.53448067283143,0.740165898912521,-1.232107575820784,0.2499103268754459,0.880157548923405,0.8870062014110166,0.48417095542864624,-0.028853638880025484,stable
0.7346235602196372,2.774704289579949,4.085756133838324,6.8425279781257355,0.33524524219618534,-1.5550211141689818,0.7148851017209452,0.6021210844050233,0.6670177324566018,0.383655206202343,0.5746981913708816,0.7070781986846539,-0.025568216739163287,stable
3.812925323206051,2.2798621068145914,8.438041886195794,0.6805556325200324,-0.5443865981607066,1.8689698787152578,-1.2847389095061756,0.540211772656062,0.4328434181420836,0.7091585571988666,0.24201515966011838,0.726919251526892,-0.02252621956079863,stable
0.5820439870703611,4.815921977410851,0.7527832362946383,9.439504912147568,-0.37869772521091516,-0.42181051960738536,0.8582335898955491,-1.7551758184297053,0.32545855953570246,0.14605281924987834,0.4398795848892155,0.3785737841146232,-0.017474188456638555,stable
3.4359852902759833,3.9040566994889594,9.79822587379575,8.963142802757208,-0.567535462771338,-1.9007021887817488,1.2363458154807025,-0.7364118993142084,0.8982585536823805,0.0834809502981528,0.16439824120050878,0.334882882659483,0.007848423526592117,unstable
4.943050988235579,2.3489531021860137,3.480757495926304,1.7193925313795304,-1.0818886089749564,-0.6594713544516031,-1.3999512261430174,-1.989889204509128,0.1861337303873573,0.23240188564823155,0.45902224496147054,0.48328455810253407,-0.0255738268011794,stable
3.9385407650086597,3.1547425673257674,2.66559228612075,9.165267528639363,-0.8498014327849446,-0.18033429735622075,-0.07131314332149641,-1.7255872383983433,0.5846864534174654,0.9374110781310548,0.46149080727566827,0.4966302648886697,-0.015090735150827941,stable
5.479362716326905,1.8494744076627818,5.426287771463379,2.4253620838188956,-1.9392788442600986,-0.8069865257461926,0.4660271452886975,1.3334998673447926,0.8352558098685563,0.8256047488482745,0.963106928282636,0.15603275440009237,-0.025948783758817894,stable
0.7800166675470424,6.167774477190987,1.2253414929679227,5.409826738608985,-1.156125033630555,-1.7698066631958853,-0.8245151425435249,-0.8815256053881981,0.3251729547525618,0.8507167394915235,0.46052089726068396,0.5260181835510375,-0.0268547454344917,stable
9.514693754158667,4.663850622954007,1.8010448118663098,1.7988018318800385,0.364067500503626,1.610899392654265,-1.5328041458513537,1.0627186629424346,0.5776037205854097,0.7083906078906592,0.6458313290627259,0.18423840470828384,-0.016134342759087844,stable
2.505546127844596,5.602134309106538,7.4160504934439695,7.273360037380025,0.7086685093437395,1.3876373059054665,-0.9932462877465906,-0.06930785106211168,0.8568465745299941,0.9401934833932234,0.7509016706283401,0.15360745645439933,-0.0065150185055919685,stable
1.2991729108686774,5.945706872629957,6.171793363852209,7.825175492807363,-1.9678651951391908,-0.8517613118652023,0.7423205894570328,0.44292265806238706,0.2334630035362063,0.13377103049760453,0.8415685962375653,0.8808853599316414,-0.007343818350619582,stable
6.257552411799216,8.737857247436697,4.295188932551751,7.159477084792792,1.6815126736344195,-1.6881629831933314,-0.3767394269988147,0.056350610681023205,0.5386279459490165,0.6409980646597635,0.7123066522091999,0.9300611408329494,0.002015220173196483,unstable
6.874947204353025,3.803461753373385,6.104450452205222,1.9704094719114587,-1.3282271343921925,-0.11075742185437987,-1.0840266497937239,1.88053450011359,0.6085793210128607,0.7172524635357383,0.11695355118883734,0.4071747005360539,-0.012366627976759727,stable
3.548343385535533,5.814267256169069,3.4503550529889373,4.238901892962323,0.6448150211238346,-0.3823547175662467,0.10855654889219934,-0.8824541621217463,0.38727826206305205,0.5788082314387282,0.5354200403940742,0.10247437689101298,-0.01539023558479468,stable
9.1968268709184,3.3363266419010005,6.2391626858502685,7.763650820010001,-0.8308331421647597,-0.3034718289859155,1.416498240966487,-0.030457645215812512,0.36558566398522446,0.4729430399197241,0.3398486029254661,0.6286108766961352,0.00730497662906643,unstable
1.9680159740977845,3.2848852299101643,5.983969120288785,4.040256725011296,1.3517936238683839,0.045641313029260555,0.5732136254156557,-0.49748862135695315,0.6169795584631264,0.8735855432414306,0.4266376980117837,0.43915721912074185,-0.023588982470915336,stable
2.134030430667867,4.307464428487092,6.77168028759631,1.6027961495043432,-0.8282672145597552,-0.07750857568300473,-0.3587816911197277,1.389338107075397,0.15468147586500075,0.9414017103505279,0.5578559392391508,0.5069170210024547,-0.023764352491646646,stable
8.51452251589755,3.8500980837299763,0.993466462091126,5.628831844167342,-1.6836176501008615,0.1325603676581757,-1.0720282000694534,0.6706831384275977,0.7542611829349258,0.8334866627814035,0.894886489101943,0.4477356563819604,-0.01718455269128618,stable
4.766769769741905,7.033457038509634,7.1583963898040945,6.376095023445366,0.10199011345463616,1.9884742932707113,-1.9049425115289527,-0.4932546286231516,0.5123256068150852,0.4862901004990158,0.5765090098737082,0.7855028333731376,0.0015336578009477655,unstable
5.817938113412745,4.519810130109545,5.351921289976341,9.251343599273,-0.7677251750033189,0.12363894904311001,1.5486545091869965,-1.4452931391036241,0.4619319390758184,0.7911725596445734,0.749574727488561,0.3085811853869329,0.0007962307739496424,unstable
7.794000537709851,0.9753416752216053,9.304428748668146,2.0860983703958773,-1.7486622424303366,-0.8830334634561878,-1.2194426573944512,-1.2177702632233474,0.4160445283704229,0.612666911263743,0.12224102298175793,0.1447112570977279,-0.0060786452685795585,stable
5.017418258907779,0.502360452521545,8.509406491010573,9.821680036952943,1.180332779911673,0.633828315682671,0.11518009009462782,1.7832372682537785,0.9706393763731976,0.29634717161687124,0.2732085023203707,0.05947551696386677,0.0016288102621105603,unstable
8.959344720788799,4.5242180228612225,5.165803316048155,1.177268274048575,1.0153882265027487,-0.7541372626936864,1.7879927573204046,-0.6081024318356314,0.38382519552690436,0.556658449122648,0.8769214056911753,0.34790001050328656,-0.01125993946985319,stable
2.627069797496453,4.393682180075828,6.525955912952661,5.866518034962432,-0.5701858791496983,-1.8639106421529084,-0.027777047578053438,-1.3503708881603336,0.9071070439682635,0.8265990935307934,0.2567735372560235,0.1400124546397043,-0.012119395833255485,stable
5.150679117299689,6.162464816092039,4.939298201456273,6.272280299629682,-1.2639725301417704,-1.6682880957988289,0.7703228899742749,1.7390173761062577,0.9455539379986813,0.6281689655612879,0.0882036222911445,0.31482795968180644,-0.003571966341470393,stable
2.114107050008659,3.7373132583831445,6.261052263580593,3.85607960366604,-0.25245072587950546,1.938775178512821,-1.830359258712516,-1.3705048655324186,0.13730599571530772,0.9393089062193127,0.9058720784548255,0.6902451765389599,-0.023442280345545942,stable
2.760325501509653,8.772040430110803,3.3828404115339388,7.322688891107563,1.078206405964985,1.7449463967655885,0.6604063450329689,-0.04143352037430015,0.6202777165292498,0.1312865372275221,0.39541712831887793,0.4061399775676941,-0.002170868712561825,stable
6.327193052991295,6.311307424715739,5.267255360439153,2.896725585160685,-1.5721676311567236,-1.7824877815987863,-0.6922316018969052,-1.839591424206462,0.7322571219938984,0.8574816227390252,0.6549752671650473,0.8729854981464032,-0.013582293991954696,stable
6.218985168328012,7.428198312726904,0.7843596447324046,9.746508681881906,-0.5885338120889947,0.6995171977998731,1.3794434277805285,-1.835741031035747,0.5003944666536128,0.7364450371870633,0.7631440491483507,0.8613950323710301,-0.0038617634076272157,stable
4.12242493849054,1.9287729278625818,5.803212291899147,1.3805137675143564,1.2841991500760788,-1.045592239241052,-1.1864789749007918,-0.27287382679951433,0.535928067071669,0.9256574231292996,0.38451546029414474,0.09060027935468665,-0.02659619633483244,stable
0.586944762874861,2.7671281353230333,4.987316465729327,3.869347026220299,0.7188555522395634,-0.9483555891144086,-1.5034167508883418,1.5029067903348303,0.8162370782976318,0.6076941779767154,0.6043170876225644,0.5271367901641066,-0.03225008469493629,stable
4.759064781510262,4.3489557669971575,2.742283457777408,1.6840447420715832,-1.6644196182398456,1.7230578891541133,-0.3829624677058683,1.1414953749952184,0.3200507641132934,0.33682778424468857,0.9964039945746495,0.23949061009536587,-0.025627993894248968,stable
3.0623530502398038,6.3068815421945725,8.371988947188903,4.685638471246205,1.5129852345350843,-1.2946159270197155,-0.2793050922114446,1.3849607103650006,0.7812609157451572,0.40164991443834563,0.585577669050493,0.9487702007599252,-0.007519138472795908,stable
9.955157659085756,2.1867141525908385,8.305597159392732,9.467231169624803,1.207355312692341,1.1311323617300895,0.3694070096817894,-0.26794173850163805,0.6718819660231724,0.29974237375609164,0.6296259813199455,0.1456123581472436,0.016052436955503048,unstable
5.995374593228877,7.924023659791607,5.103201828187344,9.605047610663426,-1.6092444613021137,-0.9602377312749861,1.0363092128702744,-1.2519848441529313,0.4756851131410447,0.882797930897319,0.9068277380886756,0.6297594344871164,0.007093768146607357,unstable
8.913950616517614,3.5999765578287137,9.785973041550719,2.825906294065872,-0.8540479194284112,-0.9961961542141808,1.1571610020929097,1.5270019631126823,0.20975899196774922,0.8782327489108257,0.38705047520336705,0.6058311831831961,0.0024101492785816147,unstable
7.066897037190306,7.630944624013661,4.8958267055043105,1.7751846674576646,-0.37393377863137767,-0.7976123717279928,0.8371578690169565,0.8723142005031024,0.07681396580549277,0.18491834446323402,0.8561221025183691,0.6441971657467648,-0.005388125307254448,stable
1.3685330555785304,6.8064990908476615,5.12089126594241,3.6130565349345627,1.2559153018370464,-0.36230547974488436,-0.613682606561111,0.04713595790707403,0.15107722497012915,0.5632527442725979,0.9829065496081674,0.5305997870777208,-0.018866731661385167,stable
5.161609476109789,1.35191043322809,7.139216550441276,2.6395387953468776,0.1664824886077474,1.6853210550476025,-0.10526847225314784,-1.5377542999945533,0.5667930443019388,0.22987215386899806,0.5433697572696714,0.4958427295255737,-0.018448700287015833,stable
9.522211582448136,6.898380999769927,6.769448170723517,0.5531819050585377,-0.2895386820741015,0.4512605323030918,-1.482723681782025,0.520593143018925,0.7737958276810001,0.7658969382695034,0.7397073092619505,0.5756420057734627,-0.004917153759929292,stable
5.547959293191487,8.086160136266969,3.4354497875384276,2.573966467691762,0.1631252612834997,-1.3769623239913327,1.2029087482308705,-1.8766968412503062,0.8440333115477964,0.923674004584285,0.800186902697646,0.7206856321972955,-0.01733406004341351,stable
1.843161720675327,9.971094338927681,9.430692742854117,3.3417829222236572,-0.8283002471934271,0.42289546727270944,-1.5652167405285393,-1.6830735786489908,0.4762197920831467,0.9420236303366575,0.6260882812614114,0.7076385715857588,-0.0022930220646329193,stable
7.743553753059915,3.7205383960272926,9.09528943419214,9.526025741079154,-1.86139448562212,-0.04110081328359838,-0.06608941804955615,0.6073412028667038,0.1029080456141318,0.36396267567956847,0.08306595369579611,0.845791298221788,0.01823487844483982,unstable
7.891070239343276,0.8407742755087838,1.1048710119157223,5.491461235559734,-1.3681190709705269,1.4181697044767598,1.4216477387572959,0.9613878126256461,0.4803087283001462,0.8983818064606418,0.257770378791433,0.8397544215606546,-0.02406063476974559,stable
7.47809998308204,3.905655094286668,1.9593071514413445,7.826750490342114,1.6719784226072099,1.972545902987188,0.8003438014695825,0.48036975998661235,0.16522745130622774,0.49822358965581104,0.3151280775560897,0.13773761131320036,-0.002657051851276229,stable
6.776813979270892,6.058830385369222,7.0545377973289,1.593426756263053,0.2991338497673848,1.2826523360908864,1.5556320945154982,0.24256011510778697,0.29633584682695685,0.975201852708714,0.746829487054448,0.42940715986028455,-0.008529849436671847,stable
8.583427287907167,5.638296515676601,5.195972154362717,7.1899832938240715,-0.20130255914673523,-1.9008473986793875,-0.5350146328011918,1.9877639944940482,0.08361727386280286,0.45682860557382576,0.1285226886966344,0.6826195199671629,0.009761257688924257,unstable
4.588028126142617,0.7971243051584163,1.8097119615365065,0.7574192292202127,0.26026446341740117,1.4967488975551122,0.19802924768495433,0.41457717230417934,0.28980878154988304,0.5564583400804578,0.982707204239771,0.5525192099047481,-0.04202675862372992,stable
3.7331069041036167,0.7961321009498152,4.2127425878021745,4.675659178047866,0.14672047057769388,0.31193134885198504,-1.6267176694697585,1.486163017535139,0.5919590240627468,0.8315627271142403,0.8217143152470779,0.39244315286161763,-0.029644294169169735,stable
9.008310178140533,4.673576672161606,4.308546683409146,4.475121890430158,0.7308867590509287,0.4747807141698859,0.20835701274920337,0.9242652058092307,0.11151133010098346,0.9143301833695027,0.06915361215687643,0.14007797977478031,-1.1476966657111842e-05,stable
1.3146828783349491,8.838651686599457,5.992431348642728,9.376920276706324,0.5418332231794687,1.3787354282163515,-0.077003609508417,1.7719257186374229,0.36737552022288616,0.8597730784298404,0.07344991304695146,0.4605113850095576,0.005001165992162472,unstable
9.70656273708961,1.1782309737418497,7.873497150381118,8.77742620557779,-1.0309526728351721,-1.1840069958198756,0.5548716158079765,0.7408577568847265,0.622338253945989,0.26641563737144547,0.266055928916716,0.5562394865018725,0.010284046133295812,unstable
2.194858719498068,8.38109763804691,3.90601725392166,4.981864861438285,-1.8710620968764209,0.33543086422477675,1.3861909432852584,-0.027715456457015453,0.08598347764018979,0.49928380203736367,0.5686452479468621,0.06880700967688172,-0.007454001504244174,stable
3.675997715336539,5.593262847739071,6.839318669756832,5.83558987787535,-0.7936130768112255,0.14492707561766016,0.4926662154175143,-0.8430855968459805,0.47930900267578597,0.6432923454929869,0.5561348247798203,0.8999038273933688,-0.008032777224940339,stable
8.11767444789591,8.886024522410894,6.809268620889981,1.869964690015013,-0.2057733395344994,1.306136674811151,-1.526385748743214,1.697371012285994,0.7591912213100892,0.1787263569713824,0.060148292533307085,0.9864514763586889,0.004284743967162162,unstable
1.6867041422128786,3.88567874307318,5.588911705693498,9.841285312841423,1.6562929758214349,-0.3865294818505296,-1.4296494027363749,-1.781289150439747,0.9093771503406853,0.8229747961265548,0.16279577635690196,0.5952090356614448,-0.009945334032875484,stable
4.0424574241057485,8.252041426813944,6.140644988650076,3.068034447847996,-0.5567625215479408,1.369797938494374,-0.1010726673917337,1.3857522026174633,0.8332486933044915,0.23194818202156597,0.1309740051656108,0.7141917268124103,-0.005793867317975982,stable
6.663789352071615,5.790495975559791,2.0221194965789584,4.863399631343825,-1.448976097051705,-1.3100360321944855,1.211616309089682,1.5311628636930128,0.5593670417739436,0.9514061453120775,0.5554915486493222,0.34559168179024646,-0.013709770948742473,stable
3.6405848352797787,1.9868685789372458,5.018947573303598,6.9619834817719015,1.7099906638574929,0.8982655572740459,0.12653753917536514,-0.6203764052235123,0.5950633805244472,0.28370981950886043,0.2313260912562688,0.9296912878165301,-0.01617799172229923,stable
8.52729760433514,2.4102750528899963,4.604446352368648,2.4037189670465864,-1.4415666068630015,-1.8284858756383113,1.7301668279592342,-1.4242133896322877,0.8107377177130769,0.9066328607129375,0.8163339605413834,0.40049239869069053,-0.019806639746689524,stable
3.296829070282353,9.718490082361944,5.870531259036549,2.208792746959955,1.7900387161039713,-1.3227641665955412,-1.2329943036616786,1.6563229851853776,0.7742147032391827,0.6956624256421239,0.0820248334704095,0.5325649431071984,-0.007685726630692577,stable
6.10336742779442,3.391067597367901,5.531394892044789,3.8487614863262847,-0.8267319109347748,1.3778357261993497,-0.8366536265064024,1.7537709811864537,0.9904124224393877,0.5405642929756371,0.7385385046419124,0.7545692016314846,-0.017933943599608627,stable
3.849945191667557,0.9123906713541142,0.5264742068426413,5.6913284214550695,-0.365730055440844,1.1642217280883718,-0.9604683175248812,-0.790774909946403,0.448363333940194,0.08992388235025003,0.14551070327847299,0.1234079226267954,-0.02658568298268011,stable
1.541789976208167,4.690110014084197,5.374381214290935,8.551493582858484,-1.8982162645853706,-0.5540005538557744,1.709490027368202,-1.552969677797435,0.4801139775792329,0.7375518690839955,0.19774022971208777,0.8936186749349886,-0.011150686787947072,stable
3.145061848853702,6.0366774192469155,5.1159518775378166,7.164866252565996,-1.967087752352477,1.2869400390379435,1.1615691457414794,-0.12642626944563906,0.15259333660634503,0.6953245928255891,0.506220975008076,0.3213917008430874,-0.004721259530904409,stable
8.253533972242568,7.066102161970223,2.9232800953334372,4.36295688156675,-0.8828765406054324,0.4505021889190628,1.3912767644645845,-1.871272717971856,0.702748946125907,0.9442169209075991,0.9564023031381657,0.727286679323222,-0.010138591469692027,stable
3.510957724967927,0.5055749360635635,4.608767165131299,3.036572059368137,-1.1469659703344166,-0.16154570705740223,-0.7224601599348879,0.8615582266884023,0.3127590667509687,0.3824671657141424,0.41064527454789673,0.8744122658562739,-0.030746739150519096,stable
3.7804257687593994,2.298811101345934,1.3644200340548607,6.139793272424221,0.8372592776077314,0.4736422132144531,-1.6417386414646282,-1.5859981905427567,0.7041878470188044,0.8352234345183794,0.6792810742361471,0.3312297440171371,-0.028790985057491305,stable
8.941360215456548,0.5566657593242503,8.791958679706065,0.7115616601639252,0.7178808628491229,-1.2906532510786848,1.3095539579736486,0.5118477413978155,0.17164320660355406,0.42289795526685053,0.8895962932381924,0.7395864927218829,-0.013614753952525425,stable
9.199681813264434,2.485078218401246,8.835719211425037,4.749316316163594,0.9986995945706836,-1.1527346035447361,-1.3604921488512467,-0.06990817013005701,0.4217001712649788,0.923490441394843,0.8715385824169132,0.09121903268851786,0.0016347477593095065,unstable
5.953370157058052,6.561288673536787,9.238869798898255,6.1456255507181865,0.10871280856355137,0.4997490084225782,-0.272704176992582,1.579995829136878,0.9296920498779854,0.13103103925034415,0.5685403735210222,0.519283549251553,0.009005150391023682,unstable
1.5488001670052807,3.401766871714941,7.975139402135634,2.845335063826038,0.969183634121829,0.4077757379175484,0.897939575293254,1.063882991734593,0.3234676678362018,0.488998299589703,0.09833838112168561,0.4289317774427924,-0.017271076868247182,stable
2.9625006559111764,2.3471028043115854,8.75122974636236,0.6580269836172996,1.9050381223142718,1.8024311419271282,-0.22809508402540368,1.0020270501313484,0.1911566306338151,0.647532110812778,0.2590692784660318,0.2849663417607595,-0.020116471332860868,stable
8.019301045990494,7.744172964968209,6.50233157772145,3.348937210898388,-1.395471622235291,-0.5226960673631265,-1.857453994478838,0.18019277324015492,0.932258404325298,0.18589429933828716,0.054541438557667465,0.23536423900781134,0.006996565092801023,unstable
4.102684335410773,5.567078317109372,7.536930045326262,0.7210783258974444,0.865320549268846,-1.8917603413155346,1.0007829182316752,0.13748966407862317,0.4085153393536097,0.7137249551299093,0.9269650622483359,0.7608529708903773,-0.019230864078751533,stable
9.318006171309637,6.558779676622442,4.882866550574298,7.43837564661614,-0.3297876827028392,-1.1486757656670337,-1.1746507248753741,1.2203143086634882,0.8748308999529004,0.07039660618641551,0.3819919728929663,0.33711351824128793,0.012173405126438445,unstable
4.102231635986362,8.133004935016656,6.567849278042927,8.779110388496939,-1.351064052075282,-1.0704935045099941,0.558901544163295,0.9535551128010153,0.7322511378833406,0.6331122951129615,0.1427255145102073,0.14684993106823324,0.010680796200983491,unstable
9.876814181141725,2.7575878956495075,1.1061227393595943,6.129817495602785,1.1029087078106596,-0.6190603188005892,-1.1153866841167672,-0.5714945851885287,0.16571228078081413,0.05272920741140055,0.7817263648770392,0.6298035157811054,-0.008474001064867773,stable
6.727817308571243,1.0605868527306568,5.92589785940276,1.768128690053717,1.8672044473160665,-1.9016598887211549,-0.06996549361190896,-0.6341586942595927,0.48964380135988084,0.2969251655589559,0.20223395427463536,0.35343052408937303,-0.018005090449518285,stable
3.1481708540422577,6.803452826987217,3.7036041248750338,6.96020099460519,-1.2430335744953012,-0.793453368677481,-0.0014811395385083692,-0.8002202064377268,0.9628776908807173,0.40934231029294793,0.5384247388501952,0.1596643044492907,-0.008812973221091517,stable
5.698350171333282,8.061040395135347,1.2264022447310934,3.853973346061043,1.6095355185047802,1.3471972912501515,-1.3542049280902577,0.11996410719512385,0.6501712642816705,0.9188214542180122,0.43394987534019486,0.5766841229377256,-0.015798718190736104,stable
8.103171562121654,5.4181396576643905,4.698960491562415,6.3301859462284025,1.2296961778962032,-1.3358827777309017,-1.0662844618808878,-1.051468978534051,0.5087347825583011,0.9607058648471066,0.9848905425643096,0.09054398797179636,-0.0013482317457654061,stable
2.85778776599984,8.183379239300605,8.015923544079135,5.355889195716306,1.7255073122968203,1.3584023779994516,1.5649416130187368,0.7188914845503831,0.7369849776749656,0.13851777037991675,0.10048460693509721,0.9428904882201408,0.001438060146689112,unstable
3.3047161083403447,3.932447132389925,8.480551358349686,3.1985324360948644,0.11531000571703665,1.7542356319965848,-1.4693504661237142,-0.5676912024533096,0.27866235877136636,0.921880934440666,0.3009710566135021,0.9431278627380572,-0.014932593474880908,stable
4.455943730578269,7.293998097451805,1.658240519955202,4.686680241235883,0.7988264206321647,-1.0298044297322404,-1.3628397420471017,1.3772848458893483,0.38407288749514706,0.30314370391648543,0.5657202946067676,0.23216035573010652,-0.012188329735689639,stable
3.947247397251631,5.5058654705744035,1.1413917105447,4.754428458610774,1.4382391679167235,1.389046072571301,-0.07283240826941828,-0.5778137010586697,0.0970334051788894,0.24927194221394916,0.5525333583190352,0.9195971056152564,-0.02071984646418188,stable
9.425008193949065,3.6107363324209976,4.1847805550044335,6.42111224010436,0.5436703364362376,0.9671222025359048,-0.8698765194275144,-1.88641989318505,0.44104034438687967,0.9551937295219595,0.49342579031728706,0.3260632715090953,-0.001974522374978962,stable
6.648076396054989,6.869560892709165,4.178093730003784,5.122492360353923,0.382510234381618,0.348075033408795,0.03673447200083224,-1.7838751003305884,0.13195942864905907,0.44626228992989864,0.6356790315682697,0.7708449836640687,-0.002878170221251834,stable
6.103584859874688,1.6652311235540191,8.606860528866031,7.023437076268325,-1.462647474259796,1.2980187749721837,1.695299619743655,-0.8898398450003597,0.16458699572822794,0.8073769427786867,0.3465998026090841,0.9176325746768762,-0.002683197607556715,stable
9.494071673983985,5.220438406155802,6.080629204407215,8.521111699510788,0.22830794685260125,-0.4119542927849893,1.1378210642703146,-0.14373041052753166,0.24852526071907066,0.6229680811676119,0.4403050449874424,0.42995818036613903,0.014581844623943152,unstable
4.318633871221534,7.087045639421019,8.000624356203407,7.99192073846054,1.297553663822602,1.563325948740812,-1.6284130550845468,0.21676782550511087,0.8851974410872777,0.6806793693732385,0.9216403493178743,0.5875493062234495,0.0031202291832570436,unstable
7.018892559887467,7.305997903199179,2.030814403331973,1.1887930867004353,-1.7202972931481932,-1.0194032560847601,1.480144974069995,-1.3588245483921404,0.8958600356318396,0.08772701550744352,0.6059485650577469,0.19437061228226798,-0.015058286259598852,stable
2.101225453909647,1.6432419061114558,0.9949494471243447,8.343713255831862,-1.9452454174789473,-1.35863535422197,-1.1113224372952604,-0.19617752081237239,0.4566308284405179,0.051629658724154925,0.8314996069630035,0.49727628890157327,-0.026477356757702974,stable
8.42183339284809,7.562251031405024,9.549068568142715,3.1462076171265974,0.9305217781699011,-1.9637370165396026,-0.43700490422687555,-0.7549619474046558,0.9641326718585437,0.41003581585001186,0.9130553729573545,0.5190759761834456,0.0076669023395592815,unstable
3.6173878722147568,1.532244653400671,0.7020586867360947,2.8765987806096462,-0.8700620997962889,1.7237850110700719,0.553912167307538,-0.19466939426269336,0.7075263821955168,0.7665915365044265,0.6513533569138623,0.8559611902312998,-0.043086437346822604,stable
5.041999983226588,8.075368331430845,7.08905009323341,9.74404000313974,1.8410444524645944,0.8055396401314101,0.9518927933374473,0.17602909240489062,0.3968705247505704,0.465787326813667,0.3990679106999988,0.31491189616490756,0.01699295773543074,unstable
0.7608422906856398,6.776994488823018,4.407855855281364,8.853853971822016,-0.1302303473076316,0.7621448988396442,0.6220245371735498,1.705584261975635,0.52730700291383,0.6283214806306896,0.1379867885349788,0.22486488124335252,-0.005593534250084163,stable
1.8953271644395253,2.7682813554364003,4.519146108576074,6.824645530110933,0.15457407744192153,1.2647832337041658,-0.3636526735889154,1.5642313141050188,0.27685387606415146,0.5600126228938153,0.7701071279629832,0.5943457408459578,-0.02098809644242721,stable
8.236500766249364,5.910691493081191,9.592726806208889,9.919570659682106,0.2322775298632127,-0.8322044994162958,1.246477022630557,-0.7001709736553332,0.5123687251736693,0.8594705973736404,0.6271423960161465,0.5657177774422462,0.021325226833025367,unstable
6.919904847433815,9.237179360443731,6.908963383741675,7.688679213715137,0.6416512570053916,1.1848357227392063,0.7999073584495391,-0.8684990210449821,0.8232765544035331,0.4293668488578695,0.9154377289970836,0.293621956799514,0.014578301568045895,unstable
0.5468035389346488,0.9748697648884932,8.19753450560868,9.89426691595997,-0.09395467639472432,1.2826363570584203,-1.0321829521484962,-1.4189240026105283,0.7932010594631459,0.19891033423686277,0.9650389736449548,0.5794703442899898,-0.013649416744695298,stable
7.736652589006466,7.265290513611913,3.3955186893155287,0.6800827393521518,0.3209224224087115,0.46210984108831,1.7321487299297247,1.1025693533964853,0.6572300838901611,0.8723510687819811,0.6487207558554521,0.29512848057729085,-0.014673290617309275,stable
6.454711929171355,6.935630812863658,0.6430632569025942,4.275203852758361,0.35057486255322035,1.7997880820853789,0.48645828856513074,1.7208661323108827,0.20147798793791727,0.7796755645482139,0.17165876010470382,0.4664885007683892,-0.0123249794375562,stable
9.50587128744335,6.43125670092144,3.521513815372577,3.2618289824983555,0.19251121904079627,0.5620266799194007,1.459262068522699,0.8736870326220072,0.09239971187795538,0.45297221809775395,0.8721855750961118,0.2652027402963758,-0.0016126242612516904,stable
9.339234970932475,6.477765566467952,8.24131827793955,8.651042869310404,-0.9120256949829271,1.560212851427762,0.6005194588440443,-1.6324797085549032,0.8360801763596808,0.957919926406946,0.6595662430376111,0.7058667181786155,0.01597623889171169,unstable
4.506946844328777,3.5067458792190584,2.8661621338814656,9.586564477292168,1.2280870184778943,0.4867765901372234,-0.04968369435764641,0.12972652100525384,0.7282292357875133,0.4447055378333052,0.9968625007965807,0.26043396421417897,-0.01098510785635422,stable
1.55583611427474,0.7123825329898662,2.5579676319562275,3.6896996273709557,-1.9352109449094375,1.8135578459458523,-0.11614245601020379,1.3684855143974834,0.4979533362880102,0.501760338593484,0.6155127790374103,0.4585593783988475,-0.03907921439510929,stable
4.485446368736218,4.1596499898591075,3.8358113563791467,6.910175048495097,0.7670385063469003,0.5611774450868645,0.7467483713183425,1.297531105694477,0.2643513232058835,0.47167063290901035,0.9583849892102544,0.45675698683755406,-0.012278112752139591,stable
4.269759661618991,8.673116575483908,4.489292523536682,8.339733096254768,-1.454008948756559,1.9382509578066638,-1.7968581104709784,-1.0806686867595743,0.6768971005575243,0.36968311066960013,0.14060085990904952,0.5546549913445321,0.005720574329832334,unstable
5.250210203952839,5.456354060203367,8.093156651825776,3.465971736406731,1.2599399417140917,-0.11400009495776642,0.7897210350272497,1.3672274727267686,0.7753549186047967,0.9547567738145486,0.12476950414047602,0.8350764380410031,-0.007785556542032335,stable
2.8680943318812293,3.094441939045664,1.944084797927896,2.958340677648476,1.618448065667803,-1.3913048355581394,0.7639273448930903,-0.8607879520577462,0.4223811705832017,0.570318011601186,0.5882663407917532,0.24388143404481105,-0.0319618304188466,stable
3.599195857748528,2.694093903875558,4.777559891683368,8.80193622415301,-0.6157091945213642,1.3417679188061347,0.23347988053385027,1.5567430866678502,0.355885079216246,0.8112772219772049,0.21829778579129366,0.4886308128903246,-0.009688489805724182,stable
1.1082544163530996,5.467583138252536,6.615612979386452,6.885146602666139,0.6220793483899465,0.9698892248023832,0.4885274019196997,1.671025687546082,0.9695074238524259,0.07327538617525194,0.4693474539565756,0.8186424556593334,-0.011462370756572362,stable
7.647882921956221,8.232047620714225,2.8840236657963243,1.0177576172583453,1.0424331103812903,-0.5486252459640348,-0.08317883507314727,0.9223261513121583,0.4272456129292304,0.3977287522448243,0.8572678822200764,0.5386299658545497,-0.011650081501930613,stable
3.153802022278668,0.904509995577022,4.456016244804786,0.9513186943966465,-1.5786752215882416,0.2632527983663726,1.5374641525538415,0.9955919992673663,0.5776423065910176,0.24138289625339604,0.9439715955080982,0.3244373460908413,-0.03677305332957396,stable
6.967820923851711,1.309080872945534,1.7692528031097292,2.0425955892747094,0.9231485197375342,0.4771295627336545,0.3667419930632665,0.5152696497394902,0.33819632461556126,0.6607313515081469,0.9913828496130701,0.13305680771390632,-0.030394961194299214,stable
3.1289188632943756,5.0698414227836714,2.8709850164610566,8.453080293264248,-0.31993766570090854,0.3455619549964517,-1.9708592927353656,-0.41765058804940614,0.6007842666123303,0.2899282867540151,0.9194193554782215,0.47494296303415784,-0.012618310369885236,stable
8.49293844540034,7.849958198641902,5.9005514690435295,3.716693786948571,-0.6557419642922877,-0.7571487488117863,1.867775394065741,0.24655395914783496,0.34380424563357714,0.39381508720487507,0.3658995353163198,0.16640045744038984,0.008550758122110036,unstable
2.763335278291052,6.866058786407934,4.053637548120521,5.700076860620984,0.8589780486845315,-1.8097535462780159,0.7289872294238471,-0.11049368743280263,0.4434403971910965,0.1535436709451361,0.4623315504009388,0.8484501564691631,-0.011081057691430448,stable
1.6457326494658033,6.607259930018427,4.677909008952503,7.456824497766833,-1.3031917721259165,1.5734908380353363,-1.6712141635994304,1.0968597972437233,0.2561706216040292,0.4171523700971982,0.33349639813246795,0.5237273154157339,-0.006683418310738239,stable
7.919562523204459,8.087217156545755,8.9322827626756,4.936288444261545,-1.3573359608729176,-0.4776235253711216,-0.01501944946787992,0.7374620674897203,0.5391021833656928,0.23924594619144984,0.6031858177925383,0.8665367593743256,0.013448023683098371,unstable
2.666857395920391,2.511204188391939,1.404647205973256,8.120967072639287,-1.4471858147986034,0.022719633470740686,1.2397943229116524,0.7942005995914454,0.6142427714733877,0.9269822609579395,0.17175725174415118,0.6260687508126108,-0.024936065517628267,stable
2.1583681470192593,5.740264662147065,6.452417520052896,6.8736542819899125,0.6505537280058595,0.0940729230688766,-0.12047139282870933,-1.389369428504784,0.4000402321679476,0.8262736519468455,0.3924304686241423,0.4964715921712519,-0.007514318196528107,stable
5.924074340791753,4.480525929935633,5.448055504693701,4.549933516291708,-0.15390877855546137,-1.7122894496733854,-0.6905431012642764,0.30401135605937357,0.45212189393830376,0.29498149539403806,0.8925432229611334,0.6948008006042177,-0.010665763835206475,stable
1.0934372491998507,8.226545315340449,2.0163760023226778,2.7006898208250387,1.703807184601576,-1.5202634811320181,1.9307249449370736,1.750145548837414,0.6393658855286928,0.5699102275277078,0.4509007387170784,0.30147577261206837,-0.024715642152707697,stable
5.805879717722398,9.685760741036988,4.146035240448571,3.490149507342962,-1.6960441282660552,0.42499278675304053,-0.8475799313532604,0.570587865093481,0.09494784964727848,0.8129366970683437,0.8242315625114419,0.8969380471172742,-0.0053257077653443945,stable
0.6744742500004025,8.34912559128513,2.044968059211029,3.8491554018652847,-0.23108508677052075,-0.09067426582856797,0.25662271190179764,-0.47286987730045205,0.47063006832141707,0.26625332570106996,0.9220558976905481,0.4066778541463959,-0.023033777473392546,stable
4.569740648993653,5.862479948409698,2.793649031344394,5.019604010302177,-1.4705707312185212,-1.433374551715068,-1.5226264465297543,-0.266692487401579,0.7422339577526125,0.5657782227985493,0.5522780081827443,0.6010665721195143,-0.0166930997066423,stable
4.445245525594201,9.229390189043102,6.110238482897546,2.871610140893291,1.3052910371728874,-1.9576393113684984,-0.6762914696148838,1.0325111580541098,0.48612654622132,0.18641274420607173,0.4225760750131255,0.17025113501360617,0.0003143783437997297,unstable
1.3116831059287104,1.5468344115196266,7.831464072359563,1.4679784544990735,-0.6752555894929135,-0.8050698800495342,-0.18166313764112552,-0.896964482758396,0.7120628627252682,0.07471015022329865,0.8430676477399894,0.9292617935668681,-0.03240061216050969,stable
1.2796646898403634,6.00420843196565,7.338551554380211,7.866283083927213,-1.310402006755293,-1.6570442470290092,1.4059798524996356,-1.7979868985766627,0.8021852071688049,0.10140920455880875,0.3662489807639881,0.7899384483088776,-0.004077139803718809,stable
6.076921275168766,8.986657557905536,4.314607690242609,2.68583979370827,0.3407490812087097,-0.7054724339218015,-0.46151764378149984,-1.5663271038048112,0.06581689634379652,0.8469119690760525,0.10532919079879566,0.832772902980475,-0.004094089003432649,stable
0.539138367845925,6.670551220118986,8.11142376313753,8.583979617684355,-1.8999549908005462,1.314144263554963,0.9610982653281961,0.5803701260953491,0.1294429484928367,0.48010383582187305,0.39506558529663566,0.0788959081210273,0.0043451910333051295,unstable
7.451350404979001,6.169115755016645,7.113497952823463,2.9490476052904664,1.61212362553246,-0.9821752745672874,1.0600554469151353,1.950375361855127,0.7438704211813721,0.48294794245870104,0.7820425937527621,0.9755374166994487,-0.0057144625751874845,stable
4.001293078429975,5.322278141088747,2.0125576323652368,4.4599906960295055,1.0666957366707166,-0.9715393307460132,0.5681930788515053,0.347989223837891,0.30959861101572866,0.2831915567344899,0.4192476630225066,0.7094617595592807,-0.019117199081876368,stable
2.996844187733309,1.325686668622324,5.510686944001146,3.38361145110927,0.08956268117982669,0.2693576895840275,1.6986433772541574,-1.4078171538177964,0.7279352469649863,0.6291128189876662,0.6990263129142441,0.796813229984873,-0.03122236491559373,stable
9.53490814021207,1.7066110928952103,5.023603862395955,7.081471378992903,-0.5094125125068198,1.0160503754077719,0.8505887666436371,-1.8958677386103244,0.5669799292820978,0.31511079866774466,0.6678629614786696,0.9387359248191455,-0.004076961884997947,stable
0.7125282878916159,7.653237412080427,6.015190432074237,7.999276719797974,-1.2170417558658535,0.12082129458094171,-0.09255459167864633,-1.9712484870639617,0.8013547650105867,0.74899784708845,0.09561373089161591,0.5330800017938794,-0.00494464959431202,stable
6.45616153397328,2.787341853361086,2.6598530779502516,2.1371102648949183,1.8389681425406126,1.165024896233691,0.2932506967971755,0.6327599449832602,0.7563139763230315,0.6834294945055277,0.6367543374234539,0.5568249476034403,-0.028065446953828434,stable
0.6697303478725294,8.09988942978103,3.710273364062875,5.981010820080749,0.4080877760080175,0.9848114314746899,0.8189369698540978,-0.6272717169020634,0.9093521760119255,0.772205040374077,0.4758179048524124,0.8658736451775474,-0.01896398392758686,stable
4.129024637507144,1.3961876584431883,3.6013362957548924,7.08773685758504,1.8286863324329823,0.9117038976283878,0.7141111049397986,-1.8103686790028783,0.0631581111531852,0.30431691086237955,0.7041620583352272,0.16292110553815722,-0.015637077306219084,stable
3.4693113163326714,7.8289756519801195,9.766724583710442,2.5729303043345126,-1.9067715461538475,-0.858949841151786,1.8091910777264624,-1.1028621858914778,0.6171130583265264,0.05555676220708053,0.4777752389984467,0.9942991889093161,-0.0016288666013124856,stable
1.263248951292076,4.712679723319416,0.5211755712773634,5.984397736528608,-0.12210165422593144,0.08361674867365654,1.6499901388805767,0.41535081422184383,0.3012166646510565,0.8836944971118088,0.39896004930450024,0.09280304754746202,-0.02717961633703048,stable
7.940303007054812,8.136575403717416,6.559207109908437,7.087416328074872,-1.4160663191753495,-0.6119253143607084,-0.9289557823848047,-1.9495841627209547,0.6835343871842768,0.49665351108119254,0.5458707833835535,0.9722585688851048,0.010817168369218208,unstable
5.932662708724514,0.6388729446367969,6.118947121272912,9.79969317252394,-0.19627528356058566,0.8137490903369673,1.4104583702988558,-1.8620363858131594,0.31430173773571757,0.5119473775032072,0.12359098321384468,0.6228663085614001,-0.0016380921671754409,stable
1.2346952865199778,7.630593389995656,3.5742729635459196,9.179217185013616,-1.0985015199780106,-1.7640407352669087,0.26157199685649246,-1.7687957419532134,0.6394088148075564,0.2512183440427965,0.100072246160719,0.06207789063837629,-0.0012169394155593215,stable
9.783110849273923,4.407098973638414,5.150562233444405,6.881730123141724,-0.1599212861412771,-0.7927866434676405,-1.2713468407508062,-0.5707301352158134,0.5608811950154459,0.2643191972219985,0.8402125844803884,0.9130918424629787,0.0026637313528421,unstable
1.5520421497600876,9.709853583797598,8.920865522464158,6.7269982530174754,1.769901874175328,-1.8824052675180702,1.4726831583198345,-0.02201335065123322,0.6740089691875222,0.34941095646581155,0.8101277391329624,0.4163514993214277,0.0060249029520596815,unstable
5.1747451038396,2.8894393724045853,3.250862734717798,1.5950778484737285,-0.7556139588990263,1.1133926021101916,1.8515860868966199,-0.13563993921618245,0.45676953655435015,0.7203871679819537,0.6134876163798867,0.28739306916982416,-0.028114874301840797,stable
0.7898411761565287,4.358682137572737,5.060438418494229,2.9172701618854844,-0.736203419613068,0.9470469778342072,0.5613280963592784,-1.094309715591168,0.479298076971811,0.6874979721795483,0.2348716829196199,0.2397278505223691,-0.025391398177694292,stable
4.355294466941489,6.820528532603563,1.7893398651899215,9.760821462088211,-0.7290673850396447,1.7339538008379014,0.11595195463810182,1.330704292414723,0.7290675465215667,0.6749818205051138,0.9140238417284691,0.5301448497078765,-0.007426129475257172,stable
5.169969994595855,7.205175486952187,7.497288422463842,7.06147940165932,-0.12048328938899955,-1.669668334575178,-1.8948699704671883,0.67929311565933,0.22120950990509913,0.3497291221417355,0.898476088877579,0.3758432044446941,0.008108493637332466,unstable
8.634920759192536,7.034718428434406,1.240849184406477,9.44723627910647,1.1200889346343148,-0.6002575593422983,-0.17918384573277324,0.034548012338139866,0.7138671742424502,0.3942455153063116,0.5529440844708905,0.6836650239874171,0.0041707026378143795,unstable
6.9366837523457665,8.397692701846722,1.9898071346565234,6.3637688252203874,0.22089827184172872,-0.01104976859704987,-1.0516971830320792,-0.9571801705332339,0.2928337280989887,0.35147613552303814,0.3817975949798966,0.9567325944753448,-0.0006943192302128389,stable
3.846636789051605,9.400385228583422,3.8941099433666126,9.281932609075861,-0.5074433427796743,-1.70113360262176,1.5743444892404845,0.961388076342458,0.5279759459982051,0.05777819838199891,0.6313790065376463,0.11510057585904816,0.00939649279130925,unstable
2.250860477440482,7.364618139003758,5.14548190054703,2.429711919211145,-0.42029341514182317,1.0519739408887263,0.581925629634712,-1.1010841897790948,0.5046031418651056,0.4254766978123394,0.8997308435914464,0.9201820646556895,-0.020773282649116875,stable
0.9295797978320337,5.377614773527814,6.2537352978053455,9.86873810706559,-1.958740360841356,1.540186752944122,-1.4671539164215837,0.4449846636952812,0.8396757587372441,0.6500235485373783,0.2170590173182026,0.7708310705380091,-0.0063137770350772185,stable
3.6208688176962984,7.593094689242731,0.5376462883822534,8.445404658257821,-0.4560436883441086,1.7491679727451959,0.06219770955686288,-0.9588547520832829,0.8912116262109658,0.12891664315104218,0.581260556057308,0.5300695059365275,-0.01016475552283146,stable
1.0968487959454198,9.823508670398196,8.393071785475966,6.594484710211122,0.9051055718078103,-0.5886791357283307,1.6121000042436502,1.331212146124892,0.36210256256970597,0.5248317375658285,0.572435704875752,0.6473891630618518,0.004235989064711067,unstable
2.1711049404416416,0.5375938492889272,7.323645657215294,4.937462972583638,0.14840398879507477,1.4517950094318075,-0.17150656284011978,0.2834525515205173,0.9892242029394256,0.9924145477319313,0.5850312830631573,0.6844322010964753,-0.028830992625331196,stable
6.682099863097524,7.759667610795706,3.9300369260344303,7.62344981614104,-0.077741498413749,-0.6778057813998513,-1.633782810687788,-0.5663202263002489,0.7468996472268766,0.9596493848425663,0.6277289521585718,0.14699441750091236,0.0025817735315271043,unstable
2.414729927338719,4.6096744193790435,5.017111971238217,3.5675478644271053,-0.8221258913062677,-0.6702738054817554,-0.40767508553548204,1.1064688524948214,0.1352664047835369,0.6626774467439395,0.12186418971062957,0.18150101915788708,-0.01648388484602226,stable
4.052224593315744,6.996320510187194,3.4078041642563712,1.0865926352186852,1.3780176382603813,1.6620689420268606,-0.9263981848074425,0.647424676869309,0.19906396667289838,0.2833344488319363,0.4965127565349783,0.6345521920934181,-0.019209962063221172,stable
0.5673351659229847,2.5527060124633794,9.803980759185134,6.090946293499001,1.8795104246491232,-1.349800077389617,-1.635979344219947,0.5527329398748835,0.5677587723527725,0.32164924200104467,0.7815712049346663,0.9362988263447969,-0.01549896965049016,stable
9.17041858706166,2.673470378576171,4.587989160361699,7.525786424778377,0.08106139018762315,1.5292449693638543,0.6401888414109167,-0.5503653144443517,0.8437115563234454,0.22829900331366204,0.5931365549385144,0.1660326610784001,0.0007382624986746623,unstable
8.48814263955056,7.841542929351638,1.0228943484564608,5.009431850380013,0.7741883533260343,-0.7669965411711743,1.528117484803594,1.749044303022015,0.6233696272460979,0.9121846145573266,0.578709794672949,0.6840742380161488,-0.008086661953115937,stable
1.398888486988099,7.725350701967715,7.678740849126559,9.969669624135753,1.6581455231724593,-0.17484676883877892,1.9732813679310381,0.9128377296560908,0.49063691559118344,0.7142140595123225,0.38411689015690337,0.07654034618560468,0.008604083098315249,unstable
7.0034019039976725,6.807571012588526,3.4165286894650175,4.270176652386484,-1.9194226456514984,-0.9902877930753728,-1.6578693797443234,-0.19135958778179463,0.4592005136279437,0.42758777914585483,0.926562077811902,0.9863590974594514,-0.010254351694131508,stable
5.171973465762327,0.9178655635669222,4.287727745645474,7.764139089105913,-1.5200149754265522,0.32196089677799966,0.8455408573254704,1.6386857136125585,0.6491130496353502,0.6838910820186609,0.9637311680444591,0.1608204359733415,-0.01693351401815748,stable
8.30797269682744,4.663548272793966,9.279048119790799,0.5487005567391396,0.9028064800721327,1.5793844223249174,0.5802021986367802,-0.6009315748454216,0.6188160084144964,0.37302441088458604,0.8184205326175543,0.4302895159931348,-0.004204578224170507,stable
2.1980544378083504,2.9924312237166215,1.0361116363696197,7.024741779778987,-0.8187104843156878,-1.7483527060958859,-0.21073884406704435,-0.5167566870614446,0.5601431855714212,0.6714778911553925,0.697707684758414,0.6239298775465855,-0.02963794550097512,stable
2.2109908695342693,1.086897766705709,5.033872760335668,4.420043212339609,-0.745303235595911,1.8367769514171148,0.2072468673959449,-0.7309594191572075,0.48679553806433457,0.9070851137450863,0.20971609693211352,0.8846785100986565,-0.030561864771912813,stable
9.563025724232912,2.417425595618683,8.864016034941542,5.458097769123575,0.6266369088364852,-1.922426539633197,-0.31028423137848327,1.5964852328398793,0.5203795679144663,0.4340037023129575,0.5351562007693601,0.17667443679354988,0.007425343270840117,unstable
2.478503175432234,6.532041629073189,5.668743683113306,6.8307058897588435,1.3257898067635332,-0.4705041626457449,1.6594261612826742,-0.8611042392649408,0.8140041923035133,0.09281269427098182,0.7522227805085323,0.5208864128185698,-0.007124644456064066,stable
4.632432347516925,3.4991915687413866,3.863628779391651,6.04883971409882,-1.0364743581366112,-0.8968031633923141,0.612350379643678,-0.2746360842095359,0.5204694983093304,0.2690861156699774,0.5667113263569552,0.40855056966776454,-0.013713856525648178,stable
2.0886343739419417,8.6239825743557,6.279699794203731,2.5846392506525717,0.6460061413819744,-0.927757654484505,0.48841380705556414,-0.5435479860983343,0.9044645805223274,0.9912345341695068,0.3220153819279192,0.292844772036295,-0.013610406360395386,stable
3.587364062742466,7.2786804618896,8.237891612736298,3.4630617059924234,1.2345780254846637,1.6885785259084614,0.443295928505552,1.2018977794185681,0.39411701658342363,0.6942965771839138,0.33743715674364677,0.42652515171535965,-0.0028443849027297487,stable
3.639241148258521,2.7021520644715524,2.794639929922007,8.953876956698407,0.002518093289316514,-0.17747684050968981,-0.34960876613345615,1.1328519151457939,0.521650034388994,0.41742800414678316,0.9013220545147429,0.542238692281633,-0.016688418678284543,stable
6.273211610218635,8.78937777995708,9.912682447610118,3.0016929747974888,0.292001218943871,-1.418658191165595,-0.05957592757076435,-0.7100572379558412,0.8235824269643264,0.9280704846790596,0.327677711896211,0.1920687100762254,0.008585415363379189,unstable
5.526732346273944,1.056369665535935,8.153349950010364,9.952351385890644,0.2969750251389933,1.5098444151212225,0.21046925252545634,-1.7139354061676904,0.2942405961024281,0.360365825121387,0.5464404919337095,0.13230282879126928,0.0050552596595332495,unstable
9.589379857723351,3.9639351797482028,0.8379396368502642,9.359614099522203,-0.4210474406562055,-0.14738906224437187,0.7349232207546215,0.26266521407050947,0.2833376041094916,0.8426407519364993,0.08426621058866884,0.438931483751585,0.0011312916826788227,unstable
8.174397612726032,5.859357244266398,4.674165100926256,3.466362197500614,0.5198018856955207,-0.28977907603061004,-0.23365240296206347,-1.7162170522868911,0.5873824889032621,0.44792503767251873,0.5717335249983735,0.6431885738934948,-0.0058154427387899915,stable
7.5627613336958275,5.9607903891671015,5.125246947219795,3.956046427565182,-1.3099957558208906,-1.9783973152922796,-0.43644430886055696,-0.07897608048740157,0.5362451385057989,0.05372983219183675,0.3125835335781663,0.9342990959313724,-0.0026721752569160984,stable
3.318790686197998,1.3562405680038347,3.5018990987453424,8.058760717022297,1.2153458593882522,-0.41339999356531365,1.592692443526174,-1.1737496380566887,0.22303151703743812,0.8279200623082952,0.6672601718553409,0.0703557909636424,-0.018353610035899914,stable
3.3772925078950005,7.344388385968933,9.871136124611372,1.3356804954496853,0.6365295963353574,0.6218151054054641,0.4214402188555777,0.042075889355329466,0.5462376757641371,0.7954156945706977,0.10026910140195672,0.9491985559058143,-0.007134361353400554,stable
4.846291927446735,9.507475351382045,6.770833328478574,5.955527481709033,-1.8724194804176086,-0.07470017631190551,0.5445926664391187,0.649100545141124,0.8784080041076466,0.8888558372638199,0.8071845319358624,0.47980074503266246,0.002429074630841006,unstable
3.2869793164092025,7.355453736584728,8.8643066032854,2.656806958627754,0.2742707585583144,0.98978272237242,1.4240345257379787,-1.2736848388834843,0.5963853032167499,0.6708497504810721,0.8095569011794492,0.3215670651731107,-0.0065829285629842044,stable
2.2649474234263245,6.177218194185171,1.6800611957403957,4.814385341213212,0.995776728940382,-1.9746551219167356,0.06852013869446827,-0.58060667867597,0.5836625986092617,0.7184221897570793,0.1053539244205377,0.8790080338924908,-0.0240907033469841,stable
2.3684639994491814,3.1446458125327803,5.6425903276543306,5.545739636962343,-0.6354989480857638,0.5276948237615131,1.0227080025639914,1.9192678817080604,0.1328269215099201,0.7951938475561926,0.4153580164033239,0.2113829398698744,-0.016020209185199974,stable
4.1014295577981175,3.8579290049056114,5.049421457237084,7.538133031099568,0.5715421270391503,1.1180862118685848,1.4793079430687364,-0.7566076809900615,0.3817130270964643,0.39480050767878744,0.5435754374452533,0.8584836554741327,-0.009525580510872243,stable
3.693957468324922,0.780225255407708,7.397855060770567,7.954535226247656,-0.2497304947693224,0.7160748507215406,0.733295044680653,1.8246489599018942,0.5111363340188432,0.7924475260393831,0.2261585428537779,0.49181531057567174,-0.010541356040561249,stable
9.440451211299392,3.081792824487821,4.266720253615539,8.837904904288637,-1.312097153648041,-1.2931473521482122,0.702854552782338,1.9580867601560863,0.5546509253066609,0.5159999596963504,0.35881354917718405,0.8761504182416701,0.0025390987221191527,unstable
6.247749933398891,6.09362776308371,9.006675124698186,2.8321319539080605,0.23481394749530127,1.3116444566189056,0.3059469148490743,0.5592927594652921,0.2637201720287254,0.626522927645366,0.2520473427583297,0.7263766958550134,0.0011071262462849455,unstable
8.763326874066351,5.433487167316501,8.778981448081892,5.585048600270467,-1.675271538242622,1.2071603158749062,1.5464016180588316,-0.9796271456752832,0.8242385644843505,0.6773160754713454,0.15335227934928714,0.284110073867342,0.01170702525847641,unstable
1.4368790809096827,1.6696600570215117,1.8047009270675072,7.619580845211896,1.0586414040163903,1.4964887661802653,1.238364921121165,1.5376679001951499,0.3514470513160974,0.8772602848454027,0.9254373559169063,0.7166419280790222,-0.03302688082526065,stable
0.8717543251813191,3.780038906102305,3.741909793630669,2.5197146812348103,-1.2466680846665157,0.31726963667079744,-1.245218871388273,-0.7321524945212219,0.09657146487878693,0.6952352150094828,0.2409617352316844,0.23975642592281005,-0.02907907993984106,stable
8.420444120608737,5.737698077403111,3.0542919645151803,9.192294767194882,0.44266400633477065,0.12852330603126694,1.8249443687574756,1.7933190699162989,0.9513069773552836,0.8301165494338861,0.8077108558378454,0.7466221011431935,-0.0006669600945462713,stable
4.654590874572643,5.490578309238681,3.9270781582812693,3.3096410283742177,-0.5753080729329891,-1.1158568376040403,-0.6628015298620928,-1.0714907725435836,0.9503618633396982,0.830914570723023,0.508187298544,0.3855271104721274,-0.01992023328922722,stable
5.7313584959513095,1.8042115502084708,7.765082458297342,1.569038361207035,0.33522296332989265,1.0411484719559185,-1.6766802786448203,0.9578056419944976,0.2900663728546501,0.7100441277121005,0.4678528540009924,0.7313534233624238,-0.01882235672549044,stable
3.090792949600474,8.393617732347217,2.2552110819296094,8.088251061686643,-0.5887153012957014,0.10764264610898078,0.9696416251004369,-0.19922887691677005,0.6046268976278909,0.8884604042599339,0.590391589188608,0.15258972873867344,-0.0066106610351656745,stable
4.615542329457605,8.641675574401198,1.060863080206394,2.8972081225243653,-0.993805836210869,1.3017613038917397,-0.08943603732696914,-1.0355147484039366,0.38283616156274325,0.32122257405141796,0.35570353565060836,0.6287467524066473,-0.015404322351883182,stable
1.7606417540300745,8.654145380355441,5.69501438404877,2.8808463414136747,-1.769292354310855,-1.5057348471949736,-1.1004982273276247,1.231343421263844,0.6067663953386645,0.7049020301907677,0.30030189620972403,0.7641727152304596,-0.014404095535228171,stable
9.920494532287607,6.567904376768464,7.964952144293759,8.667375493877104,-0.9462975239907432,-0.4238087161110129,0.4555682152190479,-0.2291749855965466,0.15454885677629035,0.39230565685574353,0.6879455675404919,0.6869818307889225,0.023192906808260097,unstable
5.72168202126454,7.747122240453937,1.4674640813947255,7.967081062915192,-1.408840347653383,-1.3055160215833483,1.2242823497829618,0.8699542932721505,0.7007588801426452,0.6738474515974909,0.2343244859823112,0.6880683415943015,-0.004226622281512762,stable
1.4387721742966262,8.006425030963282,8.432570264073814,1.271335729564437,-0.05314908802737728,-1.2783674184297467,-0.019000077326302378,-0.8877814228253946,0.9395360041915745,0.6137955450885592,0.7415459360087615,0.5657275282025059,-0.01643026707021161,stable
8.58998457010329,5.227451445236672,2.0275669531574114,2.432322557480693,-1.9453528018491952,1.1348797621565287,0.36679768534431734,1.4526692812081952,0.7249203639754441,0.13114988040676756,0.9141995559885046,0.747478680948457,-0.01689542859165071,stable
4.585756286616879,2.0680247467476045,1.1131026200259764,4.288497263423275,-0.10112930396590514,0.7527401853114237,-0.21637495711338506,1.0396841042297358,0.36203654737746616,0.7277760279235956,0.327030091970677,0.6179153182502894,-0.030035337635575803,stable
6.5343742033386265,4.219674707268836,5.894381165936224,4.530954736904529,0.790236360590209,-0.6793693493527186,1.9889651664493364,1.0510706525162767,0.159768533935776,0.5129365599701726,0.37282388736891503,0.6064800491848971,-0.005311583118678267,stable
1.9938889197500451,6.98005762681978,7.574753432743062,8.423848596692666,1.7889845218673064,1.6856743885228944,-1.3915577660454552,0.21814836371297552,0.1286794445784267,0.17024391977883818,0.5679577864656696,0.6821564541235313,0.004686183415281547,unstable
4.258090959764223,7.533228003773004,0.5141474755595847,8.800335836320142,-1.7605948211702067,-1.5181544475503768,-0.9800094830237351,-0.35972112343809703,0.9647547339359018,0.9399427047792372,0.6116506028237055,0.5966052857110331,-0.012800260947707,stable
5.230876124851421,1.5588010877119527,3.4927795682024927,9.975668475754293,-1.5739310469516514,-0.8319993915164949,0.2581474714334351,-0.7382640677968118,0.21640957865976945,0.48155568847710717,0.5125840816973455,0.8769672235770961,-0.009792269720756195,stable
5.223899667606677,1.6053377813192309,1.757113763275036,2.1583609638356682,0.15012756768423108,0.39427239364035316,-0.15086758392206878,-1.7962422239167442,0.511843338603307,0.5861552615889323,0.0837556332442062,0.32538631647224325,-0.030673922309451918,stable
8.287682897652779,3.686751952843284,5.655499697160105,0.8816257402489291,-1.6661912193778017,1.8962096064413214,1.0573733699565047,1.0427918993860255,0.9074545461177191,0.3559513873062259,0.32942161211270626,0.7246127380145624,-0.015308300697993323,stable
5.209999674225893,9.837599257894716,7.867279712381949,5.715869815045866,-0.12168996831679557,0.6036533195333931,-0.264474828713555,1.8627214474995473,0.7782366628116858,0.5424725992621862,0.22517877071548176,0.883193476567634,0.009431463602086127,unstable
3.3737479450789585,1.8316149281163834,5.91957821063191,2.1943096962196558,1.9158870118101756,-0.13746280400975452,1.0895588154294886,-0.8590380494565393,0.9489807152994679,0.1000329918838318,0.6561412351021507,0.3539987245833879,-0.026997641384226927,stable
3.0436736897463654,0.9154416818760824,2.977669808873986,5.333759805168964,-0.10746805187460229,-1.377034213874678,-0.0399519289896455,-0.9015452619034345,0.20547355707853393,0.951136655904736,0.3853863212180354,0.7674703741806937,-0.0308709720777465,stable
3.42316763708126,2.4220430722367476,2.843535904180924,3.6276400370364357,-0.24597191019434517,1.5085470870036874,-1.5777326956900062,-0.6037484514164255,0.3644703743961137,0.5690049279001945,0.5287682057474024,0.3485349849598502,-0.02826292583867939,stable
4.987175439211833,7.58204325291158,6.7203890240340405,7.923270869976016,-0.959491456147239,-1.807206582516292,1.254299166498067,-0.8434371638906546,0.18816809970925913,0.4494923444651621,0.41639348930194603,0.8201707675288565,0.008661072960307556,unstable
3.0108002691330373,9.451289167090005,8.431165462584982,1.171332248220159,1.9852916884032972,-1.4566275704954448,-1.3840652470341133,1.0664084705427568,0.9828993431537038,0.5174506537420202,0.5662815021932905,0.41765051538847836,-0.007259942204817002,stable
0.7939916530106461,0.8289623800608802,5.808272496324312,4.148410025172286,-1.5387570968272803,1.6859376754773385,-1.7862230916646893,-1.1840394575978124,0.47197405946429755,0.21790549031153217,0.7910965354489653,0.9476948752514099,-0.03319426341596072,stable
2.392743314128665,1.2238650344298967,6.662032126704255,6.197968349069315,1.065358566211554,-0.1828049469649664,1.1910913753663523,1.9281440063947586,0.2410124871616477,0.3899299728795122,0.5661821694379162,0.32121530158339334,-0.01640017759448202,stable
5.99247966234082,7.677249097579563,4.727586959678242,7.038685090604281,1.9130635768351651,0.22129923881594937,-0.20441673712304675,1.2499666748890421,0.7891881765489352,0.1711525372536336,0.4188873541162983,0.8060392605290381,0.0026636653832677413,unstable
3.0700681635247715,4.630635768586451,6.494412601242724,4.35391565264732,-0.9647798179972567,-1.8028490644328747,0.05075689310753351,-0.049083626500912914,0.1567594366766631,0.3355255797939123,0.07909288609909247,0.18331697425929833,-0.0074008939191416686,stable
3.6523794226177864,1.907313360624289,9.69172307667778,9.272477774661152,0.8544165002641995,-0.5623483596617942,-1.7206296939402215,-0.2853824236565159,0.9708926816810294,0.7809982646811513,0.36831132846386394,0.5466170027961837,-0.00202436230165862,stable
2.9564886530862213,8.266223066164088,8.161249595331935,8.649174479926558,0.7081386926578421,1.033029475119751,-0.7546689839285241,-0.7013807095491806,0.6206233258313657,0.9044454785269965,0.5870671586488905,0.43193703436114916,0.0073624744994299895,unstable
1.4193472108129692,1.6171359836322114,0.5771197527937528,9.686500612336951,-1.7275357524737127,-0.46696342919703904,0.6149396360346224,1.3440888317451938,0.3879335197231692,0.21127196560606837,0.737706050224517,0.8493192968929979,-0.027680895263294054,stable
2.213735828600711,4.851849607144492,5.569716919959904,2.403603905908218,-1.535577862196805,0.7256804794872429,0.9140199160798801,-1.9110654171917552,0.19682638841212052,0.7353322527204408,0.9336157085562498,0.1474384482876827,-0.02246879833584916,stable
2.9175668997464133,2.6775294535174408,5.3564945743297185,0.8417057632379207,-1.8903841046100198,-0.910657467946149,-1.1953241526607807,-1.5429954368877978,0.9146870803965013,0.8976418770371203,0.07752269927921765,0.2520406815163614,-0.031226219964067277,stable
8.473824901747383,8.607775013336939,1.3128780015314847,5.154708240715758,-1.0212426339909357,1.7470564149324583,0.32520420262331395,-1.3889699404090652,0.9631021711359552,0.17083931579647121,0.9204110351017081,0.5882323367810707,-0.004339958900747128,stable
2.601644333260225,4.715538117767125,8.329884189764513,3.7485585651216984,0.6973883118421855,-1.1592597371891467,0.81755249706075,-0.6532608562020008,0.40588502293400675,0.8384854252305812,0.3994279468764227,0.667408765088178,-0.013066972785862045,stable
8.369779279359825,9.45804442904749,4.581158939566324,7.202492770131448,1.7859118554451907,0.6975539433824292,-0.9275533676823575,0.5113362930018894,0.652480475383206,0.27425904012443614,0.10658664474893945,0.9129432743619069,0.014297341372170274,unstable
7.5613462779917775,6.901233078091865,7.145779364777019,3.687414861636719,-1.8726154059354174,-0.4707511139975278,-0.655306161085194,1.567034359508936,0.6658277230215917,0.06830301203269327,0.8509675961217035,0.07850848319787045,0.004921399884374147,unstable
9.755797926871058,1.7901703759468417,2.9674987024611075,1.9684066246463345,-0.33817147589332075,-1.8213875178629086,-0.30403193277308116,0.9114718119747409,0.11723060464328465,0.8502182928778232,0.09110423619405841,0.8565869574906337,-0.018371016381215653,stable
7.6591063701677635,5.072570845648866,9.50470807170887,7.590853330531854,1.1331057720080753,-0.3368649568175055,1.2159543966333537,1.7210686589889042,0.9712595954893806,0.3718575699081099,0.055074510119358606,0.21689094968396344,0.01649268341913932,unstable
1.5935740136550989,8.427527187646897,3.6835715706311354,6.195789035513122,-0.4874150324911217,-0.716605081928932,-1.5422123527010645,-0.1452114605889343,0.31835900302279296,0.7652019870903293,0.7427435467430135,0.9893531338249981,-0.014327133834790043,stable
9.430406154920886,1.8292404273611609,6.890381922705915,5.629449570741511,0.15585759676354405,1.9698054701991246,-1.8657123316673037,-0.7396930070083956,0.3454393285363553,0.19944331288564887,0.054959063464059675,0.9010089602624661,0.0019444418635810251,unstable
8.49989889965732,7.936789603709155,3.9011884949817803,6.1396753024266015,-1.0827710815701108,-0.944745767279505,1.5433726701937802,0.8987983808735076,0.8014507810592848,0.4014097027940077,0.684084388158675,0.7965389863913798,0.00277646145992041,unstable
4.714471715854567,9.98921678302293,1.5754217839393967,1.7594413845594652,1.3589221163739338,-0.04930336620330644,-1.6966705584478117,0.8898242448091471,0.5204649693686452,0.695896330828346,0.2683618725934167,0.2541445594250695,-0.013597959492636492,stable
4.6190949607168195,3.0404780895773946,0.739787552586463,9.820638401429717,-1.2687080894036278,-0.16404224452708327,1.0588251089078837,0.18560878398377234,0.747871156094683,0.5166565983885486,0.5816681720788813,0.38192274275901533,-0.01559059583582966,stable
0.7940656932683052,2.2374821975443853,8.859252470762359,5.562533919870647,-0.08492189241007475,-0.009451616093183013,-1.253233328473876,1.4514338877720427,0.8978550587412961,0.26152123530713256,0.7199444711757185,0.11294097442757545,-0.01632797299464437,stable
2.567594612901138,6.655359514727518,6.007644267798103,6.701467991917954,-1.1976996459322904,-1.3866511605903802,0.5557119823764376,-0.9336200378246158,0.5123660488420624,0.37578497622830104,0.6912111084357877,0.39390830548449335,-0.005036186226591447,stable
7.291418096163939,1.509877777746159,6.11677878225035,2.8638203171594303,0.48825982990411454,0.5162702482365455,1.3440019751525112,1.4648731411772684,0.6352477766484572,0.32743724180278305,0.3655145245909007,0.9277408106724818,-0.01682496433527342,stable
1.5500045943633745,8.02069925106031,1.833271094013056,5.1320738057523565,1.4045243472907938,1.6531709370937335,-1.9237475491113956,1.71466535096351,0.6747556241354965,0.9984731817564225,0.5103804417530443,0.975251697821014,-0.02445418286435714,stable
9.921576483005378,2.2087567665038303,3.4551812441541108,7.3210015669044175,-0.9866708253299064,0.729135375636039,0.851540469992512,-1.6978069043353852,0.6753214698125675,0.5573615065987725,0.38136523069113104,0.0620751780175603,-0.001114326774180819,stable
0.7059835003772175,5.930437426345772,7.40940034472582,7.89072141765966,-1.0645549552884597,0.93350389036824,-1.0137285215877383,0.6838326361156937,0.4329301612720299,0.41714232449866684,0.4183543364027732,0.6623086403992731,-0.004812320590092541,stable
9.9142478770616,0.763245013440724,4.164388668597059,4.776241561976725,1.2879844533990896,-0.7418516593959001,0.8021321133382564,1.0635517076092609,0.23900607260083018,0.7794981117762517,0.7831967393965402,0.8503618716743149,-0.014215006174549408,stable
3.3139719374279806,2.3345703512146794,5.100510848639939,5.633382889390945,-0.4269373322554779,-1.9912078043756778,-1.7235297749760958,-0.3832299053711212,0.8130418761245836,0.6275792791981911,0.4070132316472766,0.8085701568333135,-0.02232493265233297,stable
4.878219533293321,7.1103733526585255,2.551343763632227,7.302891668910101,1.798334810520546,0.8106942163841846,0.22981250228595052,-1.4381061326776243,0.6285198641752124,0.43409506397312614,0.9396241720570161,0.8146026631635417,-0.009477138020609045,stable
5.681978796962176,6.286166568493985,1.1326527336948233,3.889071073785147,-1.5453414353566903,-1.8644523406346716,-0.61833110647432,1.5149219598088957,0.13504912386961684,0.3208860956391753,0.6130847711166464,0.15995493754973442,-0.01367020170853554,stable
3.25075526791356,1.8423414836380325,5.4122824146322746,5.990188030898698,0.04416127564198691,1.9751206784840254,1.2990612307142366,0.013547604685361758,0.6145338770296346,0.32179476761273895,0.22816349006897418,0.5181662517151772,-0.017174373939426217,stable
2.594726917762004,2.30625916250553,8.10908039326307,9.971197230976806,1.6504701828045132,-1.337693643521134,0.838446052041661,-0.6026729334724625,0.5891997625094185,0.3483401782641283,0.05105894691934734,0.31088770656312986,0.0009557262899884088,unstable
0.9804073546554494,7.476556357303093,0.8549491527451525,4.530857017241831,1.266006269347916,-0.18246781827480563,-1.0597231985567848,-0.8069944613947517,0.787055605605585,0.6440524058478699,0.21174894996263655,0.5294881138909918,-0.02625480067167161,stable
8.322613542098342,9.988984634911656,1.8624528746565798,3.7976433067489173,1.825050320041694,-1.328820896281921,-1.2287071928978652,-1.7043919601732793,0.3835866225093134,0.6710406812718364,0.60089456163791,0.885149828075427,-0.002774122571433703,stable
9.736939024920494,3.003740517988673,8.957364826829766,9.081734201600241,1.9869292660545428,0.5871824780032475,-1.0789565001297046,1.5797704105576469,0.9529724070259588,0.7204788259572982,0.16716813199379932,0.41234307870233106,0.01568463420995099,unstable
1.6927960211540345,8.034010226365698,7.877420032986493,3.161668474117284,1.4431907068021195,-0.9563357823337886,1.5215550017182973,0.9314561933251735,0.6673207805539684,0.654186453404952,0.3700828344120537,0.5043013563794893,-0.009064720237193546,stable
8.668392966225717,1.0360578162898746,7.941752451457246,6.6631741487019305,0.6953574181974882,1.2609866276585948,1.724213209171475,1.9013682706955732,0.3110155475655668,0.275705290829984,0.7224799484188832,0.6866345059756794,0.0007942669927363498,unstable
7.345124747614702,4.978686456632786,9.000995084653066,5.170252222005461,-0.9165670749029338,-0.8937814496872001,-1.7604936662953845,0.6777649484826869,0.3757551200244543,0.44874225783733296,0.8714566107158207,0.875190534848477,0.0033819236601346,unstable
7.627140741178038,9.280940280867423,8.185492238160432,6.092008829162267,-1.4463089326730016,-1.0888350899863526,1.8310329418519267,1.1756266749746866,0.36400387792789435,0.6183587707824708,0.5327416427701197,0.8226151230875998,0.016275358150579983,unstable
4.184151873821408,6.176747221713285,3.4285835036137766,3.546281321223129,0.920402873132045,-0.07938456937481053,-0.20526986373423828,-1.9945713084850616,0.4333949237631849,0.9748333372849881,0.6986494476235227,0.748453077550497,-0.020937244130181974,stable
1.0469616451696613,3.8196113072896516,6.025591358349118,6.656687477277644,1.564381657257016,1.933676061839809,1.1673137972390286,-1.6830906123208482,0.24653567399696236,0.9365527588784169,0.5577229909809766,0.5907885261757563,-0.017785870279945375,stable
7.059019674274384,7.334310810459704,9.78645325608952,7.912836870129434,-1.7585486282626848,-0.4781264806970662,-0.036050001052823966,1.8228848649541467,0.32808914856637744,0.6030483284054773,0.2645376448343214,0.45825151559110056,0.021961918340396222,unstable
9.640201071682757,5.911524071044298,3.3238235815953985,1.2341574877931407,1.6926651721153334,1.055618402892894,-0.09651933086078879,-1.4470933857652621,0.39279252450129604,0.6273053759317909,0.07918333133177845,0.927313350300568,-0.009858707380038184,stable
6.758203343549678,5.296849089344613,5.982857992773627,9.676419787155028,1.5765152121573935,1.6966695110926326,1.9539657612044201,-0.31691371313854466,0.6215735949176187,0.6710788463795725,0.5482175729479715,0.6741768318282862,0.006710591301690131,unstable
2.7234969790208803,8.21934307913155,7.790836217929288,3.956873044140014,1.5275056955102988,0.11020606751942452,-1.432016782386321,1.7648577605969384,0.0598221343801737,0.07052048931111954,0.16168099791170892,0.26381203343094134,0.003947195025384608,unstable
5.598985008943511,7.907822072641591,6.3899037659027735,3.7947763494708813,0.32952733977040705,0.282384997618244,1.362965340352282,-0.8254187675045781,0.3060931666214142,0.6893632048949141,0.8377621246317751,0.7329796525258604,-0.003602272750972935,stable
1.6559138589847913,4.695396258291037,6.016894003386903,2.951172379358173,-0.3373768662587744,-1.2218639125968407,1.977480041608504,-0.6370365334331622,0.43686919972419286,0.6332913649229021,0.6505291112137273,0.817999227680505,-0.024395003267654373,stable
7.319846188421103,6.8552610093854245,4.40674611798968,9.64887181078783,-0.9065193736119266,-0.967609467808864,0.5915940327865261,-1.8795287389909503,0.15585826731216942,0.33316390101775184,0.5911436266929257,0.41153642776821453,0.013118301702504786,unstable
6.892209841943729,6.091474865307608,6.217179423048715,1.0803618974984461,0.8895785160409648,-0.5777943783611215,0.8287338650518241,-0.04197641386217166,0.33446044291735005,0.16943083265099163,0.7089795237927428,0.7201149941460385,-0.008961863898039378,stable
4.744542994011171,3.7092002749600534,2.5517615310262594,0.9071897612174351,1.8216622008502874,0.02122727206203745,-0.8212599105370493,-1.3085116066158489,0.3849030051646699,0.88743765527962,0.8850886768697203,0.5004442299196623,-0.03350763143313106,stable
0.5823126901763098,2.2104494981196487,2.686927444719902,5.453828069168189,0.42851493899840154,0.7388199124786676,1.878909566828932,-0.7434589453827556,0.8039375842515546,0.5776797648541424,0.8957422848506269,0.306775911584049,-0.035586883472241745,stable
1.0734776829879913,5.7568672921113615,1.4751287109883269,1.7624168038436074,-1.5647395088311624,1.0300052764310519,-1.240829689461156,1.1745277639799738,0.6232818244385505,0.3705568952192456,0.6964368749221235,0.774363463207257,-0.03715346906410767,stable
6.978788020507436,3.5749080057581577,6.729683954579271,9.382512101602064,-0.40894946148097633,0.9306821621028449,-1.7038244029901266,1.0617819025738635,0.6345930859267832,0.22017732615760133,0.5540092842387273,0.4532777249944555,0.007354443099529484,unstable
7.077926761615749,7.755034170318387,4.042878567539741,9.906186799611653,-1.0983390456695403,-1.9535899928851967,-1.007571886678011,0.352617171553562,0.8951508629626184,0.49885540941362555,0.3197152283412132,0.6814352462905595,0.009979282012673734,unstable
5.964488605379123,8.523509063898224,8.96157636487461,7.144143188816309,-0.9758097498695673,0.014837091157500204,1.4658826484662288,-0.8953240649433827,0.8670007145103762,0.23549714448562786,0.5974232104116505,0.4506402271135978,0.015731486574814397,unstable
2.663066616482415,6.768199746879045,1.5637312606911937,1.5581198543189623,1.3640853254854322,-1.2457186643205937,-0.195048549024754,1.862369937251383,0.9624649163644814,0.8979185708610418,0.6255734152727285,0.6975055133394352,-0.0345345183832594,stable
6.799750078181149,2.9859157150751185,0.7257936965794133,3.1932424183043375,-1.4868138465519207,-1.442239424523966,-1.108039276314147,-1.4461057953791605,0.33786892078076314,0.40881045325450727,0.21862477923935153,0.35849677289400056,-0.02235724986049306,stable
1.5022994148219024,5.1300449361715135,2.8923155479945777,4.852241245348229,-1.3842654085962764,1.5151882823707603,0.5712078016072,-0.7644200395234204,0.5960212392391372,0.7410877916868641,0.4437454630929569,0.9832553217927474,-0.027878296218217972,stable
6.462965461333993,9.38989733696329,3.829007561464366,9.936016786309132,-0.3136031972863149,-1.3631637123336744,-1.0099429895714263,1.1665843561183475,0.37101709493677554,0.20967386870071913,0.7735193597193606,0.4250003837469527,0.015148664329657911,unstable
5.937020125565358,4.591789399486369,6.915749437746794,0.6053280088068195,0.502430222176923,-0.3384550791813927,-0.060834395597343605,0.5129135687777957,0.8525349215837924,0.1798975964657793,0.8587352270034502,0.20506665591265744,-0.015356454575815052,stable
3.877189548602672,3.2502287224608595,3.014383634350583,0.647412090374794,-0.7451383590864205,0.0828136025266697,-1.195908881609844,1.1278916370955439,0.05945596390412718,0.7866859063982329,0.9520386526238356,0.42472621087243057,-0.03414149867952086,stable
2.582077395349964,8.030177249807778,9.100809473185691,9.981206769675284,0.23543433656936985,1.4586385843523022,-0.7992506074948671,-1.6987356922540067,0.841553065242783,0.8021222907513214,0.785844844960073,0.5472509772563166,0.009351821328994314,unstable
7.383535681616588,9.613608339044813,7.341310851403573,3.7141652953175885,-1.7459843988589059,0.5635036909657622,-1.212245678821907,0.14042779964068286,0.5094493218282139,0.6499115407130469,0.24422921142105936,0.8182773188314849,0.009022213454487381,unstable
2.219423572621663,5.9833061969352554,9.85752666398981,4.803135316035957,-1.682529029015324,0.8212110980384657,0.4705333530962048,-0.8945637559921575,0.475603577935566,0.3316407632143933,0.05831749880734851,0.09952511357782198,0.0023330446062810525,unstable
1.9948692516391768,6.311954464125044,9.683011189255783,8.56922013286596,-0.07926990332315009,-0.698100158332482,-1.108335026111733,-0.8724799057050294,0.5298015807449831,0.920293842663859,0.7825308497758693,0.22385852143549895,0.004115213621613855,unstable
6.511259131124437,6.018575941807891,8.192077309424146,1.6718496593296186,1.9994729833328972,-0.7316407302144743,1.9858348231205056,1.880101761363937,0.42160299128220535,0.3099820250141251,0.21256072159408007,0.5473779982202747,-0.0014732135763381874,stable
6.775933043269281,6.276646118543751,8.916065835068542,8.729854270295181,1.7246900174010764,-0.5760101555485337,1.5742077254113163,0.6281968666988202,0.7389897092609882,0.14267027270904706,0.64677635628544,0.22162978812438117,0.0179959175360426,unstable
1.46870643324796,7.860126079738712,3.697732480596209,7.186302562063652,-0.7230916035849262,-0.018581938036848378,-0.11257250984731515,1.8413143787644675,0.9105098371329045,0.22779520603443126,0.5604126747458636,0.824824382188267,-0.012085541611391006,stable
2.9917389168382815,4.543550943504719,4.331543558728351,8.92961509775707,-0.7466976854023262,-1.265391544273084,1.2427876755205434,0.66013863699109,0.7817430618619007,0.30347041901656335,0.9207764812800335,0.5250652705283451,-0.01066415487136317,stable
1.4366623238099105,5.360750163361834,8.23387566294458,8.329262767899667,0.617470520977617,1.1433708902795794,0.10989820305980436,-0.1871426685679305,0.4322224726370691,0.39978534185540565,0.8103402784360906,0.3196487544860202,-0.001408606942032948,stable
9.181398892625142,1.6441364049463276,4.972205660076186,1.7088994856066455,1.4619621572323078,0.9898601624381431,1.0634973607900928,-1.5605705125433316,0.9615351213424089,0.3970238017457359,0.5568295168864501,0.8130463816840096,-0.019875573000157274,stable
0.5796718934947788,5.370730716405084,4.262647414783499,3.227123260866162,1.2263674432874656,0.3056655684982008,1.7858469253421543,-1.1669769888947723,0.23212563826008442,0.7951687875218838,0.8073232711745515,0.2462857236237489,-0.02680408388902754,stable
3.834609988342252,8.62229280955937,1.3301759161086675,7.30897334208687,-1.7552309539965236,0.723968574401991,0.5538892619426998,-1.1125590897938107,0.9270303623313152,0.48838186263339056,0.22922820378267017,0.6069189072022424,-0.008517666539505192,stable
1.9897995705975537,1.3062335026722605,3.4747932558926173,6.596824512059006,-1.350916088041969,-0.6637581716526015,1.7293228426938656,-1.2979311171123933,0.7615281117041793,0.5948046670794297,0.12531477235752156,0.2237002218849068,-0.025107611762076598,stable
4.936451331650725,9.121441394012662,2.7837350275732016,6.03172478310052,0.7513898832794079,0.6285381425358727,-1.313231723727883,1.7833953453951756,0.693468411082776,0.42063833545823404,0.42362885224005775,0.1802976758954975,-0.001406785032540053,stable
9.11495489519834,1.8150813022736516,4.202363127021954,1.2719997652765755,0.060034133237277576,1.5488219671111239,1.1146058782368513,0.3497125629991995,0.7656656400216527,0.056669749182144374,0.2655835205779355,0.5989808273101138,-0.01742350096103293,stable
7.220075575007826,4.8136813073021765,7.174355265307722,6.694892346825395,-0.07185249000682559,-1.2498581889592146,-0.5105288761321982,-0.2006045862888053,0.5518413384511937,0.27791464936534543,0.9821819096572063,0.3725100948603946,0.0038352712744370854,unstable
3.921650668820672,5.985258278857411,7.866584114292464,4.4231368822648,-0.7984890688127484,0.6438759836731238,0.721688812736343,1.8671340422377174,0.27785251729572596,0.29768846749817357,0.6246920617922228,0.9643999139221736,-0.005331589941953117,stable
2.2732101066438064,9.804926446834884,4.906369905743101,2.183894141451785,0.1605063923494332,1.427620373727705,-0.4943490059455491,0.29496760328029437,0.44636919767604344,0.5971196301094981,0.94897139139502,0.06611394547209858,-0.012371869321579368,stable
7.197615270908186,6.960018559991818,2.2054928649723973,8.518571497470681,-0.1904207000248701,1.8962461483254214,-1.326037702736969,-1.3014567041342007,0.6527125172728312,0.7867710490253561,0.13764412916455426,0.14145938459695223,0.0036113100830592413,unstable
5.648200793382578,6.150897960538163,1.738759573694829,2.018684710313323,1.7229319333246744,1.2504643996466238,1.682321468925407,0.9038616349955229,0.7352191818738466,0.3109275513049359,0.44661989246080974,0.31385185081883793,-0.020141734787469917,stable
7.3427547116569185,6.577957294389255,2.1113373545736396,9.676129129036658,1.6507149048775434,1.5965034424872369,-1.5461142733792,0.34759235498089325,0.9396625387942248,0.7778738409260592,0.6210567954408769,0.7922904348767125,-0.0013839718260481963,stable
0.9261252177859586,3.948372524935934,1.5486466034197404,8.13152731515422,0.9329029770849857,-0.2281457128182871,1.3313615493547402,1.8741449863047124,0.8617870154094547,0.8304268411426626,0.08963946350336408,0.8666476086543974,-0.026855825490309765,stable
2.1448359295229142,9.706321618122146,8.656012987315142,7.055291598198162,-1.9662284164537827,-1.167147473186616,-1.7127667520595589,-0.6284259770670118,0.570982776352665,0.674331447416447,0.5989559077044552,0.8565605905845985,0.0054020017226050696,unstable
3.5387963659594552,9.48324500957657,3.2896668523917945,8.536962615552904,-0.23211955825902653,-0.8549463778314612,1.9824743065950172,0.5181805955679599,0.11616105786433183,0.322901350087196,0.17259929209420738,0.48576487009442604,0.0066345442580010095,unstable
4.932098619529583,3.1570708310442037,5.290909168456035,4.605978005548048,1.999095287263955,-1.2400775364576502,-0.19785326014517501,0.9583799603149328,0.21453410759165148,0.41008990140676177,0.20011484122431966,0.1927007522227539,-0.010122056450782763,stable
5.909737193107422,1.0360434425923317,1.5810456562416346,7.0184846150116345,0.09411366062465643,-1.5631428487612444,0.1492316188395817,0.9093056301266684,0.927543138653778,0.12158521376347557,0.3750888886528815,0.1542194691238925,-0.01902890628358758,stable
5.839892950080937,2.565709327037952,8.76354162788459,7.617549373076489,1.0902381402744208,0.24375398031892814,1.4059498425937318,0.9399389995627292,0.5198864680535579,0.2908476220022493,0.28892499115834336,0.19844364188581443,0.005476219579700094,unstable
5.657698788329586,0.9869600642710545,0.7426239175848407,4.753345094185121,-0.9397732950435462,0.8597921480224011,-0.056766456481545546,-0.9074705020258138,0.172723210484227,0.4908185724300959,0.620446383292982,0.8908812060181042,-0.030522777200200538,stable
5.878105240083706,8.676030690901822,1.7614886168098545,6.7788247493001625,0.5626483982100541,-0.7094747606343534,-1.5125060437653755,-0.4059822083098972,0.35853848087450446,0.5234744168159823,0.8417036025910951,0.3668938497387477,-0.0027169285073627963,stable
4.466018419713537,3.88707722869263,3.651048409853075,6.472321552723594,-0.9709078352510443,1.1974707188182907,0.1847458757454472,1.8285024977021482,0.11821007095260845,0.14376880992266478,0.7486069777342506,0.5050757149213482,-0.01138714384019727,stable
3.148722063609886,9.017799569709975,8.207351192996095,5.103158506663729,-1.331125454245774,-0.1631585508180713,1.7061402368816152,-0.6185696431499474,0.7164504898663852,0.158687894475262,0.054847950529319324,0.08562023128602327,0.008614545501664255,unstable
5.422230638372242,5.26562555459917,3.479594143251001,1.0677926678156429,-0.36275842244718426,0.4780333394702394,0.007019864524975272,-1.7277017554227472,0.4792780820927756,0.8109175845586635,0.7412044828413815,0.9152033066964221,-0.026644909770851072,stable
1.6576748761154407,1.073716146217718,3.2171130885254455,7.35222599660816,1.1205052684618848,0.6533877760627713,-1.7436370266070962,-1.1253472847211774,0.38690470308694325,0.43122888784608443,0.44747804815195585,0.9088732941871345,-0.02762059939769368,stable
7.6180780128054,8.814327846371576,1.3403713393842949,2.0430745213653014,1.1415009063811175,1.2927760251685934,0.08328307273659519,0.5204461743554369,0.78965822229442,0.05461078834712629,0.6731844900810267,0.4046537037053648,-0.010070906722323268,stable
9.552889376299602,2.608610634302727,3.9410415383230126,5.111037349098107,1.2096561563147472,0.47962800655672266,0.41376243856555694,0.9120263377727733,0.9351013798887277,0.3928973067737044,0.16205144960713344,0.5552184280635973,-0.007192395576607193,stable
1.0139166307754066,7.35898124271984,7.0838212733782,5.187886670516889,0.17676350706942,0.9904772231187233,1.2552788358646492,-0.3252598652556373,0.591833729655694,0.2238716479888309,0.09599193813201472,0.363631124499635,-0.004765127657905038,stable
7.9321078405566725,0.8247401062143538,8.316760431214195,3.1221723375909956,0.16989249646873672,-1.1771810427367013,0.4358238167162414,-1.9642747499760298,0.1891981867837073,0.2247113228640747,0.37932922043933914,0.3468790040248203,-0.005211136881619161,stable
2.6264124660957466,0.7144725196296611,7.964159003162078,1.270467465424543,1.1438863694625265,-0.283853687168266,1.735746592722708,0.10365298477646867,0.4163786345281342,0.27612131613026114,0.17451915730546513,0.2026238815283925,-0.023909436311681194,stable
3.695907871876515,3.747757549084193,7.666918926517878,9.556171725064477,-0.2589350723881285,-0.5625463167110287,-1.232622670739457,-1.924900237566752,0.9731465152975886,0.405884486878147,0.3334591457779299,0.5745994989253022,0.00023144194696281956,unstable
0.8186126680304102,5.687433298629591,0.7963786321756818,6.899124560031945,-0.15956730401817154,1.0009633225364585,1.0000733764271716,-1.9388761588863108,0.7758421931594461,0.49452904478761095,0.15085777020992192,0.4809206296097152,-0.024006875291664398,stable
9.706315070731726,8.292984095427634,7.205494102504861,7.746903747992443,0.9376538302523856,0.9331372150106532,1.5270770183606688,1.0528798225833889,0.940114241149171,0.7605290412793455,0.3002819174664669,0.17676580580461837,0.021490787513143657,unstable
5.839908251229852,9.580160845551372,4.520582866787345,3.1095762289921405,-1.2579200543626121,-0.040639436882102586,-1.101237597814034,0.4032719331793757,0.12743878282207766,0.7255462892114117,0.4548723932147668,0.8908790778487197,-0.0033681122340831083,stable
1.2750236063196827,0.9789320248292939,2.800826560405037,2.188761345264153,1.7424384092680216,-1.560920931094783,1.338572982806054,-1.7858749072062374,0.6310496572880808,0.7608948697719974,0.7301152797091452,0.2134173442050541,-0.04356852691282598,stable
3.5547785282313242,2.319903620632685,9.137921621031259,6.524950208762478,-1.9122537795033838,-1.6129877475452585,0.5990750645099059,0.42590475252323845,0.3360296433903423,0.5883636389650937,0.15166095966931925,0.4529195823466682,-0.003800984175212751,stable
